open,high,low,close,volume,timestamp
875.0,877.780029296875,826.030029296875,832.3452758789062,3832174,2024-08-08 13:30:00+00:00
832.1900024414062,838.1400146484375,825.239990234375,831.8499755859375,987201,2024-08-08 14:30:00+00:00
832.260009765625,837.0,827.5,832.0449829101562,507940,2024-08-08 15:30:00+00:00
832.7999877929688,838.760009765625,831.3400268554688,836.9199829101562,404797,2024-08-08 16:30:00+00:00
837.0,845.989990234375,834.130126953125,845.6799926757812,582067,2024-08-08 17:30:00+00:00
845.7000122070312,850.0299072265625,842.4700927734375,845.510009765625,966867,2024-08-08 18:30:00+00:00
845.6400146484375,848.030029296875,841.2100219726562,844.9500122070312,938925,2024-08-08 19:30:00+00:00
860.0,902.989990234375,860.0,902.0449829101562,2821008,2024-08-09 13:30:00+00:00
902.6400146484375,908.489990234375,892.4000244140625,893.6900024414062,1345049,2024-08-09 14:30:00+00:00
893.5576171875,899.7999877929688,892.0,895.5599975585938,413465,2024-08-09 15:30:00+00:00
895.6699829101562,897.469970703125,888.47998046875,892.4400024414062,353866,2024-08-09 16:30:00+00:00
893.010009765625,895.780029296875,891.010009765625,891.9879150390625,266774,2024-08-09 17:30:00+00:00
891.9600219726562,894.0,887.4000244140625,887.719970703125,356245,2024-08-09 18:30:00+00:00
887.9199829101562,893.3300170898438,887.8699951171875,892.0999755859375,569377,2024-08-09 19:30:00+00:00
904.719970703125,904.719970703125,885.3099975585938,888.510009765625,1407151,2024-08-12 13:30:00+00:00
889.0,895.969970703125,883.0,887.5,548527,2024-08-12 14:30:00+00:00
887.2100219726562,893.030029296875,885.7899780273438,886.4500122070312,410005,2024-08-12 15:30:00+00:00
886.5491943359375,894.639892578125,886.5,892.3900146484375,335708,2024-08-12 16:30:00+00:00
892.5,893.2000122070312,887.193603515625,889.9998779296875,238177,2024-08-12 17:30:00+00:00
889.5,890.9400024414062,886.2899780273438,887.1199951171875,310609,2024-08-12 18:30:00+00:00
887.3699951171875,888.0139770507812,883.3400268554688,884.739990234375,458464,2024-08-12 19:30:00+00:00
894.0800170898438,914.6942749023438,890.3300170898438,906.8200073242188,1141418,2024-08-13 13:30:00+00:00
906.3499755859375,907.4699096679688,898.7000122070312,904.3699951171875,498623,2024-08-13 14:30:00+00:00
903.0300903320312,907.9099731445312,903.0300903320312,907.3853759765625,296822,2024-08-13 15:30:00+00:00
907.2949829101562,909.4299926757812,905.255126953125,907.25,280641,2024-08-13 16:30:00+00:00
907.7999877929688,908.2949829101562,904.3400268554688,905.1500244140625,213380,2024-08-13 17:30:00+00:00
905.2623901367188,907.489990234375,904.5399780273438,907.02001953125,231557,2024-08-13 18:30:00+00:00
907.02001953125,909.2899780273438,905.469970703125,907.4401245117188,332985,2024-08-13 19:30:00+00:00
910.0,930.4299926757812,903.7899780273438,929.489990234375,901099,2024-08-14 13:30:00+00:00
928.7734985351562,934.3800048828125,925.8200073242188,926.375,465334,2024-08-14 14:30:00+00:00
927.0,930.1649780273438,924.5001220703125,925.010009765625,270382,2024-08-14 15:30:00+00:00
925.760009765625,928.1599731445312,924.0,928.0,240415,2024-08-14 16:30:00+00:00
927.780029296875,931.1199951171875,926.7901000976562,929.469970703125,301205,2024-08-14 17:30:00+00:00
929.739990234375,930.889892578125,928.0,930.1146850585938,297436,2024-08-14 18:30:00+00:00
930.1799926757812,932.3200073242188,928.6547241210938,930.0,404430,2024-08-14 19:30:00+00:00
932.2100219726562,933.5650024414062,920.0,930.8200073242188,967647,2024-08-15 13:30:00+00:00
930.0999755859375,935.7000122070312,924.0,927.1849975585938,415835,2024-08-15 14:30:00+00:00
927.8400268554688,929.655029296875,925.4000244140625,925.6500244140625,239731,2024-08-15 15:30:00+00:00
925.6400146484375,926.0999755859375,922.4299926757812,924.6923217773438,209355,2024-08-15 16:30:00+00:00
924.6599731445312,929.5399169921875,923.5,926.7150268554688,201571,2024-08-15 17:30:00+00:00
926.7100219726562,930.4500122070312,926.4400024414062,927.5,208563,2024-08-15 18:30:00+00:00
927.3300170898438,931.1900024414062,925.5599975585938,928.0399780273438,390916,2024-08-15 19:30:00+00:00
928.3900146484375,936.296875,923.875,931.5900268554688,677850,2024-08-16 13:30:00+00:00
931.0800170898438,931.14501953125,924.010009765625,927.1900024414062,226668,2024-08-16 14:30:00+00:00
926.5399780273438,928.989990234375,925.1890258789062,927.9000244140625,135326,2024-08-16 15:30:00+00:00
928.1500244140625,930.8499755859375,925.5391845703125,929.5095825195312,126313,2024-08-16 16:30:00+00:00
929.7999877929688,930.7998046875,926.75,927.98876953125,102461,2024-08-16 17:30:00+00:00
927.1900024414062,927.97998046875,923.1099853515625,923.4663696289062,190438,2024-08-16 18:30:00+00:00
923.4417724609375,925.1900024414062,919.3900146484375,921.5499877929688,299933,2024-08-16 19:30:00+00:00
922.1199951171875,926.0,916.5001220703125,919.1400756835938,595797,2024-08-19 13:30:00+00:00
920.0,922.8900146484375,917.5599975585938,920.0900268554688,191782,2024-08-19 14:30:00+00:00
919.530029296875,921.3800048828125,919.0,920.89501953125,134797,2024-08-19 15:30:00+00:00
920.9949951171875,921.5623168945312,919.9000244140625,920.7899780273438,114482,2024-08-19 16:30:00+00:00
920.7999877929688,921.2000122070312,918.2600708007812,919.4199829101562,159190,2024-08-19 17:30:00+00:00
919.3499755859375,920.614990234375,919.1799926757812,919.7100219726562,145701,2024-08-19 18:30:00+00:00
919.8499755859375,922.2550048828125,917.7000122070312,921.4000244140625,372659,2024-08-19 19:30:00+00:00
932.0999755859375,967.0,930.510009765625,956.7100219726562,2277843,2024-08-20 13:30:00+00:00
956.47998046875,959.9299926757812,945.530029296875,946.989990234375,673688,2024-08-20 14:30:00+00:00
947.7399291992188,949.5999755859375,943.47998046875,946.5700073242188,313748,2024-08-20 15:30:00+00:00
946.1500244140625,946.9998779296875,940.0,941.77001953125,252930,2024-08-20 16:30:00+00:00
941.7999877929688,947.5,940.0,946.3499755859375,287303,2024-08-20 17:30:00+00:00
946.0501098632812,949.1199951171875,946.0501098632812,947.5999755859375,266636,2024-08-20 18:30:00+00:00
947.2899780273438,951.5999755859375,946.8099975585938,949.969970703125,414456,2024-08-20 19:30:00+00:00
955.614990234375,955.614990234375,939.1699829101562,942.5700073242188,1003789,2024-08-21 13:30:00+00:00
942.260009765625,947.0,941.02001953125,945.7833251953125,234752,2024-08-21 14:30:00+00:00
946.1199951171875,948.97802734375,943.510009765625,948.469970703125,191097,2024-08-21 15:30:00+00:00
948.3350219726562,953.4099731445312,947.6201171875,952.77001953125,172683,2024-08-21 16:30:00+00:00
952.5449829101562,955.5900268554688,951.8900146484375,955.3272094726562,147149,2024-08-21 17:30:00+00:00
955.4000244140625,956.5,950.090087890625,951.3400268554688,168637,2024-08-21 18:30:00+00:00
951.2750244140625,952.9099731445312,949.0,951.22998046875,208036,2024-08-21 19:30:00+00:00
951.97998046875,972.530029296875,948.135009765625,963.02001953125,1141929,2024-08-22 13:30:00+00:00
962.114990234375,963.4000244140625,954.010009765625,959.5599975585938,253182,2024-08-22 14:30:00+00:00
959.356201171875,963.719970703125,955.60009765625,963.0,222990,2024-08-22 15:30:00+00:00
962.6799926757812,963.219970703125,954.4500732421875,956.1799926757812,166481,2024-08-22 16:30:00+00:00
955.0,955.530029296875,949.02001953125,953.0800170898438,212160,2024-08-22 17:30:00+00:00
952.9099731445312,954.4299926757812,951.9500122070312,953.2000122070312,191015,2024-08-22 18:30:00+00:00
953.239990234375,955.5499877929688,951.2999877929688,955.3400268554688,373766,2024-08-22 19:30:00+00:00
955.4400024414062,960.5,945.530029296875,951.8300170898438,463738,2024-08-23 13:30:00+00:00
951.875,952.4400024414062,944.0900268554688,947.8997192382812,228352,2024-08-23 14:30:00+00:00
948.0,948.6300048828125,943.1099853515625,944.219970703125,170817,2024-08-23 15:30:00+00:00
944.8200073242188,947.3599853515625,943.4099731445312,947.1900024414062,108984,2024-08-23 16:30:00+00:00
947.5499877929688,949.1900024414062,946.7249755859375,947.1699829101562,101475,2024-08-23 17:30:00+00:00
946.6300048828125,950.219970703125,946.3701171875,950.219970703125,147580,2024-08-23 18:30:00+00:00
950.1199951171875,952.8800048828125,948.5499877929688,951.5599975585938,310917,2024-08-23 19:30:00+00:00
949.2000122070312,951.5800170898438,942.77001953125,950.0,420932,2024-08-26 13:30:00+00:00
949.969970703125,954.9298706054688,947.3201293945312,950.098876953125,214143,2024-08-26 14:30:00+00:00
949.9600219726562,955.0,948.5700073242188,954.4299926757812,149747,2024-08-26 15:30:00+00:00
954.8800048828125,954.989990234375,952.1099853515625,952.6400146484375,81446,2024-08-26 16:30:00+00:00
952.5700073242188,953.3900146484375,950.0800170898438,950.9299926757812,96990,2024-08-26 17:30:00+00:00
950.9099731445312,952.9398803710938,950.2501220703125,951.02001953125,113449,2024-08-26 18:30:00+00:00
950.8300170898438,952.6599731445312,949.5,950.489990234375,298167,2024-08-26 19:30:00+00:00
952.5,971.3200073242188,949.9500122070312,963.7999877929688,1162285,2024-08-27 13:30:00+00:00
963.7999877929688,965.469970703125,958.9099731445312,959.25,248047,2024-08-27 14:30:00+00:00
959.719970703125,959.719970703125,955.6300048828125,955.9649047851562,224025,2024-08-27 15:30:00+00:00
955.3499755859375,958.2098999023438,951.489990234375,955.9500122070312,196557,2024-08-27 16:30:00+00:00
955.7899780273438,956.3800048828125,953.5599975585938,953.8900756835938,125389,2024-08-27 17:30:00+00:00
954.760009765625,955.0399780273438,950.4724731445312,951.1699829101562,167429,2024-08-27 18:30:00+00:00
951.75,955.2000122070312,951.280029296875,954.8800048828125,203755,2024-08-27 19:30:00+00:00
954.1500244140625,958.3399047851562,945.4500122070312,956.0,390861,2024-08-28 13:30:00+00:00
956.6900024414062,957.22998046875,944.2000122070312,948.239990234375,230788,2024-08-28 14:30:00+00:00
947.969970703125,951.5700073242188,947.2501220703125,949.2999877929688,106857,2024-08-28 15:30:00+00:00
949.7498779296875,950.6950073242188,948.1478271484375,949.0,90520,2024-08-28 16:30:00+00:00
949.5050048828125,950.5399780273438,944.6900024414062,944.6900024414062,108851,2024-08-28 17:30:00+00:00
944.739990234375,947.8720092773438,943.260009765625,947.6699829101562,164001,2024-08-28 18:30:00+00:00
947.4526977539062,952.3099975585938,946.8400268554688,948.9600219726562,226838,2024-08-28 19:30:00+00:00
955.0,957.5150146484375,945.0999755859375,948.9550170898438,417038,2024-08-29 13:30:00+00:00
949.0499877929688,953.7000122070312,946.760009765625,948.760009765625,165722,2024-08-29 14:30:00+00:00
949.4099731445312,951.0,945.8900146484375,949.6400146484375,97841,2024-08-29 15:30:00+00:00
949.6300048828125,950.989990234375,946.4401245117188,946.905029296875,97500,2024-08-29 16:30:00+00:00
946.7449951171875,947.1054077148438,942.1900024414062,942.1900024414062,166760,2024-08-29 17:30:00+00:00
942.1900024414062,942.6699829101562,936.0,940.0650024414062,319324,2024-08-29 18:30:00+00:00
939.9949951171875,941.65771484375,939.1400146484375,940.7899780273438,190685,2024-08-29 19:30:00+00:00
945.0,948.5,941.0399780273438,948.4949951171875,342707,2024-08-30 13:30:00+00:00
948.4949951171875,949.5399780273438,943.1099853515625,943.989990234375,185442,2024-08-30 14:30:00+00:00
944.0800170898438,944.77001953125,941.5900268554688,941.6099853515625,127832,2024-08-30 15:30:00+00:00
941.97998046875,944.317626953125,940.510009765625,942.2899780273438,98292,2024-08-30 16:30:00+00:00
942.2899780273438,948.385009765625,941.489990234375,947.0200805664062,127716,2024-08-30 17:30:00+00:00
947.3400268554688,952.0999755859375,947.0999755859375,951.6900024414062,202726,2024-08-30 18:30:00+00:00
951.8699951171875,961.0,951.6099853515625,958.8099975585938,474705,2024-08-30 19:30:00+00:00
957.77001953125,969.64990234375,955.0,961.3599853515625,703110,2024-09-03 13:30:00+00:00
961.280029296875,966.27001953125,956.7000732421875,964.2974853515625,305183,2024-09-03 14:30:00+00:00
964.1500244140625,966.489990234375,960.2554931640625,961.6395263671875,180081,2024-09-03 15:30:00+00:00
961.47998046875,963.3499755859375,958.8800048828125,962.4199829101562,186939,2024-09-03 16:30:00+00:00
962.0999755859375,962.0999755859375,953.4000244140625,956.5499877929688,215229,2024-09-03 17:30:00+00:00
956.6749877929688,959.5,954.27001953125,956.594970703125,177010,2024-09-03 18:30:00+00:00
956.8400268554688,957.5059814453125,951.580078125,956.97998046875,305356,2024-09-03 19:30:00+00:00
949.75,954.0,938.0050048828125,947.6500244140625,501571,2024-09-04 13:30:00+00:00
947.2999877929688,953.4000244140625,945.5,952.5499877929688,183710,2024-09-04 14:30:00+00:00
952.1799926757812,954.0,946.3049926757812,949.1400146484375,127417,2024-09-04 15:30:00+00:00
949.3599853515625,950.7100219726562,947.0,947.0,100825,2024-09-04 16:30:00+00:00
947.469970703125,948.6400146484375,944.0,944.0999755859375,132679,2024-09-04 17:30:00+00:00
943.7999877929688,946.1900024414062,941.02001953125,945.7000122070312,243066,2024-09-04 18:30:00+00:00
945.6699829101562,946.989990234375,943.2706298828125,945.6699829101562,277838,2024-09-04 19:30:00+00:00
941.1599731445312,943.0,917.6400146484375,922.3099975585938,813151,2024-09-05 13:30:00+00:00
922.1500244140625,922.97998046875,906.3389282226562,906.8200073242188,556108,2024-09-05 14:30:00+00:00
906.1699829101562,916.8200073242188,906.1699829101562,916.5,271780,2024-09-05 15:30:00+00:00
916.260009765625,918.52001953125,910.3300170898438,911.6500244140625,259315,2024-09-05 16:30:00+00:00
911.7999877929688,917.3599853515625,911.7000122070312,914.5499877929688,181828,2024-09-05 17:30:00+00:00
914.0,917.3599853515625,909.344970703125,911.5015869140625,211204,2024-09-05 18:30:00+00:00
911.4000244140625,912.5,908.4199829101562,912.4400024414062,392981,2024-09-05 19:30:00+00:00
920.3200073242188,926.8242797851562,900.2100219726562,900.52001953125,772861,2024-09-06 13:30:00+00:00
900.6799926757812,903.47998046875,893.75,899.0,492582,2024-09-06 14:30:00+00:00
899.0,903.9899291992188,896.8499755859375,897.030029296875,364772,2024-09-06 15:30:00+00:00
897.1400146484375,899.4299926757812,893.0,897.739990234375,227011,2024-09-06 16:30:00+00:00
897.510009765625,899.907470703125,895.7000732421875,899.2160034179688,142392,2024-09-06 17:30:00+00:00
899.114990234375,906.1799926757812,897.9600219726562,905.7150268554688,214004,2024-09-06 18:30:00+00:00
905.405029296875,907.4000244140625,901.5399780273438,903.1400146484375,389553,2024-09-06 19:30:00+00:00
912.5700073242188,915.4298706054688,902.0,902.0,558204,2024-09-09 13:30:00+00:00
901.489990234375,904.2399291992188,895.9149780273438,897.0599975585938,288572,2024-09-09 14:30:00+00:00
897.47998046875,905.75,897.030029296875,902.10498046875,223612,2024-09-09 15:30:00+00:00
902.7000122070312,904.1558227539062,901.6199951171875,903.6900024414062,154957,2024-09-09 16:30:00+00:00
903.8571166992188,904.1199951171875,900.625,902.239990234375,164435,2024-09-09 17:30:00+00:00
901.9299926757812,905.6500244140625,901.9207153320312,905.4000244140625,176039,2024-09-09 18:30:00+00:00
905.2849731445312,908.8800048828125,903.6699829101562,908.0499877929688,219315,2024-09-09 19:30:00+00:00
914.1099853515625,915.1099853515625,904.5499877929688,911.2550048828125,400930,2024-09-10 13:30:00+00:00
911.3599243164062,911.3599243164062,898.219970703125,903.1801147460938,227835,2024-09-10 14:30:00+00:00
903.27001953125,904.2659301757812,895.0001220703125,898.2750244140625,206029,2024-09-10 15:30:00+00:00
897.8499755859375,904.219970703125,897.7999877929688,902.52001953125,134885,2024-09-10 16:30:00+00:00
902.4949951171875,904.3181762695312,901.4949951171875,903.3300170898438,126457,2024-09-10 17:30:00+00:00
903.4550170898438,905.8699951171875,901.6599731445312,901.719970703125,170679,2024-09-10 18:30:00+00:00
901.8499755859375,902.6599731445312,899.3099975585938,900.5599975585938,273262,2024-09-10 19:30:00+00:00
902.1500244140625,910.6900024414062,897.2031860351562,902.2050170898438,459857,2024-09-11 13:30:00+00:00
901.4619750976562,904.1099853515625,898.239990234375,902.0700073242188,154568,2024-09-11 14:30:00+00:00
902.5399780273438,916.6400146484375,902.0900268554688,915.3900146484375,423889,2024-09-11 15:30:00+00:00
915.4600219726562,920.9500122070312,914.010009765625,917.0499877929688,282092,2024-09-11 16:30:00+00:00
917.3900146484375,920.5,916.22998046875,918.1799926757812,192245,2024-09-11 17:30:00+00:00
918.4450073242188,919.260498046875,916.1342163085938,917.0399780273438,226529,2024-09-11 18:30:00+00:00
917.0,921.5399780273438,914.8049926757812,919.2899780273438,302597,2024-09-11 19:30:00+00:00
924.3099975585938,934.0700073242188,919.4500122070312,930.39501953125,646538,2024-09-12 13:30:00+00:00
930.39501953125,932.7799072265625,922.0999755859375,925.8599853515625,247019,2024-09-12 14:30:00+00:00
925.4025268554688,927.9796142578125,924.4000854492188,927.614990234375,140726,2024-09-12 15:30:00+00:00
927.614990234375,933.0999755859375,926.3599853515625,932.2700805664062,147506,2024-09-12 16:30:00+00:00
932.3499755859375,936.4199829101562,930.5,935.0999755859375,251650,2024-09-12 17:30:00+00:00
935.4849853515625,937.0,931.7550048828125,936.4099731445312,240637,2024-09-12 18:30:00+00:00
936.1199951171875,937.6199951171875,932.5399780273438,935.6099853515625,308715,2024-09-12 19:30:00+00:00
937.010009765625,942.3499755859375,931.60009765625,932.010009765625,396836,2024-09-13 13:30:00+00:00
932.010009765625,934.4500122070312,930.364990234375,933.4650268554688,206104,2024-09-13 14:30:00+00:00
933.510009765625,937.4998779296875,931.9099731445312,932.5311279296875,184031,2024-09-13 15:30:00+00:00
932.969970703125,933.6300048828125,930.8400268554688,931.4199829101562,126282,2024-09-13 16:30:00+00:00
931.6744995117188,931.6744995117188,924.0001220703125,924.4450073242188,229476,2024-09-13 17:30:00+00:00
924.155029296875,925.010009765625,922.2000122070312,923.5,189404,2024-09-13 18:30:00+00:00
923.361328125,925.13037109375,922.0999755859375,923.4600219726562,255088,2024-09-13 19:30:00+00:00
931.1300048828125,932.60498046875,922.0,924.9199829101562,325241,2024-09-16 13:30:00+00:00
924.4749755859375,927.719970703125,923.0,924.4949951171875,164629,2024-09-16 14:30:00+00:00
924.4949951171875,926.0900268554688,922.3300170898438,924.4598999023438,135789,2024-09-16 15:30:00+00:00
923.885009765625,926.9000244140625,923.5,925.75,116957,2024-09-16 16:30:00+00:00
926.010009765625,926.659912109375,923.5100708007812,923.89501953125,111900,2024-09-16 17:30:00+00:00
923.97998046875,924.2100219726562,920.4550170898438,921.3499755859375,166554,2024-09-16 18:30:00+00:00
921.47998046875,925.989990234375,921.030029296875,924.5900268554688,206079,2024-09-16 19:30:00+00:00
921.5,921.5,905.2100219726562,910.4299926757812,542420,2024-09-17 13:30:00+00:00
910.739990234375,913.7899169921875,909.5,911.4663696289062,194307,2024-09-17 14:30:00+00:00
911.3800048828125,911.760009765625,904.8200073242188,907.3400268554688,263958,2024-09-17 15:30:00+00:00
906.9099731445312,908.0399780273438,902.8900146484375,906.2999877929688,288141,2024-09-17 16:30:00+00:00
906.0999755859375,907.7100219726562,903.8856201171875,905.7899780273438,129666,2024-09-17 17:30:00+00:00
905.8900146484375,907.0700073242188,902.2999877929688,905.97998046875,249108,2024-09-17 18:30:00+00:00
905.8786010742188,907.3609008789062,904.9000854492188,906.969970703125,224262,2024-09-17 19:30:00+00:00
906.3099975585938,910.8198852539062,903.4600219726562,906.4530029296875,274926,2024-09-18 13:30:00+00:00
905.0399780273438,910.6500244140625,905.0399780273438,906.5850219726562,135903,2024-09-18 14:30:00+00:00
906.1950073242188,910.8800048828125,906.0999755859375,910.4581298828125,139695,2024-09-18 15:30:00+00:00
910.1400146484375,910.8798828125,907.6599731445312,908.6599731445312,115912,2024-09-18 16:30:00+00:00
908.3099975585938,915.5,905.8200073242188,908.7899780273438,270448,2024-09-18 17:30:00+00:00
909.1300048828125,910.5,904.780029296875,909.27001953125,265154,2024-09-18 18:30:00+00:00
909.75,909.8300170898438,904.5999755859375,904.760009765625,233876,2024-09-18 19:30:00+00:00
912.8499755859375,913.8200073242188,905.4000244140625,907.7849731445312,467955,2024-09-19 13:30:00+00:00
908.0,908.75,904.72998046875,904.780029296875,294761,2024-09-19 14:30:00+00:00
905.760009765625,907.9099731445312,903.8599853515625,906.9199829101562,187183,2024-09-19 15:30:00+00:00
907.02001953125,911.9000244140625,906.5700073242188,910.972412109375,156957,2024-09-19 16:30:00+00:00
910.8499755859375,914.8699951171875,910.3099975585938,914.760009765625,199249,2024-09-19 17:30:00+00:00
914.9500122070312,915.0800170898438,912.5,913.8099975585938,180746,2024-09-19 18:30:00+00:00
913.6300048828125,916.8099975585938,913.0999755859375,915.6199951171875,304074,2024-09-19 19:30:00+00:00
921.989990234375,939.8599853515625,913.2000122070312,936.2999877929688,1543880,2024-09-20 13:30:00+00:00
935.6300048828125,936.5499877929688,928.0,930.905029296875,482107,2024-09-20 14:30:00+00:00
930.2000122070312,930.3699951171875,925.0,925.1500244140625,315198,2024-09-20 15:30:00+00:00
924.75,930.9600219726562,922.3001098632812,930.6900024414062,221686,2024-09-20 16:30:00+00:00
930.6900024414062,931.8499755859375,924.6840209960938,925.6849975585938,228616,2024-09-20 17:30:00+00:00
925.5999755859375,929.2999877929688,923.5300903320312,926.6699829101562,303017,2024-09-20 18:30:00+00:00
926.760009765625,927.7899780273438,918.5499877929688,921.7100219726562,781019,2024-09-20 19:30:00+00:00
921.0,922.0,909.4500122070312,917.5554809570312,619319,2024-09-23 13:30:00+00:00
917.68798828125,919.989990234375,916.0999755859375,916.3900146484375,168349,2024-09-23 14:30:00+00:00
916.4749755859375,921.5599975585938,915.0,915.5299072265625,140873,2024-09-23 15:30:00+00:00
915.4749755859375,915.47998046875,912.760009765625,913.9299926757812,101333,2024-09-23 16:30:00+00:00
914.1253051757812,919.0,913.6500244140625,918.1849975585938,173105,2024-09-23 17:30:00+00:00
918.22998046875,920.8800048828125,918.219970703125,919.7100219726562,254456,2024-09-23 18:30:00+00:00
919.7100219726562,920.39990234375,918.8400268554688,919.1300048828125,215497,2024-09-23 19:30:00+00:00
923.0,923.0,909.2000122070312,914.989990234375,581036,2024-09-24 13:30:00+00:00
914.969970703125,920.0999755859375,913.719970703125,918.844970703125,298803,2024-09-24 14:30:00+00:00
919.4199829101562,922.4998779296875,919.25,919.9747924804688,163917,2024-09-24 15:30:00+00:00
919.7999877929688,922.8699951171875,919.130126953125,919.4299926757812,119745,2024-09-24 16:30:00+00:00
919.9000244140625,921.7100219726562,917.080078125,921.12548828125,150491,2024-09-24 17:30:00+00:00
921.2899780273438,922.8099975585938,920.6699829101562,921.3300170898438,242634,2024-09-24 18:30:00+00:00
921.3300170898438,925.6799926757812,920.9400024414062,924.8099975585938,366785,2024-09-24 19:30:00+00:00
931.7899780273438,939.2999877929688,925.6901245117188,926.8150024414062,506748,2024-09-25 13:30:00+00:00
926.8300170898438,926.8300170898438,922.4100952148438,923.6900024414062,220935,2024-09-25 14:30:00+00:00
923.5,927.0900268554688,921.1900024414062,925.7258911132812,155330,2024-09-25 15:30:00+00:00
925.5700073242188,927.9000244140625,924.760009765625,926.1649780273438,129497,2024-09-25 16:30:00+00:00
925.9299926757812,927.32958984375,924.8499755859375,926.0599975585938,101285,2024-09-25 17:30:00+00:00
925.719970703125,926.27001953125,924.5288696289062,924.9600219726562,122644,2024-09-25 18:30:00+00:00
924.780029296875,925.0,923.7000122070312,924.969970703125,163456,2024-09-25 19:30:00+00:00
920.2550048828125,920.8300170898438,909.3099975585938,918.8900146484375,648449,2024-09-26 13:30:00+00:00
919.2999877929688,921.8499755859375,915.6699829101562,917.4149780273438,237156,2024-09-26 14:30:00+00:00
917.6400146484375,918.155029296875,911.0,911.030029296875,175355,2024-09-26 15:30:00+00:00
911.0,911.3399047851562,905.2999877929688,906.8900146484375,230557,2024-09-26 16:30:00+00:00
907.1199951171875,910.0599975585938,906.1300048828125,909.5999755859375,196398,2024-09-26 17:30:00+00:00
909.3599853515625,909.4500122070312,907.4849853515625,908.6599731445312,201393,2024-09-26 18:30:00+00:00
908.5,909.6400146484375,907.5800170898438,908.9000244140625,269120,2024-09-26 19:30:00+00:00
899.625,901.2100219726562,880.010009765625,886.4600219726562,1282004,2024-09-27 13:30:00+00:00
886.7445068359375,887.6699829101562,876.5999755859375,878.0,622742,2024-09-27 14:30:00+00:00
878.0499877929688,883.1900024414062,875.6099853515625,880.2249755859375,414677,2024-09-27 15:30:00+00:00
880.219970703125,882.4699096679688,876.7949829101562,882.22998046875,337069,2024-09-27 16:30:00+00:00
882.4500122070312,885.47998046875,881.219970703125,884.97998046875,264880,2024-09-27 17:30:00+00:00
884.989990234375,885.4099731445312,881.239990234375,881.5299072265625,270454,2024-09-27 18:30:00+00:00
881.2550048828125,882.6900024414062,876.4400024414062,876.9000244140625,601521,2024-09-27 19:30:00+00:00
864.0,879.3400268554688,858.8099975585938,872.2750244140625,944071,2024-09-30 13:30:00+00:00
872.2849731445312,880.5900268554688,871.8800048828125,878.6409301757812,356378,2024-09-30 14:30:00+00:00
878.7100219726562,878.7100219726562,875.3499755859375,876.35009765625,168667,2024-09-30 15:30:00+00:00
876.5900268554688,877.3156127929688,874.2000122070312,875.469970703125,126499,2024-09-30 16:30:00+00:00
875.3699951171875,879.22998046875,875.030029296875,877.0,170432,2024-09-30 17:30:00+00:00
877.530029296875,882.5700073242188,877.25,881.4600219726562,262215,2024-09-30 18:30:00+00:00
881.4000244140625,887.4298706054688,880.8800048828125,885.9299926757812,370962,2024-09-30 19:30:00+00:00
888.8300170898438,890.7000122070312,884.35498046875,887.6749877929688,513831,2024-10-01 13:30:00+00:00
887.6749877929688,891.2698974609375,880.1199951171875,883.52001953125,320195,2024-10-01 14:30:00+00:00
883.7100219726562,886.135009765625,881.3300170898438,883.5349731445312,171599,2024-10-01 15:30:00+00:00
883.625,885.8499755859375,878.8699951171875,880.64990234375,212681,2024-10-01 16:30:00+00:00
880.219970703125,884.3099975585938,879.9500122070312,881.9500122070312,181483,2024-10-01 17:30:00+00:00
881.8499755859375,886.2849731445312,881.8499755859375,884.760009765625,208816,2024-10-01 18:30:00+00:00
884.6099853515625,885.0303955078125,881.9000244140625,884.260009765625,332328,2024-10-01 19:30:00+00:00
880.0,888.2999267578125,878.7000122070312,887.541015625,418388,2024-10-02 13:30:00+00:00
887.8800048828125,893.3499145507812,887.030029296875,890.0900268554688,255441,2024-10-02 14:30:00+00:00
889.8800048828125,891.760009765625,887.0800170898438,889.85498046875,136835,2024-10-02 15:30:00+00:00
889.6599731445312,890.6099853515625,887.5700073242188,890.114990234375,106161,2024-10-02 16:30:00+00:00
889.9099731445312,891.0399780273438,888.1500244140625,889.6500244140625,107899,2024-10-02 17:30:00+00:00
889.8499755859375,891.8319702148438,889.77001953125,890.0999755859375,156862,2024-10-02 18:30:00+00:00
890.0999755859375,891.2249755859375,889.6749877929688,891.2000122070312,222169,2024-10-02 19:30:00+00:00
889.5399780273438,892.0,884.52001953125,885.0349731445312,515036,2024-10-03 13:30:00+00:00
884.52001953125,888.0,883.375,885.97998046875,226766,2024-10-03 14:30:00+00:00
885.6500244140625,888.885009765625,885.6500244140625,887.25,165323,2024-10-03 15:30:00+00:00
887.0900268554688,887.5700073242188,880.8800048828125,882.1708984375,197062,2024-10-03 16:30:00+00:00
882.2100219726562,885.8400268554688,882.185302734375,885.6699829101562,129027,2024-10-03 17:30:00+00:00
885.5,885.802490234375,884.0,884.1900024414062,135667,2024-10-03 18:30:00+00:00
884.0697021484375,886.989990234375,882.6649780273438,885.3599853515625,211428,2024-10-03 19:30:00+00:00
885.9099731445312,888.969970703125,879.2000122070312,879.5,490877,2024-10-04 13:30:00+00:00
879.5999755859375,881.0,876.8900146484375,877.39501953125,250705,2024-10-04 14:30:00+00:00
877.809326171875,882.0,877.47998046875,878.3099975585938,141865,2024-10-04 15:30:00+00:00
878.3300170898438,884.0,878.27001953125,883.4650268554688,173145,2024-10-04 16:30:00+00:00
883.8099975585938,884.3599243164062,880.4271240234375,883.2116088867188,160300,2024-10-04 17:30:00+00:00
883.7216796875,886.1799926757812,883.1599731445312,885.7999877929688,169668,2024-10-04 18:30:00+00:00
885.6099853515625,887.0,884.6849975585938,886.7899780273438,240790,2024-10-04 19:30:00+00:00
890.510009765625,903.8699951171875,889.5650024414062,898.1300048828125,667424,2024-10-07 13:30:00+00:00
899.0,905.2750244140625,897.02001953125,902.6900024414062,269216,2024-10-07 14:30:00+00:00
902.6799926757812,904.22998046875,898.5399780273438,899.0599975585938,176680,2024-10-07 15:30:00+00:00
898.9000244140625,900.7098999023438,897.4650268554688,898.6500244140625,125235,2024-10-07 16:30:00+00:00
898.469970703125,901.5999755859375,898.0800170898438,901.5050048828125,141544,2024-10-07 17:30:00+00:00
901.5050048828125,903.1500244140625,898.30517578125,898.30517578125,223064,2024-10-07 18:30:00+00:00
898.6599731445312,899.760009765625,896.4000244140625,898.7999877929688,234748,2024-10-07 19:30:00+00:00
903.0,920.2750244140625,902.2249755859375,918.9000244140625,633470,2024-10-08 13:30:00+00:00
918.4500122070312,921.9682006835938,913.1099853515625,913.1900024414062,265183,2024-10-08 14:30:00+00:00
913.4249877929688,914.4600219726562,909.5999755859375,912.1799926757812,139233,2024-10-08 15:30:00+00:00
912.280029296875,914.72998046875,911.1099853515625,914.2100219726562,98360,2024-10-08 16:30:00+00:00
914.0999755859375,916.8699951171875,913.260009765625,915.9998779296875,116837,2024-10-08 17:30:00+00:00
915.6500244140625,918.0599975585938,914.0,914.2449951171875,210542,2024-10-08 18:30:00+00:00
914.1099853515625,914.780029296875,913.1500244140625,913.9400024414062,236212,2024-10-08 19:30:00+00:00
916.2849731445312,921.3499755859375,913.10009765625,916.0499877929688,408131,2024-10-09 13:30:00+00:00
915.8900146484375,920.6400146484375,914.0,914.4000244140625,229767,2024-10-09 14:30:00+00:00
914.010009765625,917.5700073242188,912.0,913.7750244140625,200593,2024-10-09 15:30:00+00:00
913.989990234375,915.7899780273438,912.0999755859375,913.6099853515625,141054,2024-10-09 16:30:00+00:00
913.6599731445312,915.7999877929688,913.219970703125,914.6849975585938,132157,2024-10-09 17:30:00+00:00
914.6849975585938,918.2899780273438,913.1900024414062,916.6699829101562,163254,2024-10-09 18:30:00+00:00
916.7899780273438,920.8699951171875,916.719970703125,919.7100219726562,226934,2024-10-09 19:30:00+00:00
920.0,922.0,909.3900146484375,913.8099975585938,378410,2024-10-10 13:30:00+00:00
913.9299926757812,914.8182983398438,911.3699951171875,912.9000244140625,151641,2024-10-10 14:30:00+00:00
913.1199951171875,915.3300170898438,912.2127075195312,913.1799926757812,109644,2024-10-10 15:30:00+00:00
913.0,913.2000122070312,908.22998046875,908.655029296875,136316,2024-10-10 16:30:00+00:00
908.9000244140625,910.7100219726562,905.1500244140625,905.4600219726562,159839,2024-10-10 17:30:00+00:00
905.8699951171875,908.8699951171875,905.780029296875,908.3499755859375,140363,2024-10-10 18:30:00+00:00
908.5399780273438,911.97998046875,908.4249877929688,910.9400024414062,202423,2024-10-10 19:30:00+00:00
916.0399780273438,920.7008666992188,911.1845092773438,920.3599853515625,454557,2024-10-11 13:30:00+00:00
920.1300048828125,924.8200073242188,919.630126953125,922.7357177734375,412232,2024-10-11 14:30:00+00:00
922.7227783203125,929.0623779296875,922.6901245117188,927.2000122070312,259760,2024-10-11 15:30:00+00:00
927.6400146484375,928.0198974609375,923.1400146484375,924.0399780273438,154819,2024-10-11 16:30:00+00:00
924.3499755859375,927.2498779296875,923.8807983398438,926.6400146484375,125937,2024-10-11 17:30:00+00:00
926.3599853515625,930.5250244140625,925.607177734375,929.1799926757812,190322,2024-10-11 18:30:00+00:00
928.8900146484375,932.239990234375,928.6300048828125,931.8900146484375,297148,2024-10-11 19:30:00+00:00
936.0,937.0,926.0,932.364990234375,390393,2024-10-14 13:30:00+00:00
932.2000122070312,934.6199951171875,929.7999877929688,930.0899047851562,172480,2024-10-14 14:30:00+00:00
929.9500122070312,932.3200073242188,929.5,930.27001953125,94108,2024-10-14 15:30:00+00:00
930.3599853515625,932.5399780273438,930.3400268554688,930.6400146484375,87742,2024-10-14 16:30:00+00:00
931.3900146484375,931.3900146484375,928.25,930.22998046875,94015,2024-10-14 17:30:00+00:00
930.2000122070312,931.5899047851562,929.8099975585938,931.5349731445312,123676,2024-10-14 18:30:00+00:00
931.4450073242188,932.3900146484375,929.510009765625,930.4600219726562,244723,2024-10-14 19:30:00+00:00
924.5,926.52001953125,911.3800048828125,911.7150268554688,595650,2024-10-15 13:30:00+00:00
911.1300048828125,915.8499755859375,909.6500244140625,912.5850219726562,308518,2024-10-15 14:30:00+00:00
912.969970703125,913.9500122070312,907.8001098632812,911.1799926757812,222932,2024-10-15 15:30:00+00:00
911.4199829101562,911.8198852539062,909.5800170898438,911.1400146484375,120179,2024-10-15 16:30:00+00:00
910.9349975585938,916.2830810546875,910.8001098632812,913.1799926757812,136036,2024-10-15 17:30:00+00:00
913.1300048828125,913.35498046875,910.72998046875,912.6900024414062,160587,2024-10-15 18:30:00+00:00
912.6799926757812,913.8599853515625,910.9201049804688,913.8300170898438,273586,2024-10-15 19:30:00+00:00
910.030029296875,911.3699951171875,897.8350219726562,909.8400268554688,401970,2024-10-16 13:30:00+00:00
909.5,913.3200073242188,908.8599853515625,913.3200073242188,134094,2024-10-16 14:30:00+00:00
913.5,914.969970703125,910.4199829101562,914.219970703125,125514,2024-10-16 15:30:00+00:00
914.1199951171875,914.7000122070312,911.25,911.5,79955,2024-10-16 16:30:00+00:00
911.510009765625,913.969970703125,911.510009765625,913.5499877929688,93605,2024-10-16 17:30:00+00:00
913.7999877929688,916.7860107421875,913.4500122070312,916.2249755859375,171938,2024-10-16 18:30:00+00:00
916.2000122070312,917.8049926757812,915.6954956054688,916.27001953125,268119,2024-10-16 19:30:00+00:00
921.0,930.510009765625,919.0599975585938,921.8900146484375,500454,2024-10-17 13:30:00+00:00
921.3900146484375,922.9099731445312,916.719970703125,920.0250244140625,148474,2024-10-17 14:30:00+00:00
920.1500244140625,922.9000244140625,918.8157958984375,920.4600219726562,101691,2024-10-17 15:30:00+00:00
920.4450073242188,923.6799926757812,919.4500122070312,922.5900268554688,84118,2024-10-17 16:30:00+00:00
922.5900268554688,922.5900268554688,917.974609375,917.974609375,107201,2024-10-17 17:30:00+00:00
917.9249877929688,919.4799194335938,916.780029296875,917.77001953125,115626,2024-10-17 18:30:00+00:00
917.5,918.280029296875,916.0399780273438,917.22998046875,156224,2024-10-17 19:30:00+00:00
917.1799926757812,917.1799926757812,905.6199951171875,912.52001953125,552352,2024-10-18 13:30:00+00:00
912.9359741210938,920.919921875,912.3300170898438,918.9450073242188,239213,2024-10-18 14:30:00+00:00
919.0800170898438,919.4400024414062,915.0700073242188,915.9450073242188,143206,2024-10-18 15:30:00+00:00
915.9400024414062,916.8699951171875,914.8200073242188,915.0,152051,2024-10-18 16:30:00+00:00
915.0,918.9420166015625,914.5,918.4550170898438,138647,2024-10-18 17:30:00+00:00
918.5700073242188,918.760009765625,916.7200927734375,916.9299926757812,141404,2024-10-18 18:30:00+00:00
916.9400024414062,918.4500122070312,915.8699951171875,917.760009765625,219750,2024-10-18 19:30:00+00:00
917.97998046875,918.8599853515625,910.1099853515625,911.9299926757812,290193,2024-10-21 13:30:00+00:00
911.7899780273438,912.5,906.0,906.3599853515625,178020,2024-10-21 14:30:00+00:00
906.3599853515625,909.9998779296875,904.5599975585938,909.7449951171875,156026,2024-10-21 15:30:00+00:00
909.7449951171875,910.0050048828125,907.5700073242188,907.6799926757812,71782,2024-10-21 16:30:00+00:00
907.8099975585938,909.739990234375,907.4299926757812,908.260009765625,74554,2024-10-21 17:30:00+00:00
908.239990234375,909.7498779296875,906.6500244140625,908.6699829101562,122801,2024-10-21 18:30:00+00:00
908.469970703125,908.469970703125,905.5,906.260009765625,184869,2024-10-21 19:30:00+00:00
901.6749877929688,910.0,900.2000732421875,907.4650268554688,294762,2024-10-22 13:30:00+00:00
907.0,909.8250122070312,905.0,907.72998046875,120875,2024-10-22 14:30:00+00:00
907.1799926757812,909.4472045898438,906.780029296875,906.7999877929688,92404,2024-10-22 15:30:00+00:00
906.864990234375,907.97998046875,905.0999755859375,907.9600219726562,84003,2024-10-22 16:30:00+00:00
908.0,911.0,907.330078125,910.5181274414062,147557,2024-10-22 17:30:00+00:00
910.4400024414062,910.6699829101562,908.510009765625,909.5499877929688,98657,2024-10-22 18:30:00+00:00
909.5900268554688,911.1199951171875,909.1300048828125,909.4099731445312,181270,2024-10-22 19:30:00+00:00
905.6199951171875,907.9498901367188,900.7495727539062,902.4000244140625,302234,2024-10-23 13:30:00+00:00
902.6599731445312,905.3900146484375,896.9199829101562,897.3400268554688,238014,2024-10-23 14:30:00+00:00
897.219970703125,897.5999755859375,891.72998046875,892.9199829101562,243673,2024-10-23 15:30:00+00:00
892.9425048828125,896.7100219726562,892.290283203125,896.0700073242188,145971,2024-10-23 16:30:00+00:00
896.02001953125,898.2299194335938,895.3400268554688,897.5599975585938,131302,2024-10-23 17:30:00+00:00
897.2999877929688,901.72998046875,896.5850219726562,900.3403930664062,171103,2024-10-23 18:30:00+00:00
900.4299926757812,903.6400146484375,900.2100219726562,902.780029296875,270524,2024-10-23 19:30:00+00:00
898.3300170898438,900.0,890.469970703125,894.9199829101562,456380,2024-10-24 13:30:00+00:00
894.52001953125,896.8098754882812,888.280029296875,890.5236206054688,218386,2024-10-24 14:30:00+00:00
890.84130859375,893.47998046875,890.280029296875,890.4600830078125,117275,2024-10-24 15:30:00+00:00
890.3400268554688,893.2999877929688,889.9199829101562,892.9650268554688,117779,2024-10-24 16:30:00+00:00
892.5001220703125,893.97998046875,891.9099731445312,892.360107421875,118649,2024-10-24 17:30:00+00:00
892.3662719726562,893.4000244140625,891.1599731445312,892.2899780273438,142644,2024-10-24 18:30:00+00:00
892.2501220703125,893.489990234375,891.3099975585938,891.5399780273438,208260,2024-10-24 19:30:00+00:00
899.72998046875,900.9600219726562,894.780029296875,896.489990234375,585277,2024-10-25 13:30:00+00:00
896.5667114257812,899.5,895.60009765625,897.6799926757812,183092,2024-10-25 14:30:00+00:00
897.97998046875,898.8499755859375,894.6699829101562,898.7999877929688,172306,2024-10-25 15:30:00+00:00
898.79150390625,898.7999877929688,894.77001953125,894.77001953125,115631,2024-10-25 16:30:00+00:00
894.9500122070312,895.030029296875,892.0,894.97998046875,144106,2024-10-25 17:30:00+00:00
894.719970703125,896.0,893.719970703125,894.0499877929688,122540,2024-10-25 18:30:00+00:00
894.2399291992188,894.2650146484375,889.4500732421875,892.6099853515625,283887,2024-10-25 19:30:00+00:00
894.8699951171875,895.8798828125,890.780029296875,893.7100219726562,489146,2024-10-28 13:30:00+00:00
893.5900268554688,894.989990234375,892.52001953125,893.8900146484375,127325,2024-10-28 14:30:00+00:00
893.6099853515625,897.7498779296875,892.5073852539062,896.5,162223,2024-10-28 15:30:00+00:00
896.5523071289062,898.0,893.77001953125,896.75,192454,2024-10-28 16:30:00+00:00
896.75,898.2098999023438,895.989990234375,896.989990234375,123764,2024-10-28 17:30:00+00:00
896.8300170898438,897.1400146484375,894.875,895.875,128081,2024-10-28 18:30:00+00:00
895.875,897.1799926757812,895.4400024414062,896.3099975585938,240251,2024-10-28 19:30:00+00:00
898.2100219726562,907.97998046875,898.2100219726562,900.3900146484375,675854,2024-10-29 13:30:00+00:00
900.9600219726562,905.3399047851562,900.0499877929688,902.3499755859375,263167,2024-10-29 14:30:00+00:00
902.4000244140625,904.989990234375,900.739990234375,901.405029296875,284969,2024-10-29 15:30:00+00:00
901.469970703125,903.3499755859375,899.47998046875,901.3200073242188,356334,2024-10-29 16:30:00+00:00
901.594970703125,905.1900024414062,901.25,905.1900024414062,245078,2024-10-29 17:30:00+00:00
905.0800170898438,907.7000122070312,904.6500244140625,906.7949829101562,301820,2024-10-29 18:30:00+00:00
906.8250122070312,907.4199829101562,902.280029296875,904.0499877929688,432709,2024-10-29 19:30:00+00:00
798.5,818.7098999023438,769.0,817.989990234375,7137747,2024-10-30 13:30:00+00:00
817.7401123046875,860.5,817.7401123046875,847.9400024414062,4932137,2024-10-30 14:30:00+00:00
847.9099731445312,850.9500122070312,834.5499877929688,837.02001953125,1505985,2024-10-30 15:30:00+00:00
837.02001953125,837.1599731445312,822.0,823.1983032226562,1129681,2024-10-30 16:30:00+00:00
823.3099975585938,832.010009765625,822.0401000976562,830.0800170898438,853054,2024-10-30 17:30:00+00:00
829.780029296875,837.8200073242188,829.6099853515625,836.739990234375,835163,2024-10-30 18:30:00+00:00
836.7100219726562,846.8099975585938,835.580078125,846.7999877929688,1199623,2024-10-30 19:30:00+00:00
836.510009765625,840.4863891601562,825.239990234375,826.6799926757812,1730315,2024-10-31 13:30:00+00:00
826.6400146484375,847.0,825.4199829101562,846.2050170898438,952583,2024-10-31 14:30:00+00:00
846.2050170898438,853.434814453125,843.7150268554688,851.958984375,692688,2024-10-31 15:30:00+00:00
851.5900268554688,853.2698974609375,838.5687255859375,839.3629150390625,570097,2024-10-31 16:30:00+00:00
839.3499755859375,841.7050170898438,836.0001220703125,839.0800170898438,402615,2024-10-31 17:30:00+00:00
838.7899780273438,840.2100219726562,834.3400268554688,835.3150024414062,485065,2024-10-31 18:30:00+00:00
835.3150024414062,835.989990234375,829.5599975585938,830.1500244140625,694148,2024-10-31 19:30:00+00:00
828.0,832.1799926757812,820.5,829.6171875,1042668,2024-11-01 13:30:00+00:00
829.72998046875,831.0,821.8001098632812,824.4550170898438,703587,2024-11-01 14:30:00+00:00
824.6400146484375,827.2999877929688,822.6099853515625,823.905029296875,422132,2024-11-01 15:30:00+00:00
824.4299926757812,827.6798706054688,822.97998046875,824.3355712890625,360184,2024-11-01 16:30:00+00:00
824.25,824.6900024414062,820.0700073242188,820.1799926757812,360630,2024-11-01 17:30:00+00:00
820.5449829101562,823.989990234375,818.1599731445312,821.9400024414062,498282,2024-11-01 18:30:00+00:00
822.0698852539062,822.6199951171875,816.72998046875,818.7899780273438,578225,2024-11-01 19:30:00+00:00
805.0,820.1900024414062,805.0,811.3350219726562,1079444,2024-11-04 14:30:00+00:00
811.1950073242188,813.6937866210938,807.2999877929688,810.3099975585938,626597,2024-11-04 15:30:00+00:00
810.72998046875,810.760009765625,806.25,807.6400146484375,295078,2024-11-04 16:30:00+00:00
807.6400146484375,809.469970703125,807.0999755859375,807.7694091796875,317398,2024-11-04 17:30:00+00:00
807.97998046875,808.4400024414062,803.6799926757812,804.9600219726562,356705,2024-11-04 18:30:00+00:00
804.9600219726562,807.8800048828125,804.75,806.7955932617188,380167,2024-11-04 19:30:00+00:00
806.6599731445312,806.6599731445312,804.6300048828125,806.4400024414062,407338,2024-11-04 20:30:00+00:00
803.8250122070312,808.8599853515625,800.2000122070312,800.7550048828125,661490,2024-11-05 14:30:00+00:00
800.5999755859375,801.8499145507812,797.489990234375,800.47998046875,517833,2024-11-05 15:30:00+00:00
800.47998046875,801.5150146484375,797.7000732421875,799.0,349045,2024-11-05 16:30:00+00:00
799.2750244140625,807.5499267578125,798.8400268554688,805.27001953125,446534,2024-11-05 17:30:00+00:00
805.5,806.8499755859375,803.2501220703125,805.5800170898438,282858,2024-11-05 18:30:00+00:00
805.6141967773438,808.4500122070312,804.8800048828125,807.6300048828125,272820,2024-11-05 19:30:00+00:00
807.5499877929688,809.2100219726562,803.77001953125,806.3300170898438,379673,2024-11-05 20:30:00+00:00
817.3298950195312,820.72998046875,770.110107421875,777.0,2600283,2024-11-06 14:30:00+00:00
777.1400146484375,777.9500122070312,767.6099853515625,776.7282104492188,1241625,2024-11-06 15:30:00+00:00
776.7550048828125,778.0,771.3134765625,777.469970703125,718303,2024-11-06 16:30:00+00:00
777.5,777.5,772.0540771484375,773.0,521406,2024-11-06 17:30:00+00:00
772.6699829101562,773.75,769.0399780273438,770.5999755859375,615262,2024-11-06 18:30:00+00:00
770.77001953125,771.919921875,768.0,770.452392578125,706465,2024-11-06 19:30:00+00:00
770.1500244140625,776.7100219726562,769.4801025390625,776.52001953125,826879,2024-11-06 20:30:00+00:00
784.6500244140625,790.4500122070312,778.1900024414062,782.8400268554688,1217090,2024-11-07 14:30:00+00:00
782.7000122070312,790.1649780273438,781.0700073242188,787.3099975585938,563391,2024-11-07 15:30:00+00:00
787.4600219726562,792.8300170898438,787.3599853515625,789.1318359375,432948,2024-11-07 16:30:00+00:00
788.9400024414062,792.7899780273438,788.9400024414062,792.2349853515625,319595,2024-11-07 17:30:00+00:00
792.2349853515625,794.5800170898438,790.8499755859375,793.8204956054688,310248,2024-11-07 18:30:00+00:00
793.97998046875,802.5499877929688,793.8599853515625,799.5999755859375,655359,2024-11-07 19:30:00+00:00
799.47998046875,801.8099975585938,797.0100708007812,797.5399780273438,494269,2024-11-07 20:30:00+00:00
803.5,821.1699829101562,802.5,820.5,1281711,2024-11-08 14:30:00+00:00
820.5449829101562,827.9299926757812,819.3599853515625,826.7426147460938,997259,2024-11-08 15:30:00+00:00
826.9500122070312,833.4500122070312,826.719970703125,831.344970703125,741304,2024-11-08 16:30:00+00:00
830.969970703125,838.9099731445312,830.1699829101562,838.2000122070312,730317,2024-11-08 17:30:00+00:00
838.5399169921875,841.1699829101562,837.5,840.969970703125,465263,2024-11-08 18:30:00+00:00
840.969970703125,847.27001953125,839.4901123046875,839.7899780273438,856681,2024-11-08 19:30:00+00:00
839.5700073242188,839.5700073242188,829.965087890625,831.9199829101562,676844,2024-11-08 20:30:00+00:00
831.2999877929688,844.0,824.625,834.3880004882812,799174,2024-11-11 14:30:00+00:00
834.0650024414062,840.0899047851562,832.2999877929688,836.8800048828125,328086,2024-11-11 15:30:00+00:00
836.489990234375,837.47998046875,833.5100708007812,836.5,237392,2024-11-11 16:30:00+00:00
836.64501953125,836.9400024414062,833.7100219726562,834.864990234375,167300,2024-11-11 17:30:00+00:00
834.864990234375,836.8198852539062,834.1300048828125,835.3350219726562,207923,2024-11-11 18:30:00+00:00
835.510009765625,836.3200073242188,834.7000122070312,835.27001953125,224541,2024-11-11 19:30:00+00:00
835.1400146484375,835.3350219726562,832.1749877929688,833.469970703125,332030,2024-11-11 20:30:00+00:00
830.2000122070312,833.989990234375,814.010009765625,817.1649780273438,741573,2024-11-12 14:30:00+00:00
817.0999755859375,817.6900024414062,812.5,814.9628295898438,406906,2024-11-12 15:30:00+00:00
815.0,816.1566162109375,812.1199951171875,814.0599975585938,256268,2024-11-12 16:30:00+00:00
814.2498779296875,817.719970703125,810.7200927734375,816.6688232421875,280319,2024-11-12 17:30:00+00:00
816.8200073242188,827.6400146484375,816.2100219726562,825.6649780273438,412125,2024-11-12 18:30:00+00:00
825.7000122070312,830.6099853515625,822.8099975585938,823.60498046875,481272,2024-11-12 19:30:00+00:00
823.4099731445312,823.5999755859375,817.9500122070312,819.22998046875,377652,2024-11-12 20:30:00+00:00
820.3200073242188,829.10498046875,816.3599853515625,816.4400024414062,688768,2024-11-13 14:30:00+00:00
816.2000122070312,824.4099731445312,816.2000122070312,823.510009765625,338110,2024-11-13 15:30:00+00:00
823.5,823.889892578125,819.6181030273438,819.655029296875,158127,2024-11-13 16:30:00+00:00
819.77001953125,820.4088745117188,818.4199829101562,819.2150268554688,174348,2024-11-13 17:30:00+00:00
819.3300170898438,819.369873046875,816.625,816.8400268554688,194764,2024-11-13 18:30:00+00:00
816.8400268554688,819.0,813.8400268554688,817.885009765625,251103,2024-11-13 19:30:00+00:00
817.6099853515625,818.2000122070312,811.2899780273438,811.9099731445312,572627,2024-11-13 20:30:00+00:00
809.1900024414062,809.1900024414062,794.0,796.72998046875,858371,2024-11-14 14:30:00+00:00
796.739990234375,802.3499755859375,794.510009765625,801.0,653005,2024-11-14 15:30:00+00:00
801.4600219726562,802.1199951171875,796.5,797.9299926757812,260630,2024-11-14 16:30:00+00:00
797.2501220703125,799.280029296875,794.4299926757812,794.8201293945312,276763,2024-11-14 17:30:00+00:00
795.1649780273438,797.1900024414062,793.5499877929688,794.4149780273438,277979,2024-11-14 18:30:00+00:00
794.322998046875,794.8200073242188,787.8099975585938,790.0800170898438,481579,2024-11-14 19:30:00+00:00
790.1599731445312,790.280029296875,783.510009765625,785.969970703125,554894,2024-11-14 20:30:00+00:00
775.1900024414062,777.97998046875,752.6400146484375,752.760009765625,2000975,2024-11-15 14:30:00+00:00
752.97998046875,761.0,746.5900268554688,755.77001953125,1404755,2024-11-15 15:30:00+00:00
755.9400024414062,759.5465698242188,752.5599975585938,754.0900268554688,558290,2024-11-15 16:30:00+00:00
754.2899780273438,754.5198974609375,750.0,753.2999877929688,585264,2024-11-15 17:30:00+00:00
753.010009765625,753.3900146484375,747.7999877929688,748.75,544355,2024-11-15 18:30:00+00:00
748.6038818359375,752.5198974609375,748.6038818359375,749.8699951171875,512772,2024-11-15 19:30:00+00:00
749.8200073242188,750.3900146484375,744.2000122070312,745.8900146484375,776175,2024-11-15 20:30:00+00:00
733.1900024414062,734.0,711.4000854492188,714.5549926757812,2400096,2024-11-18 14:30:00+00:00
714.6099853515625,726.3399047851562,714.510009765625,720.89990234375,1073356,2024-11-18 15:30:00+00:00
720.5599975585938,724.3699951171875,718.010009765625,722.355712890625,713756,2024-11-18 16:30:00+00:00
722.9000244140625,723.780029296875,716.030029296875,716.030029296875,986923,2024-11-18 17:30:00+00:00
716.1849975585938,719.1900024414062,715.0800170898438,717.38623046875,621550,2024-11-18 18:30:00+00:00
717.3764038085938,727.0,716.9000854492188,726.97998046875,950053,2024-11-18 19:30:00+00:00
726.739990234375,729.5,724.52001953125,727.8599853515625,847891,2024-11-18 20:30:00+00:00
716.3099975585938,726.6599731445312,712.4199829101562,722.5549926757812,1871962,2024-11-19 14:30:00+00:00
722.3400268554688,725.4099731445312,720.0,722.6099853515625,882979,2024-11-19 15:30:00+00:00
722.944580078125,726.5560913085938,721.7999877929688,725.278076171875,422828,2024-11-19 16:30:00+00:00
725.4459838867188,726.6298828125,723.1199951171875,725.7050170898438,366807,2024-11-19 17:30:00+00:00
725.989990234375,729.3800048828125,725.0,726.9149780273438,411341,2024-11-19 18:30:00+00:00
726.7999877929688,727.27001953125,723.72998046875,724.8400268554688,481052,2024-11-19 19:30:00+00:00
724.6375732421875,730.0,724.5062255859375,729.8699951171875,636201,2024-11-19 20:30:00+00:00
735.7849731445312,753.0250244140625,735.4600219726562,743.4299926757812,1400441,2024-11-20 14:30:00+00:00
743.02001953125,747.969970703125,742.2550048828125,744.635009765625,469356,2024-11-20 15:30:00+00:00
744.635009765625,755.97998046875,744.0372924804688,754.6900024414062,636670,2024-11-20 16:30:00+00:00
754.2000732421875,757.3699951171875,749.7700805664062,752.9450073242188,443156,2024-11-20 17:30:00+00:00
753.1099853515625,753.1300048828125,747.6500854492188,749.4149780273438,378778,2024-11-20 18:30:00+00:00
749.0850219726562,753.0050048828125,747.6400146484375,752.39501953125,493824,2024-11-20 19:30:00+00:00
752.5700073242188,755.9749755859375,752.219970703125,753.469970703125,635779,2024-11-20 20:30:00+00:00
746.1199951171875,746.1199951171875,735.030029296875,742.4329833984375,1014343,2024-11-21 14:30:00+00:00
742.469970703125,745.9498901367188,738.8900146484375,745.010009765625,373303,2024-11-21 15:30:00+00:00
745.4199829101562,746.0,742.52001953125,745.4550170898438,488903,2024-11-21 16:30:00+00:00
745.8798828125,751.2899780273438,745.0,751.2899780273438,286913,2024-11-21 17:30:00+00:00
751.3099975585938,752.7999877929688,748.110107421875,750.9600219726562,252793,2024-11-21 18:30:00+00:00
751.0750732421875,752.9998779296875,749.1799926757812,749.6400146484375,373959,2024-11-21 19:30:00+00:00
749.5150146484375,750.0499877929688,746.010009765625,749.5999755859375,580084,2024-11-21 20:30:00+00:00
757.0499877929688,761.1998901367188,747.3300170898438,749.5999145507812,867476,2024-11-22 14:30:00+00:00
748.9400024414062,751.5499877929688,747.1300048828125,748.8829956054688,370596,2024-11-22 15:30:00+00:00
748.7449951171875,754.0,747.0,750.2750244140625,363559,2024-11-22 16:30:00+00:00
750.5,751.989990234375,747.9650268554688,748.010009765625,264169,2024-11-22 17:30:00+00:00
748.0,749.3599243164062,745.0811767578125,745.6500244140625,213533,2024-11-22 18:30:00+00:00
745.9500122070312,747.9400024414062,745.4801025390625,746.9650268554688,297417,2024-11-22 19:30:00+00:00
747.4000244140625,749.6799926757812,746.610107421875,747.739990234375,399531,2024-11-22 20:30:00+00:00
750.0,754.219970703125,744.0,749.8200073242188,801012,2024-11-25 14:30:00+00:00
749.6500244140625,750.260009765625,740.010009765625,742.6400146484375,353894,2024-11-25 15:30:00+00:00
743.1699829101562,747.7999877929688,742.8800048828125,745.22998046875,243587,2024-11-25 16:30:00+00:00
745.260009765625,749.3099975585938,744.77001953125,748.4000244140625,182029,2024-11-25 17:30:00+00:00
748.2650146484375,750.9251708984375,748.1837158203125,748.75,234838,2024-11-25 18:30:00+00:00
748.655029296875,751.0499877929688,748.010009765625,750.35498046875,264889,2024-11-25 19:30:00+00:00
750.1199951171875,754.260009765625,746.9000244140625,754.1599731445312,482958,2024-11-25 20:30:00+00:00
785.2000122070312,788.8800048828125,773.9500122070312,788.25,1982473,2024-11-26 14:30:00+00:00
787.780029296875,803.97998046875,785.3900146484375,803.6600952148438,1126212,2024-11-26 15:30:00+00:00
803.969970703125,807.0,792.4755249023438,796.3298950195312,873918,2024-11-26 16:30:00+00:00
795.9199829101562,798.3099975585938,794.2100219726562,796.7050170898438,438465,2024-11-26 17:30:00+00:00
796.385009765625,796.5499267578125,788.9000244140625,790.2750244140625,355717,2024-11-26 18:30:00+00:00
790.2750244140625,790.7883911132812,787.030029296875,788.9650268554688,392305,2024-11-26 19:30:00+00:00
789.010009765625,791.4199829101562,787.989990234375,789.9099731445312,491830,2024-11-26 20:30:00+00:00
788.1199951171875,791.9650268554688,780.2999877929688,787.0,580999,2024-11-27 14:30:00+00:00
787.2249755859375,794.8300170898438,784.5,794.364990234375,394723,2024-11-27 15:30:00+00:00
794.5499877929688,794.5499877929688,788.3485107421875,790.8099975585938,252789,2024-11-27 16:30:00+00:00
790.8200073242188,792.9899291992188,789.831787109375,792.6799926757812,241571,2024-11-27 17:30:00+00:00
792.6699829101562,792.7999877929688,785.02001953125,785.8699951171875,195931,2024-11-27 18:30:00+00:00
786.1900024414062,790.010009765625,785.4100952148438,787.2999877929688,247622,2024-11-27 19:30:00+00:00
787.0850219726562,791.1799926757812,786.5499877929688,788.6099853515625,335483,2024-11-27 20:30:00+00:00
791.3300170898438,796.72998046875,789.3309936523438,794.4949951171875,579875,2024-11-29 14:30:00+00:00
795.0549926757812,800.3300170898438,795.0549926757812,796.530029296875,464293,2024-11-29 15:30:00+00:00
796.2100219726562,799.0,794.8400268554688,795.75,314695,2024-11-29 16:30:00+00:00
798.1099853515625,805.3499755859375,797.2000122070312,799.3099975585938,824762,2024-12-02 14:30:00+00:00
799.3300170898438,802.2100219726562,797.5802001953125,798.260009765625,301671,2024-12-02 15:30:00+00:00
798.2550048828125,799.0,795.2200927734375,797.719970703125,278692,2024-12-02 16:30:00+00:00
797.4000244140625,797.9099731445312,795.260009765625,797.489990234375,177783,2024-12-02 17:30:00+00:00
797.4249877929688,799.3099975585938,796.719970703125,797.9849853515625,163388,2024-12-02 18:30:00+00:00
797.8099975585938,801.7100219726562,797.7999877929688,800.6998901367188,210803,2024-12-02 19:30:00+00:00
800.4749755859375,802.3699951171875,799.2769165039062,800.6799926757812,281309,2024-12-02 20:30:00+00:00
802.9299926757812,816.2000122070312,801.6099853515625,809.6500854492188,676611,2024-12-03 14:30:00+00:00
810.27001953125,815.4400024414062,807.5999755859375,812.5399780273438,259983,2024-12-03 15:30:00+00:00
813.114990234375,814.2100219726562,809.780029296875,812.2100219726562,249109,2024-12-03 16:30:00+00:00
812.2100219726562,814.3699951171875,811.4550170898438,813.0850219726562,162500,2024-12-03 17:30:00+00:00
813.0800170898438,815.8699951171875,811.4299926757812,814.885009765625,281427,2024-12-03 18:30:00+00:00
814.89501953125,817.1300048828125,813.0,814.2849731445312,313245,2024-12-03 19:30:00+00:00
814.1900024414062,815.780029296875,813.010986328125,813.3900146484375,314437,2024-12-03 20:30:00+00:00
828.0999755859375,835.6099243164062,820.5,832.3599853515625,1021730,2024-12-04 14:30:00+00:00
832.0,846.462890625,831.2301025390625,839.5900268554688,776389,2024-12-04 15:30:00+00:00
839.1500244140625,840.39990234375,834.1599731445312,835.594970703125,385671,2024-12-04 16:30:00+00:00
835.6099853515625,836.6400146484375,833.2999877929688,835.4199829101562,261735,2024-12-04 17:30:00+00:00
835.239990234375,837.219970703125,833.969970703125,834.719970703125,205589,2024-12-04 18:30:00+00:00
834.719970703125,835.4299926757812,831.5,833.3049926757812,272241,2024-12-04 19:30:00+00:00
833.280029296875,835.75,829.739990234375,829.9299926757812,425082,2024-12-04 20:30:00+00:00
827.780029296875,829.0,817.5001220703125,821.7999877929688,598955,2024-12-05 14:30:00+00:00
821.7000122070312,826.1685180664062,817.510009765625,824.7199096679688,263790,2024-12-05 15:30:00+00:00
823.9000854492188,831.1300048828125,823.2050170898438,825.7999877929688,263253,2024-12-05 16:30:00+00:00
825.552978515625,827.3400268554688,822.9249877929688,823.5700073242188,163873,2024-12-05 17:30:00+00:00
823.5599975585938,825.75,822.8900146484375,824.385009765625,124831,2024-12-05 18:30:00+00:00
824.0700073242188,824.7199096679688,822.60009765625,823.3049926757812,157474,2024-12-05 19:30:00+00:00
823.3400268554688,827.4500122070312,822.6701049804688,826.47998046875,293207,2024-12-05 20:30:00+00:00
827.6799926757812,837.2000122070312,826.5203247070312,835.2069091796875,540439,2024-12-06 14:30:00+00:00
836.5999755859375,838.0,833.5800170898438,837.7249755859375,319681,2024-12-06 15:30:00+00:00
837.7249755859375,841.0,835.0,835.3499755859375,253564,2024-12-06 16:30:00+00:00
835.1699829101562,836.0,833.1400756835938,834.7650146484375,324788,2024-12-06 17:30:00+00:00
834.4349975585938,834.8599853515625,829.0,829.97998046875,262564,2024-12-06 18:30:00+00:00
829.7899780273438,831.6300048828125,827.8900146484375,830.7650146484375,236775,2024-12-06 19:30:00+00:00
830.5750122070312,830.75,825.6901245117188,826.4600219726562,316772,2024-12-06 20:30:00+00:00
823.7000122070312,823.7000122070312,803.0,808.9349975585938,650824,2024-12-09 14:30:00+00:00
809.27001953125,813.219970703125,808.02001953125,810.010009765625,302088,2024-12-09 15:30:00+00:00
810.739990234375,811.469970703125,805.489990234375,806.1799926757812,242991,2024-12-09 16:30:00+00:00
806.364990234375,807.5999755859375,803.3001098632812,806.871826171875,211440,2024-12-09 17:30:00+00:00
807.02001953125,810.8399047851562,806.4901123046875,806.8900146484375,168196,2024-12-09 18:30:00+00:00
806.9000244140625,808.030029296875,803.5850219726562,804.8300170898438,245302,2024-12-09 19:30:00+00:00
804.75,805.760009765625,801.280029296875,803.2100219726562,534938,2024-12-09 20:30:00+00:00
809.2650146484375,813.9998779296875,804.5999755859375,805.760009765625,666513,2024-12-10 14:30:00+00:00
805.760009765625,806.2498779296875,799.0,801.3150024414062,391173,2024-12-10 15:30:00+00:00
801.3099975585938,803.2899780273438,799.1699829101562,801.4498291015625,169055,2024-12-10 16:30:00+00:00
801.33837890625,803.0850219726562,800.080078125,801.8099975585938,158335,2024-12-10 17:30:00+00:00
802.4699096679688,804.6799926757812,801.2000732421875,803.7050170898438,158806,2024-12-10 18:30:00+00:00
803.7449951171875,804.1641845703125,801.02001953125,801.3792114257812,229858,2024-12-10 19:30:00+00:00
801.3599853515625,801.3599853515625,797.0,800.6400146484375,368023,2024-12-10 20:30:00+00:00
795.25,796.4899291992188,788.739990234375,790.0599975585938,691046,2024-12-11 14:30:00+00:00
790.4299926757812,791.2999877929688,786.3701171875,790.0999755859375,397264,2024-12-11 15:30:00+00:00
790.1599731445312,797.8298950195312,788.9550170898438,793.3200073242188,270330,2024-12-11 16:30:00+00:00
793.8800048828125,796.7908935546875,792.2600708007812,796.501708984375,204890,2024-12-11 17:30:00+00:00
796.010009765625,796.7199096679688,793.27001953125,795.72998046875,156830,2024-12-11 18:30:00+00:00
796.073486328125,799.2100219726562,795.3200073242188,798.6199951171875,241782,2024-12-11 19:30:00+00:00
798.7550048828125,799.4998779296875,795.75,796.8599853515625,376039,2024-12-11 20:30:00+00:00
796.72998046875,801.8364868164062,792.1099853515625,794.7999877929688,476754,2024-12-12 14:30:00+00:00
794.8800048828125,796.0999755859375,788.1300048828125,788.7000122070312,289586,2024-12-12 15:30:00+00:00
788.7100219726562,790.8400268554688,786.880126953125,788.6300048828125,229493,2024-12-12 16:30:00+00:00
788.5999755859375,788.5999755859375,783.7852783203125,783.8800048828125,202962,2024-12-12 17:30:00+00:00
783.7999877929688,784.0250244140625,780.72998046875,781.02001953125,244991,2024-12-12 18:30:00+00:00
781.0499877929688,782.0252075195312,778.3900756835938,781.77001953125,325504,2024-12-12 19:30:00+00:00
781.8800048828125,784.3599853515625,781.0,782.3099975585938,407059,2024-12-12 20:30:00+00:00
777.1300048828125,792.8599853515625,772.989990234375,781.7000122070312,709358,2024-12-13 14:30:00+00:00
781.8800048828125,783.1699829101562,777.0050048828125,781.3499755859375,427682,2024-12-13 15:30:00+00:00
780.8300170898438,790.6364135742188,780.7000122070312,790.385009765625,233483,2024-12-13 16:30:00+00:00
790.385009765625,792.1699829101562,787.6900024414062,789.3599853515625,197857,2024-12-13 17:30:00+00:00
789.6599731445312,790.4498901367188,788.3099975585938,789.159912109375,163535,2024-12-13 18:30:00+00:00
788.7283935546875,794.2449951171875,788.719970703125,790.9000244140625,244451,2024-12-13 19:30:00+00:00
791.1500244140625,791.8599853515625,788.7000122070312,789.3400268554688,310511,2024-12-13 20:30:00+00:00
792.0,799.7825927734375,789.9500122070312,793.8200073242188,660767,2024-12-16 14:30:00+00:00
793.8200073242188,794.5900268554688,785.719970703125,787.5999755859375,308834,2024-12-16 15:30:00+00:00
787.6912841796875,788.9000244140625,785.8499755859375,788.3994750976562,212501,2024-12-16 16:30:00+00:00
787.9400024414062,788.0778198242188,781.010009765625,781.0999755859375,246005,2024-12-16 17:30:00+00:00
781.239990234375,781.3212890625,778.6599731445312,780.9498901367188,302454,2024-12-16 18:30:00+00:00
780.719970703125,781.6500244140625,777.8499755859375,778.0800170898438,270356,2024-12-16 19:30:00+00:00
778.02001953125,779.3300170898438,775.25,779.25,336985,2024-12-16 20:30:00+00:00
777.8599853515625,786.1849975585938,773.5999755859375,776.0999755859375,778821,2024-12-17 14:30:00+00:00
776.0999755859375,786.1699829101562,772.4299926757812,784.7949829101562,394210,2024-12-17 15:30:00+00:00
785.3466186523438,788.0,779.5999755859375,780.344970703125,323906,2024-12-17 16:30:00+00:00
780.5999755859375,782.3399047851562,779.5700073242188,782.0399780273438,200412,2024-12-17 17:30:00+00:00
782.0449829101562,784.2899780273438,781.5900268554688,783.3300170898438,190743,2024-12-17 18:30:00+00:00
783.7949829101562,784.989990234375,779.25,779.2849731445312,309143,2024-12-17 19:30:00+00:00
779.3400268554688,782.2000122070312,776.510009765625,778.1599731445312,570467,2024-12-17 20:30:00+00:00
775.0,777.0,768.0,776.6849975585938,659482,2024-12-18 14:30:00+00:00
777.260009765625,779.0,771.3900146484375,774.3900146484375,322498,2024-12-18 15:30:00+00:00
774.7249755859375,777.469970703125,774.0999755859375,775.4744262695312,165644,2024-12-18 16:30:00+00:00
775.5250244140625,776.2000122070312,774.02001953125,774.6699829101562,318007,2024-12-18 17:30:00+00:00
774.6699829101562,776.8300170898438,772.1199951171875,773.280029296875,237142,2024-12-18 18:30:00+00:00
773.344970703125,774.0167846679688,766.7000122070312,769.5499877929688,371163,2024-12-18 19:30:00+00:00
770.0499877929688,770.2999877929688,762.5,764.5,493595,2024-12-18 20:30:00+00:00
765.0999755859375,772.969970703125,754.3800048828125,754.7999877929688,728667,2024-12-19 14:30:00+00:00
755.0549926757812,758.9600219726562,753.3300170898438,756.97998046875,402353,2024-12-19 15:30:00+00:00
756.97998046875,759.1400146484375,752.39501953125,753.4249877929688,408812,2024-12-19 16:30:00+00:00
754.0,759.8200073242188,753.7208862304688,759.5900268554688,187189,2024-12-19 17:30:00+00:00
759.27001953125,760.2000122070312,755.9650268554688,757.8394775390625,196407,2024-12-19 18:30:00+00:00
758.2999877929688,759.75,756.7000122070312,757.3400268554688,203305,2024-12-19 19:30:00+00:00
757.4749755859375,759.2684936523438,755.8300170898438,757.4299926757812,332807,2024-12-19 20:30:00+00:00
811.3499755859375,811.3499755859375,785.7999877929688,790.510009765625,3474144,2024-12-20 14:30:00+00:00
790.2000122070312,798.2000122070312,784.7150268554688,795.2249755859375,864771,2024-12-20 15:30:00+00:00
795.260009765625,799.4600219726562,790.219970703125,792.510009765625,742575,2024-12-20 16:30:00+00:00
792.1699829101562,792.6500244140625,781.3800048828125,784.0,480976,2024-12-20 17:30:00+00:00
784.5499877929688,786.0,769.875,770.260009765625,537304,2024-12-20 18:30:00+00:00
770.405029296875,780.6707153320312,767.0,779.0,581530,2024-12-20 19:30:00+00:00
779.7100219726562,779.8099975585938,766.6099853515625,768.4299926757812,622903,2024-12-20 20:30:00+00:00
785.1699829101562,787.989990234375,773.0700073242188,779.3900146484375,835849,2024-12-23 14:30:00+00:00
779.9030151367188,786.6900024414062,777.9000244140625,779.760009765625,423779,2024-12-23 15:30:00+00:00
780.125,789.9949951171875,779.3200073242188,789.9949951171875,289009,2024-12-23 16:30:00+00:00
789.7681274414062,791.8800048828125,787.0001220703125,788.6500244140625,285606,2024-12-23 17:30:00+00:00
788.389404296875,794.02001953125,788.389404296875,793.6199951171875,278507,2024-12-23 18:30:00+00:00
793.5399780273438,794.077392578125,790.5792846679688,793.8250122070312,236764,2024-12-23 19:30:00+00:00
793.7860717773438,799.3599853515625,793.0001220703125,796.1500244140625,475443,2024-12-23 20:30:00+00:00
791.3699951171875,797.75,787.0999755859375,793.9749755859375,454129,2024-12-24 14:30:00+00:00
794.2017211914062,796.780029296875,793.1699829101562,794.5574951171875,177794,2024-12-24 15:30:00+00:00
794.5750122070312,795.9500122070312,792.6937866210938,795.0499877929688,178580,2024-12-24 16:30:00+00:00
794.1199951171875,803.909912109375,791.5,793.3099975585938,312502,2024-12-26 14:30:00+00:00
794.1323852539062,798.3599853515625,792.840087890625,795.4432983398438,137818,2024-12-26 15:30:00+00:00
795.8699951171875,797.72998046875,794.6400146484375,797.27001953125,113480,2024-12-26 16:30:00+00:00
797.3182983398438,798.9000244140625,796.1776123046875,798.3200073242188,96522,2024-12-26 17:30:00+00:00
797.9299926757812,797.9849853515625,794.9204711914062,794.9204711914062,123450,2024-12-26 18:30:00+00:00
795.1799926757812,797.7199096679688,795.090087890625,797.4600219726562,107530,2024-12-26 19:30:00+00:00
797.25,797.530029296875,793.4500122070312,794.510009765625,126010,2024-12-26 20:30:00+00:00
790.0,793.2949829101562,787.1300048828125,788.75,331804,2024-12-27 14:30:00+00:00
788.0999755859375,789.1300048828125,783.5499877929688,787.1099853515625,233827,2024-12-27 15:30:00+00:00
787.0599975585938,787.2899780273438,781.9000854492188,782.4400024414062,165040,2024-12-27 16:30:00+00:00
782.77001953125,784.1300048828125,781.0,781.8099975585938,174701,2024-12-27 17:30:00+00:00
781.8800048828125,783.6199951171875,781.1500244140625,782.7449951171875,136329,2024-12-27 18:30:00+00:00
782.7449951171875,784.1599731445312,780.3699951171875,781.0700073242188,181102,2024-12-27 19:30:00+00:00
780.9500122070312,784.0,779.219970703125,783.969970703125,357706,2024-12-27 20:30:00+00:00
777.9149780273438,779.760009765625,771.0,772.0599975585938,349999,2024-12-30 14:30:00+00:00
771.9400024414062,776.1799926757812,771.60400390625,775.5250244140625,200153,2024-12-30 15:30:00+00:00
775.530029296875,777.9000244140625,775.4949951171875,776.1649780273438,138349,2024-12-30 16:30:00+00:00
775.8499755859375,777.4400024414062,774.9401245117188,775.75,140099,2024-12-30 17:30:00+00:00
775.6799926757812,776.51708984375,773.5,774.1799926757812,131970,2024-12-30 18:30:00+00:00
774.4349975585938,775.6535034179688,773.6699829101562,773.6699829101562,134632,2024-12-30 19:30:00+00:00
773.719970703125,776.0,773.47998046875,773.530029296875,172990,2024-12-30 20:30:00+00:00
771.0,773.9099731445312,768.0,769.77001953125,258880,2024-12-31 14:30:00+00:00
769.7675170898438,770.3499755859375,764.7000122070312,765.75,208312,2024-12-31 15:30:00+00:00
765.8599853515625,768.6400146484375,764.2999877929688,766.25,206010,2024-12-31 16:30:00+00:00
766.3200073242188,771.4699096679688,765.0,767.5449829101562,208873,2024-12-31 17:30:00+00:00
767.9733276367188,770.0599975585938,765.9099731445312,767.4000244140625,208210,2024-12-31 18:30:00+00:00
766.9700927734375,771.1343994140625,766.7899780273438,770.64501953125,156722,2024-12-31 19:30:00+00:00
770.760009765625,772.5999755859375,769.580078125,772.5089721679688,308267,2024-12-31 20:30:00+00:00
780.5900268554688,787.0,779.1400146484375,780.75,441816,2025-01-02 14:30:00+00:00
780.6799926757812,783.030029296875,776.2169799804688,782.719970703125,197262,2025-01-02 15:30:00+00:00
782.27001953125,783.8499755859375,775.5,775.643310546875,178894,2025-01-02 16:30:00+00:00
775.49609375,775.6900024414062,771.77001953125,774.8499755859375,156181,2025-01-02 17:30:00+00:00
774.969970703125,776.3198852539062,772.219970703125,775.7100219726562,127864,2025-01-02 18:30:00+00:00
775.6199951171875,778.655029296875,774.3900146484375,777.260009765625,168825,2025-01-02 19:30:00+00:00
776.9400024414062,779.2100219726562,775.2839965820312,777.7999877929688,236216,2025-01-02 20:30:00+00:00
778.1699829101562,782.7000122070312,775.530029296875,778.2559204101562,321664,2025-01-03 14:30:00+00:00
776.875,781.2899780273438,776.380126953125,779.885009765625,184781,2025-01-03 15:30:00+00:00
779.9180297851562,781.0,778.3400268554688,778.8463134765625,143423,2025-01-03 16:30:00+00:00
778.9249877929688,782.260009765625,778.2830200195312,782.219970703125,121095,2025-01-03 17:30:00+00:00
782.9598999023438,785.8400268554688,782.5800170898438,784.989990234375,163438,2025-01-03 18:30:00+00:00
784.9600219726562,785.5549926757812,782.1900024414062,782.3699951171875,143706,2025-01-03 19:30:00+00:00
782.1799926757812,783.10498046875,780.4849853515625,782.1599731445312,217198,2025-01-03 20:30:00+00:00
783.7150268554688,784.7650146484375,773.60009765625,773.7650146484375,627076,2025-01-06 14:30:00+00:00
773.6749877929688,777.5,772.5523071289062,774.1727905273438,374383,2025-01-06 15:30:00+00:00
774.0700073242188,777.0999755859375,772.8214721679688,773.5650024414062,253298,2025-01-06 16:30:00+00:00
773.5650024414062,774.5,769.1599731445312,769.7880859375,346437,2025-01-06 17:30:00+00:00
769.6500244140625,769.9000244140625,764.7000122070312,766.8200073242188,384787,2025-01-06 18:30:00+00:00
766.885009765625,766.885009765625,764.375,765.5850219726562,367473,2025-01-06 19:30:00+00:00
765.5700073242188,766.5449829101562,763.3499755859375,765.5,587027,2025-01-06 20:30:00+00:00
764.9000244140625,783.9600219726562,761.6201782226562,774.8900146484375,1041861,2025-01-07 14:30:00+00:00
774.8250122070312,777.7999877929688,771.52001953125,772.89501953125,433614,2025-01-07 15:30:00+00:00
772.9099731445312,775.4500122070312,770.719970703125,773.0399780273438,338888,2025-01-07 16:30:00+00:00
772.8350219726562,777.5075073242188,772.5599975585938,776.5399780273438,257575,2025-01-07 17:30:00+00:00
776.510009765625,776.5900268554688,771.7999877929688,773.2999877929688,286517,2025-01-07 18:30:00+00:00
773.5800170898438,773.75,769.6099853515625,770.1834106445312,261003,2025-01-07 19:30:00+00:00
769.739990234375,774.1099853515625,768.219970703125,773.1900024414062,389941,2025-01-07 20:30:00+00:00
775.625,781.25,770.6649780273438,780.8049926757812,685966,2025-01-08 14:30:00+00:00
780.8499755859375,787.739990234375,780.2276000976562,786.4249877929688,387448,2025-01-08 15:30:00+00:00
786.4249877929688,792.5599975585938,782.8350219726562,782.8699951171875,390097,2025-01-08 16:30:00+00:00
782.8800048828125,785.7698974609375,780.010009765625,784.72998046875,218316,2025-01-08 17:30:00+00:00
784.3300170898438,788.219970703125,783.0590209960938,788.1505126953125,160634,2025-01-08 18:30:00+00:00
787.8699951171875,788.638427734375,785.3800048828125,787.3300170898438,280844,2025-01-08 19:30:00+00:00
787.52001953125,790.989990234375,785.5399780273438,786.7999877929688,492811,2025-01-08 20:30:00+00:00
791.9299926757812,796.52001953125,785.8599853515625,787.4724731445312,780347,2025-01-10 14:30:00+00:00
787.0250244140625,790.780029296875,784.8599853515625,788.22998046875,257979,2025-01-10 15:30:00+00:00
788.2000122070312,792.2000122070312,786.0001220703125,791.5599975585938,233645,2025-01-10 16:30:00+00:00
791.260009765625,794.2899780273438,789.9400024414062,793.0,254236,2025-01-10 17:30:00+00:00
792.9299926757812,796.4987182617188,792.1199951171875,795.0399780273438,252789,2025-01-10 18:30:00+00:00
795.0499877929688,796.47998046875,793.1500854492188,794.9600219726562,312707,2025-01-10 19:30:00+00:00
794.6649780273438,800.0,794.0,799.3499755859375,520686,2025-01-10 20:30:00+00:00
794.4000244140625,795.2100219726562,783.9000244140625,784.375,641654,2025-01-13 14:30:00+00:00
784.280029296875,791.0,783.6099853515625,789.2999877929688,372135,2025-01-13 15:30:00+00:00
789.2999877929688,793.4232177734375,784.0,785.47998046875,379329,2025-01-13 16:30:00+00:00
785.0700073242188,794.75,784.3400268554688,793.7999877929688,301393,2025-01-13 17:30:00+00:00
793.8099975585938,803.530029296875,793.510009765625,803.30810546875,362308,2025-01-13 18:30:00+00:00
803.4000244140625,805.3400268554688,795.3900146484375,796.0349731445312,475373,2025-01-13 19:30:00+00:00
796.0349731445312,799.030029296875,794.1699829101562,797.8499755859375,354056,2025-01-13 20:30:00+00:00
778.8300170898438,784.2249755859375,729.0,740.489990234375,4002717,2025-01-14 14:30:00+00:00
740.6400146484375,752.0,737.02001953125,745.14501953125,1497705,2025-01-14 15:30:00+00:00
745.3499755859375,747.4600219726562,733.0,736.0999755859375,1005817,2025-01-14 16:30:00+00:00
736.3300170898438,741.0,732.5,739.97998046875,773947,2025-01-14 17:30:00+00:00
739.989990234375,748.1500244140625,738.1400146484375,744.77001953125,711892,2025-01-14 18:30:00+00:00
744.4600219726562,747.4500122070312,737.0,741.25,792016,2025-01-14 19:30:00+00:00
741.4099731445312,745.030029296875,740.3300170898438,744.5,808345,2025-01-14 20:30:00+00:00
749.0,754.5999755859375,735.2650146484375,745.7000122070312,1687894,2025-01-15 14:30:00+00:00
746.2100219726562,751.760009765625,745.4000244140625,745.4000244140625,523229,2025-01-15 15:30:00+00:00
745.4400024414062,749.7799072265625,744.1099853515625,747.8679809570312,446301,2025-01-15 16:30:00+00:00
747.4600219726562,748.760009765625,745.0999755859375,746.7000122070312,275556,2025-01-15 17:30:00+00:00
747.02001953125,750.3049926757812,745.6201171875,749.5850219726562,336659,2025-01-15 18:30:00+00:00
749.5,751.4500122070312,745.510009765625,746.4500122070312,733708,2025-01-15 19:30:00+00:00
746.489990234375,747.8399047851562,744.260009765625,746.739990234375,576760,2025-01-15 20:30:00+00:00
747.5,753.119873046875,746.4000244140625,750.8800048828125,464295,2025-01-16 14:30:00+00:00
750.8800048828125,762.5,750.469970703125,762.4099731445312,456153,2025-01-16 15:30:00+00:00
762.3873901367188,765.510009765625,759.760009765625,763.969970703125,392178,2025-01-16 16:30:00+00:00
763.969970703125,765.0,758.0800170898438,758.6799926757812,287554,2025-01-16 17:30:00+00:00
758.6849975585938,762.1599731445312,758.1937866210938,761.4600219726562,244260,2025-01-16 18:30:00+00:00
761.6409912109375,765.447509765625,758.0062255859375,759.111328125,311510,2025-01-16 19:30:00+00:00
759.9600219726562,762.3699951171875,757.5599975585938,758.0700073242188,340594,2025-01-16 20:30:00+00:00
747.8300170898438,755.2799072265625,744.1199951171875,744.1199951171875,1249470,2025-01-17 14:30:00+00:00
744.2949829101562,744.9000244140625,738.125,739.2650146484375,556008,2025-01-17 15:30:00+00:00
739.155029296875,743.9600219726562,738.6699829101562,740.6199951171875,348009,2025-01-17 16:30:00+00:00
740.6199951171875,741.8599853515625,737.530029296875,738.9600219726562,504634,2025-01-17 17:30:00+00:00
738.8900146484375,739.9500122070312,732.5499877929688,733.0,404051,2025-01-17 18:30:00+00:00
733.0,733.6599731445312,727.3699951171875,731.2750244140625,696458,2025-01-17 19:30:00+00:00
731.2349853515625,734.6500244140625,725.010009765625,725.8099975585938,1107668,2025-01-17 20:30:00+00:00
731.27001953125,739.4400024414062,728.25,730.0,1000752,2025-01-21 14:30:00+00:00
730.7647094726562,731.780029296875,726.530029296875,730.0499877929688,408549,2025-01-21 15:30:00+00:00
730.0499877929688,735.8300170898438,729.75,734.8300170898438,435274,2025-01-21 16:30:00+00:00
734.7999877929688,735.6300048828125,732.5900268554688,734.030029296875,331064,2025-01-21 17:30:00+00:00
734.030029296875,739.27001953125,733.8699951171875,736.6900024414062,542118,2025-01-21 18:30:00+00:00
736.625,741.4099731445312,736.239990234375,741.0599975585938,482382,2025-01-21 19:30:00+00:00
740.52001953125,743.280029296875,739.5,742.3699951171875,613741,2025-01-21 20:30:00+00:00
743.010009765625,752.4400024414062,739.0499877929688,751.8800048828125,693278,2025-01-22 14:30:00+00:00
752.1500244140625,759.0599975585938,750.989990234375,755.4299926757812,616073,2025-01-22 15:30:00+00:00
755.9199829101562,760.3699951171875,754.6500244140625,757.4299926757812,294988,2025-01-22 16:30:00+00:00
757.040771484375,757.510009765625,751.5029296875,754.0549926757812,232750,2025-01-22 17:30:00+00:00
754.0549926757812,754.4400024414062,750.3099975585938,754.31591796875,175688,2025-01-22 18:30:00+00:00
754.1500244140625,756.2899780273438,752.8300170898438,754.4199829101562,375532,2025-01-22 19:30:00+00:00
754.5900268554688,755.47998046875,751.85498046875,753.8200073242188,364587,2025-01-22 20:30:00+00:00
747.6599731445312,756.489013671875,744.25,751.8099975585938,617938,2025-01-23 14:30:00+00:00
751.844970703125,758.0,751.0999755859375,757.5,397676,2025-01-23 15:30:00+00:00
758.280029296875,761.9000244140625,755.4000244140625,761.6599731445312,300987,2025-01-23 16:30:00+00:00
761.6400146484375,765.6599731445312,760.6099853515625,763.8200073242188,333928,2025-01-23 17:30:00+00:00
763.9299926757812,764.8286743164062,761.489990234375,761.7000122070312,222757,2025-01-23 18:30:00+00:00
762.0631103515625,764.3300170898438,758.719970703125,763.8400268554688,266051,2025-01-23 19:30:00+00:00
763.6694946289062,766.5900268554688,762.9500122070312,766.5499877929688,434394,2025-01-23 20:30:00+00:00
761.9500122070312,781.239990234375,760.489990234375,774.9400024414062,838569,2025-01-24 14:30:00+00:00
774.9400024414062,789.2899780273438,774.5399780273438,784.469970703125,679411,2025-01-24 15:30:00+00:00
784.25,787.6199951171875,781.6300048828125,783.9000244140625,456100,2025-01-24 16:30:00+00:00
784.1900024414062,784.9613037109375,782.3381958007812,783.594970703125,285029,2025-01-24 17:30:00+00:00
783.594970703125,785.0,780.260009765625,784.6400146484375,320953,2025-01-24 18:30:00+00:00
784.5800170898438,788.0,782.3599853515625,783.47998046875,437851,2025-01-24 19:30:00+00:00
783.4849853515625,785.8499755859375,782.5250244140625,785.3499755859375,507831,2025-01-24 20:30:00+00:00
778.7100219726562,793.5504760742188,778.7100219726562,792.1699829101562,767060,2025-01-27 14:30:00+00:00
792.1699829101562,803.9949951171875,791.969970703125,803.0,575097,2025-01-27 15:30:00+00:00
802.5499877929688,806.114990234375,797.6701049804688,805.3900146484375,421756,2025-01-27 16:30:00+00:00
805.489990234375,806.9550170898438,799.2600708007812,800.0399780273438,356254,2025-01-27 17:30:00+00:00
800.2650146484375,805.489990234375,800.0499877929688,804.3400268554688,274272,2025-01-27 18:30:00+00:00
804.1799926757812,806.2000122070312,801.8150024414062,802.0,307026,2025-01-27 19:30:00+00:00
802.0,809.25,801.4478149414062,808.7000122070312,579398,2025-01-27 20:30:00+00:00
808.8599853515625,816.1500244140625,800.1099853515625,806.010009765625,585463,2025-01-28 14:30:00+00:00
806.0487060546875,808.0,801.982177734375,803.5850219726562,274870,2025-01-28 15:30:00+00:00
803.1380004882812,809.489990234375,803.1380004882812,809.280029296875,186974,2025-01-28 16:30:00+00:00
809.3300170898438,811.50537109375,806.4000244140625,810.75,234215,2025-01-28 17:30:00+00:00
811.0,811.4634399414062,806.239990234375,809.1599731445312,245168,2025-01-28 18:30:00+00:00
809.1749877929688,811.9199829101562,809.0900268554688,809.9400024414062,233373,2025-01-28 19:30:00+00:00
810.0,810.239990234375,804.2683715820312,804.9400024414062,448827,2025-01-28 20:30:00+00:00
806.989990234375,809.010009765625,799.7100219726562,807.3200073242188,340170,2025-01-29 14:30:00+00:00
806.9749755859375,809.119873046875,803.1900024414062,805.0,174079,2025-01-29 15:30:00+00:00
804.9953002929688,806.02001953125,803.340087890625,805.780029296875,124826,2025-01-29 16:30:00+00:00
805.8300170898438,806.0098876953125,799.0,803.2100219726562,181841,2025-01-29 17:30:00+00:00
803.22998046875,803.6099853515625,800.6721801757812,803.3477172851562,133907,2025-01-29 18:30:00+00:00
803.0,807.5,802.0,807.1599731445312,258927,2025-01-29 19:30:00+00:00
807.1599731445312,807.469970703125,802.6099853515625,804.1099853515625,272394,2025-01-29 20:30:00+00:00
808.4099731445312,812.510009765625,805.0,810.0357055664062,435209,2025-01-30 14:30:00+00:00
810.6699829101562,810.847900390625,807.6533203125,808.6849975585938,161314,2025-01-30 15:30:00+00:00
809.0449829101562,815.1298828125,808.2000122070312,814.3021240234375,233026,2025-01-30 16:30:00+00:00
814.4500122070312,821.840576171875,814.1500244140625,821.1699829101562,259183,2025-01-30 17:30:00+00:00
821.239990234375,821.5,817.1099853515625,820.25,245238,2025-01-30 18:30:00+00:00
820.27001953125,823.1599731445312,818.090087890625,822.7999877929688,260668,2025-01-30 19:30:00+00:00
823.0,824.6199951171875,819.780029296875,823.3099975585938,519624,2025-01-30 20:30:00+00:00
823.0,827.3499755859375,817.4199829101562,826.510009765625,422673,2025-01-31 14:30:00+00:00
826.4099731445312,827.25,821.510009765625,821.5850219726562,225349,2025-01-31 15:30:00+00:00
821.4000244140625,823.989990234375,819.7100219726562,823.989990234375,176998,2025-01-31 16:30:00+00:00
823.9199829101562,824.0,821.9000244140625,822.489990234375,142397,2025-01-31 17:30:00+00:00
822.0200805664062,823.1300048828125,816.5015258789062,817.780029296875,182052,2025-01-31 18:30:00+00:00
818.0449829101562,818.3900146484375,813.5999755859375,816.8699951171875,269508,2025-01-31 19:30:00+00:00
817.0800170898438,818.3200073242188,811.030029296875,811.0900268554688,336715,2025-01-31 20:30:00+00:00
807.1900024414062,817.9600219726562,801.75,807.6799926757812,773779,2025-02-03 14:30:00+00:00
807.6599731445312,816.1199951171875,806.2899780273438,814.3300170898438,308308,2025-02-03 15:30:00+00:00
814.4249877929688,817.5700073242188,812.8900146484375,815.6735229492188,323163,2025-02-03 16:30:00+00:00
815.6500244140625,815.7249755859375,812.6500244140625,813.719970703125,195418,2025-02-03 17:30:00+00:00
813.7000122070312,815.1500244140625,811.6199951171875,813.4299926757812,187728,2025-02-03 18:30:00+00:00
813.4299926757812,814.47998046875,809.5800170898438,810.5549926757812,194776,2025-02-03 19:30:00+00:00
810.4879150390625,813.8400268554688,809.5800170898438,810.739990234375,294437,2025-02-03 20:30:00+00:00
811.0499877929688,814.5,805.9349975585938,806.030029296875,557623,2025-02-04 14:30:00+00:00
806.7100219726562,811.75,806.1500244140625,811.3300170898438,322694,2025-02-04 15:30:00+00:00
811.3300170898438,817.0800170898438,810.6599731445312,815.8599853515625,463252,2025-02-04 16:30:00+00:00
816.1599731445312,819.8300170898438,813.9149780273438,819.7150268554688,295973,2025-02-04 17:30:00+00:00
819.5999755859375,824.4299926757812,819.5,822.5700073242188,365008,2025-02-04 18:30:00+00:00
822.7100219726562,826.27001953125,822.635009765625,825.3200073242188,455928,2025-02-04 19:30:00+00:00
824.7100219726562,829.0399780273438,824.3286743164062,826.4249877929688,527475,2025-02-04 20:30:00+00:00
837.219970703125,846.0999755859375,832.0,836.3400268554688,1283625,2025-02-05 14:30:00+00:00
836.3400268554688,836.3400268554688,831.0557861328125,835.030029296875,478084,2025-02-05 15:30:00+00:00
835.2899780273438,843.5999145507812,834.1699829101562,842.3800048828125,406023,2025-02-05 16:30:00+00:00
842.010009765625,845.7000122070312,841.3350219726562,843.739990234375,386172,2025-02-05 17:30:00+00:00
843.8499755859375,845.3200073242188,841.0,845.3200073242188,340147,2025-02-05 18:30:00+00:00
845.4600219726562,846.9000244140625,842.0,843.7249755859375,364191,2025-02-05 19:30:00+00:00
843.8049926757812,845.5599975585938,842.1500244140625,843.1400146484375,542292,2025-02-05 20:30:00+00:00
839.52001953125,866.989990234375,835.6099853515625,859.4600219726562,1765477,2025-02-06 14:30:00+00:00
859.8258056640625,879.0,858.0640258789062,876.2150268554688,1073977,2025-02-06 15:30:00+00:00
876.2442016601562,887.73681640625,875.4801025390625,879.4949951171875,943101,2025-02-06 16:30:00+00:00
879.4349975585938,880.8599853515625,865.8300170898438,869.0599975585938,675282,2025-02-06 17:30:00+00:00
868.8599853515625,875.22998046875,867.0999755859375,869.6445922851562,410175,2025-02-06 18:30:00+00:00
869.6300048828125,872.9998779296875,865.0,869.8699951171875,576014,2025-02-06 19:30:00+00:00
869.2401123046875,874.5750122070312,868.6400146484375,870.989990234375,861223,2025-02-06 20:30:00+00:00
873.52001953125,889.3599853515625,869.6185913085938,884.9749755859375,1206837,2025-02-07 14:30:00+00:00
885.0,885.760009765625,875.7000122070312,876.719970703125,595117,2025-02-07 15:30:00+00:00
877.010009765625,882.3599853515625,876.4299926757812,880.780029296875,322662,2025-02-07 16:30:00+00:00
881.35498046875,886.47998046875,881.0999755859375,885.1699829101562,358589,2025-02-07 17:30:00+00:00
884.8499755859375,888.2098999023438,878.6201171875,879.1583862304688,324254,2025-02-07 18:30:00+00:00
878.8099975585938,882.39990234375,878.8099975585938,881.3300170898438,320179,2025-02-07 19:30:00+00:00
881.2999877929688,882.760009765625,877.2899780273438,878.5399780273438,537987,2025-02-07 20:30:00+00:00
877.7249755859375,880.0,861.3759155273438,867.5827026367188,698770,2025-02-10 14:30:00+00:00
867.14501953125,871.47998046875,864.9099731445312,865.3499755859375,323518,2025-02-10 15:30:00+00:00
865.5549926757812,868.6799926757812,860.3099975585938,862.7000122070312,336503,2025-02-10 16:30:00+00:00
862.5399780273438,864.780029296875,859.3699951171875,863.3699951171875,292788,2025-02-10 17:30:00+00:00
863.4949951171875,869.1400146484375,862.22998046875,869.0549926757812,298168,2025-02-10 18:30:00+00:00
869.469970703125,873.6900024414062,868.4099731445312,871.4650268554688,216044,2025-02-10 19:30:00+00:00
871.8159790039062,871.8159790039062,866.3900146484375,869.1599731445312,302442,2025-02-10 20:30:00+00:00
867.030029296875,873.489990234375,860.5,862.0700073242188,417750,2025-02-11 14:30:00+00:00
862.2625122070312,869.7529296875,861.52001953125,867.5449829101562,314305,2025-02-11 15:30:00+00:00
867.5125122070312,869.8699951171875,864.3800048828125,867.5499877929688,187358,2025-02-11 16:30:00+00:00
867.5499877929688,871.6900024414062,866.4901123046875,871.5499877929688,135393,2025-02-11 17:30:00+00:00
871.1300048828125,873.6704711914062,868.3099975585938,870.8499755859375,184191,2025-02-11 18:30:00+00:00
870.47998046875,874.1900024414062,870.344970703125,871.0499877929688,165427,2025-02-11 19:30:00+00:00
871.0250244140625,871.419921875,864.5,864.7100219726562,279418,2025-02-11 20:30:00+00:00
856.9299926757812,877.27001953125,856.1099853515625,872.219970703125,648177,2025-02-12 14:30:00+00:00
872.2000122070312,874.6998901367188,865.0,866.5070190429688,259953,2025-02-12 15:30:00+00:00
866.5150146484375,876.02001953125,866.3200073242188,874.7999877929688,217648,2025-02-12 16:30:00+00:00
874.885009765625,875.77001953125,871.9600219726562,872.530029296875,163216,2025-02-12 17:30:00+00:00
872.530029296875,873.639892578125,870.6500854492188,872.135009765625,190140,2025-02-12 18:30:00+00:00
872.135009765625,875.4099731445312,871.8286743164062,875.0499877929688,155901,2025-02-12 19:30:00+00:00
875.0399780273438,877.780029296875,872.6799926757812,872.8599853515625,273979,2025-02-12 20:30:00+00:00
877.0700073242188,882.489990234375,867.7999877929688,878.4099731445312,553622,2025-02-13 14:30:00+00:00
878.6849975585938,883.4998779296875,874.344970703125,875.989990234375,365671,2025-02-13 15:30:00+00:00
875.7249755859375,876.2799072265625,869.52001953125,872.3499755859375,340958,2025-02-13 16:30:00+00:00
872.6699829101562,873.8341064453125,869.7249755859375,870.2449951171875,202844,2025-02-13 17:30:00+00:00
870.239990234375,873.036376953125,869.2546997070312,872.77001953125,183714,2025-02-13 18:30:00+00:00
872.7000122070312,876.3699951171875,871.8499755859375,874.1400146484375,198127,2025-02-13 19:30:00+00:00
874.4000244140625,875.4415893554688,871.0700073242188,871.8300170898438,243508,2025-02-13 20:30:00+00:00
869.0999755859375,873.5,862.0,869.8099975585938,570913,2025-02-14 14:30:00+00:00
869.989990234375,870.37158203125,861.1400756835938,862.5,285511,2025-02-14 15:30:00+00:00
862.5,862.7100219726562,850.6799926757812,853.81201171875,365636,2025-02-14 16:30:00+00:00
853.9901733398438,854.8250122070312,846.6300048828125,849.239990234375,295157,2025-02-14 17:30:00+00:00
848.4401245117188,851.25,846.5999755859375,849.4600219726562,331802,2025-02-14 18:30:00+00:00
849.655029296875,850.2799072265625,843.5700073242188,844.7371826171875,355577,2025-02-14 19:30:00+00:00
845.02001953125,847.7498779296875,841.489990234375,844.02001953125,422896,2025-02-14 20:30:00+00:00
856.4199829101562,862.72998046875,852.010009765625,853.510009765625,812681,2025-02-18 14:30:00+00:00
853.9400024414062,857.6099243164062,852.6099853515625,856.219970703125,469170,2025-02-18 15:30:00+00:00
856.219970703125,856.5203247070312,851.3599853515625,853.280029296875,295139,2025-02-18 16:30:00+00:00
853.280029296875,860.3399047851562,853.1799926757812,857.885009765625,281341,2025-02-18 17:30:00+00:00
857.4000244140625,858.5700073242188,854.5700073242188,858.0800170898438,202491,2025-02-18 18:30:00+00:00
857.9099731445312,858.1343994140625,855.9199829101562,857.1199951171875,203083,2025-02-18 19:30:00+00:00
856.9849853515625,858.719970703125,855.8699951171875,857.72998046875,341553,2025-02-18 20:30:00+00:00
857.1749877929688,868.8800048828125,857.1749877929688,866.8300170898438,842072,2025-02-19 14:30:00+00:00
867.0,881.3267822265625,866.4299926757812,876.3099975585938,668369,2025-02-19 15:30:00+00:00
876.1199951171875,877.219970703125,869.27001953125,871.0100708007812,226508,2025-02-19 16:30:00+00:00
871.280029296875,875.0150146484375,870.4099731445312,871.1599731445312,168802,2025-02-19 17:30:00+00:00
871.1599731445312,871.6829833984375,867.1500244140625,868.1500244140625,196927,2025-02-19 18:30:00+00:00
868.280029296875,868.2999877929688,862.8099975585938,865.7249755859375,224688,2025-02-19 19:30:00+00:00
866.1500244140625,867.8800048828125,865.3900146484375,867.1699829101562,196954,2025-02-19 20:30:00+00:00
866.8400268554688,880.3200073242188,864.0,878.4000244140625,690481,2025-02-20 14:30:00+00:00
878.1500244140625,879.4400024414062,870.6799926757812,873.27001953125,330805,2025-02-20 15:30:00+00:00
874.1300048828125,874.239990234375,869.22998046875,873.89501953125,278691,2025-02-20 16:30:00+00:00
874.0650024414062,875.5941772460938,872.0850219726562,874.0850219726562,172613,2025-02-20 17:30:00+00:00
874.0850219726562,876.4598999023438,871.47998046875,871.510009765625,170242,2025-02-20 18:30:00+00:00
871.8400268554688,872.0700073242188,868.8499755859375,869.8400268554688,287477,2025-02-20 19:30:00+00:00
869.7999877929688,874.3554077148438,868.8200073242188,873.3699951171875,403870,2025-02-20 20:30:00+00:00
880.6199951171875,881.7000122070312,873.6799926757812,880.7000122070312,630829,2025-02-21 14:30:00+00:00
879.9650268554688,894.4000244140625,879.9650268554688,892.6693115234375,905381,2025-02-21 15:30:00+00:00
892.489990234375,894.389892578125,890.0,890.4199829101562,419735,2025-02-21 16:30:00+00:00
890.4199829101562,890.6500244140625,881.0963134765625,881.6400146484375,351842,2025-02-21 17:30:00+00:00
881.4650268554688,883.4099731445312,876.72998046875,877.4249877929688,294985,2025-02-21 18:30:00+00:00
877.35498046875,879.4099731445312,874.77001953125,877.8150024414062,313560,2025-02-21 19:30:00+00:00
877.8150024414062,877.9299926757812,873.4299926757812,874.0,453056,2025-02-21 20:30:00+00:00
879.2899780273438,881.489990234375,870.1898193359375,870.5700073242188,528360,2025-02-24 14:30:00+00:00
870.75,881.0999755859375,870.0175170898438,880.4299926757812,382374,2025-02-24 15:30:00+00:00
880.469970703125,891.0,878.880126953125,890.1799926757812,338612,2025-02-24 16:30:00+00:00
890.4039916992188,892.7899780273438,886.0,889.0,245953,2025-02-24 17:30:00+00:00
887.717529296875,890.9595947265625,885.5599975585938,889.9400024414062,198262,2025-02-24 18:30:00+00:00
890.0130004882812,893.1099853515625,885.989990234375,886.6300048828125,292343,2025-02-24 19:30:00+00:00
886.9299926757812,887.5499267578125,881.3300170898438,882.0,456421,2025-02-24 20:30:00+00:00
890.739990234375,911.9998779296875,890.739990234375,904.3699951171875,1693567,2025-02-25 14:30:00+00:00
904.364990234375,907.6049194335938,898.2000122070312,899.9600219726562,602813,2025-02-25 15:30:00+00:00
899.2800903320312,902.8200073242188,898.6199951171875,900.3800048828125,414397,2025-02-25 16:30:00+00:00
900.4000244140625,903.2299194335938,899.0989990234375,900.969970703125,452759,2025-02-25 17:30:00+00:00
900.6799926757812,904.3150024414062,898.030029296875,900.6400146484375,338467,2025-02-25 18:30:00+00:00
900.72998046875,904.1599731445312,899.7700805664062,902.905029296875,465534,2025-02-25 19:30:00+00:00
902.905029296875,905.5,900.5850219726562,901.97998046875,481650,2025-02-25 20:30:00+00:00
898.364990234375,912.5,896.5999755859375,912.0700073242188,736017,2025-02-26 14:30:00+00:00
911.485595703125,922.4298706054688,910.580078125,913.7349853515625,516770,2025-02-26 15:30:00+00:00
913.219970703125,918.5698852539062,911.9099731445312,917.0700073242188,255445,2025-02-26 16:30:00+00:00
917.1624755859375,917.6500244140625,907.8499755859375,909.1599731445312,293804,2025-02-26 17:30:00+00:00
908.8800048828125,911.5012817382812,905.840087890625,911.010009765625,284307,2025-02-26 18:30:00+00:00
910.5399780273438,914.2698974609375,910.2999877929688,912.0750122070312,267290,2025-02-26 19:30:00+00:00
911.8099975585938,917.9749755859375,911.0399780273438,915.0900268554688,301891,2025-02-26 20:30:00+00:00
915.719970703125,925.5,907.3200073242188,919.6259765625,820007,2025-02-27 14:30:00+00:00
919.375,925.1799926757812,918.1500244140625,922.030029296875,331983,2025-02-27 15:30:00+00:00
922.0349731445312,923.97998046875,919.0399780273438,921.5700073242188,248330,2025-02-27 16:30:00+00:00
921.510009765625,922.989990234375,916.2999877929688,916.319580078125,211245,2025-02-27 17:30:00+00:00
916.7283935546875,917.8549194335938,908.0200805664062,909.0,284018,2025-02-27 18:30:00+00:00
908.969970703125,911.9000244140625,905.4000244140625,906.1400146484375,391697,2025-02-27 19:30:00+00:00
906.3699951171875,908.1599731445312,904.0599975585938,905.3699951171875,409908,2025-02-27 20:30:00+00:00
901.8400268554688,910.4000244140625,892.6129150390625,897.1699829101562,721687,2025-02-28 14:30:00+00:00
896.3499755859375,901.510009765625,894.4100952148438,899.2999877929688,380217,2025-02-28 15:30:00+00:00
899.2999877929688,906.2750244140625,899.2999877929688,902.5349731445312,218760,2025-02-28 16:30:00+00:00
902.5050048828125,903.5109252929688,898.4210205078125,900.9199829101562,194218,2025-02-28 17:30:00+00:00
901.010009765625,909.9998779296875,900.4901123046875,909.0050048828125,195680,2025-02-28 18:30:00+00:00
909.1950073242188,913.5999755859375,908.8001098632812,913.5999755859375,263952,2025-02-28 19:30:00+00:00
913.4400024414062,921.219970703125,911.9199829101562,920.5700073242188,396711,2025-02-28 20:30:00+00:00
912.7999877929688,925.75,910.0,922.3049926757812,657734,2025-03-03 14:30:00+00:00
922.2999877929688,930.5800170898438,920.889892578125,929.5599975585938,446933,2025-03-03 15:30:00+00:00
929.5,935.625,926.8424072265625,933.1649780273438,459446,2025-03-03 16:30:00+00:00
932.8073120117188,934.0499877929688,929.4099731445312,930.3300170898438,283648,2025-03-03 17:30:00+00:00
930.6199951171875,933.0,928.0,930.6281127929688,275614,2025-03-03 18:30:00+00:00
930.8099975585938,933.5,925.3001098632812,929.4600219726562,539136,2025-03-03 19:30:00+00:00
929.280029296875,931.489990234375,926.280029296875,930.02001953125,448959,2025-03-03 20:30:00+00:00
922.2349853515625,929.1599731445312,913.6400146484375,919.0650024414062,848042,2025-03-04 14:30:00+00:00
919.0650024414062,919.6500244140625,902.7901000976562,906.4099731445312,497261,2025-03-04 15:30:00+00:00
906.6900024414062,915.2550048828125,905.75,913.9500122070312,318766,2025-03-04 16:30:00+00:00
913.3499755859375,914.7341918945312,908.219970703125,911.0599975585938,197235,2025-03-04 17:30:00+00:00
911.0599975585938,918.540771484375,909.6599731445312,915.1119995117188,223270,2025-03-04 18:30:00+00:00
915.1099853515625,919.47998046875,913.3300170898438,917.9199829101562,344862,2025-03-04 19:30:00+00:00
918.1799926757812,918.47998046875,909.3400268554688,911.8099975585938,405583,2025-03-04 20:30:00+00:00
904.7999877929688,924.1400146484375,901.6400146484375,918.8150024414062,563303,2025-03-05 14:30:00+00:00
918.719970703125,921.3447265625,912.5999755859375,917.2000122070312,242147,2025-03-05 15:30:00+00:00
917.0599975585938,919.0,913.8211059570312,918.6649780273438,222011,2025-03-05 16:30:00+00:00
918.989990234375,919.0,915.0700073242188,915.489990234375,232700,2025-03-05 17:30:00+00:00
915.9074096679688,923.8309936523438,914.25,922.739990234375,279848,2025-03-05 18:30:00+00:00
923.280029296875,928.5399780273438,922.4299926757812,926.5349731445312,343321,2025-03-05 19:30:00+00:00
926.5349731445312,930.489990234375,925.010009765625,929.469970703125,455477,2025-03-05 20:30:00+00:00
920.4199829101562,931.3800048828125,916.0100708007812,924.7449951171875,489399,2025-03-06 14:30:00+00:00
925.4299926757812,925.6599731445312,919.0601196289062,921.8150024414062,481692,2025-03-06 15:30:00+00:00
921.030029296875,923.7999877929688,909.969970703125,910.5399780273438,326899,2025-03-06 16:30:00+00:00
910.64501953125,912.25,905.0,907.4400024414062,317791,2025-03-06 17:30:00+00:00
907.0800170898438,908.0985717773438,898.280029296875,901.72998046875,393976,2025-03-06 18:30:00+00:00
901.7449951171875,913.010009765625,900.9600830078125,912.4199829101562,368542,2025-03-06 19:30:00+00:00
912.7999877929688,914.2100219726562,908.9500732421875,913.2000122070312,413092,2025-03-06 20:30:00+00:00
905.3900146484375,908.0,892.52001953125,895.9500122070312,551121,2025-03-07 14:30:00+00:00
895.7249755859375,896.22998046875,870.2999877929688,870.9249877929688,899058,2025-03-07 15:30:00+00:00
871.1199951171875,876.010009765625,861.3900146484375,862.77001953125,791261,2025-03-07 16:30:00+00:00
862.77001953125,876.6878051757812,861.9000244140625,876.5789184570312,495105,2025-03-07 17:30:00+00:00
875.8800048828125,877.0,868.6900024414062,870.5700073242188,336601,2025-03-07 18:30:00+00:00
870.10498046875,873.4899291992188,869.580078125,871.22998046875,374818,2025-03-07 19:30:00+00:00
871.3250122070312,874.4199829101562,866.8800048828125,869.280029296875,674899,2025-03-07 20:30:00+00:00
853.9099731445312,860.625,835.2000122070312,838.6170043945312,1323582,2025-03-10 13:30:00+00:00
838.614990234375,841.6799926757812,835.1099853515625,837.9000244140625,718517,2025-03-10 14:30:00+00:00
838.280029296875,844.1718139648438,837.5999755859375,842.1500244140625,585062,2025-03-10 15:30:00+00:00
842.219970703125,844.0916137695312,839.0701293945312,839.6900024414062,361546,2025-03-10 16:30:00+00:00
839.5850219726562,842.0,838.3900146484375,839.6400146484375,401766,2025-03-10 17:30:00+00:00
839.64501953125,840.5900268554688,830.1599731445312,835.5599975585938,685087,2025-03-10 18:30:00+00:00
835.5549926757812,836.3300170898438,825.780029296875,829.9500122070312,863703,2025-03-10 19:30:00+00:00
827.2000122070312,830.9199829101562,818.4400024414062,822.901123046875,756264,2025-03-11 13:30:00+00:00
823.2166137695312,824.6900024414062,817.6699829101562,823.1400146484375,558069,2025-03-11 14:30:00+00:00
823.1099853515625,828.2399291992188,818.280029296875,818.3800048828125,280350,2025-03-11 15:30:00+00:00
818.5800170898438,818.8900146484375,812.0900268554688,812.5900268554688,409055,2025-03-11 16:30:00+00:00
812.64501953125,829.5900268554688,811.6400146484375,827.9299926757812,377882,2025-03-11 17:30:00+00:00
828.0286254882812,832.3499755859375,824.680419921875,827.6900024414062,333283,2025-03-11 18:30:00+00:00
827.6199951171875,828.9000244140625,822.8499755859375,823.0900268554688,372639,2025-03-11 19:30:00+00:00
816.8638916015625,834.6500244140625,816.8638916015625,825.27001953125,734073,2025-03-12 13:30:00+00:00
824.6300048828125,825.1699829101562,813.260009765625,820.9849853515625,391027,2025-03-12 14:30:00+00:00
821.3400268554688,826.7999877929688,817.8699951171875,824.8200073242188,256963,2025-03-12 15:30:00+00:00
825.239990234375,828.7999877929688,822.0050048828125,828.7899780273438,222341,2025-03-12 16:30:00+00:00
828.5499877929688,829.1300048828125,819.9099731445312,820.1950073242188,311279,2025-03-12 17:30:00+00:00
820.1950073242188,822.5474853515625,819.1500244140625,819.9600219726562,307523,2025-03-12 18:30:00+00:00
820.023681640625,823.1231079101562,819.5,821.3699951171875,301394,2025-03-12 19:30:00+00:00
818.239990234375,821.1058959960938,800.0900268554688,807.0050048828125,665033,2025-03-13 13:30:00+00:00
807.0050048828125,810.0,798.719970703125,799.0549926757812,395219,2025-03-13 14:30:00+00:00
798.5,803.030029296875,795.3800048828125,801.26611328125,459458,2025-03-13 15:30:00+00:00
800.635009765625,805.0,798.6849975585938,802.73388671875,300849,2025-03-13 16:30:00+00:00
801.9000244140625,806.119873046875,799.7100219726562,805.2899780273438,342953,2025-03-13 17:30:00+00:00
805.0,807.6428833007812,801.3049926757812,801.6649780273438,375919,2025-03-13 18:30:00+00:00
801.4149780273438,801.9998779296875,798.010009765625,798.4199829101562,493480,2025-03-13 19:30:00+00:00
803.1099853515625,813.1306762695312,800.0,808.1849975585938,642908,2025-03-14 13:30:00+00:00
808.1849975585938,815.2100219726562,808.1849975585938,810.3599243164062,408250,2025-03-14 14:30:00+00:00
810.3251953125,812.1375732421875,808.5,810.4149780273438,260766,2025-03-14 15:30:00+00:00
810.4149780273438,814.9827270507812,809.3314208984375,813.4400024414062,241170,2025-03-14 16:30:00+00:00
813.6500244140625,814.5198974609375,809.1099853515625,810.4949951171875,242341,2025-03-14 17:30:00+00:00
810.4949951171875,812.4603271484375,808.219970703125,809.969970703125,287388,2025-03-14 18:30:00+00:00
810.0,813.9299926757812,803.0,812.9099731445312,506967,2025-03-14 19:30:00+00:00
816.9500122070312,828.9998779296875,814.5700073242188,826.7000122070312,538886,2025-03-17 13:30:00+00:00
826.5963745117188,828.1400146484375,821.6500244140625,822.4299926757812,302597,2025-03-17 14:30:00+00:00
822.4299926757812,825.6300048828125,820.905029296875,822.8300170898438,190581,2025-03-17 15:30:00+00:00
822.8499755859375,824.9699096679688,821.4840087890625,823.5875244140625,168176,2025-03-17 16:30:00+00:00
823.8699951171875,827.909912109375,823.2999877929688,827.0700073242188,168116,2025-03-17 17:30:00+00:00
826.8499755859375,828.3599853515625,825.489990234375,827.076171875,242893,2025-03-17 18:30:00+00:00
827.0700073242188,827.0700073242188,824.1799926757812,824.5700073242188,347598,2025-03-17 19:30:00+00:00
833.4199829101562,836.2899780273438,812.614990234375,819.1143798828125,490228,2025-03-18 13:30:00+00:00
818.3599853515625,821.0618286132812,813.8200073242188,817.1423950195312,347489,2025-03-18 14:30:00+00:00
817.0700073242188,818.6799926757812,814.7401123046875,817.9949951171875,200755,2025-03-18 15:30:00+00:00
817.9976196289062,820.0,816.3699951171875,819.1699829101562,185444,2025-03-18 16:30:00+00:00
818.9550170898438,820.0,815.9450073242188,817.6099853515625,187105,2025-03-18 17:30:00+00:00
817.875,824.5499877929688,817.8400268554688,824.239990234375,250926,2025-03-18 18:30:00+00:00
824.2999877929688,824.4600219726562,821.3800048828125,822.5,288492,2025-03-18 19:30:00+00:00
821.719970703125,838.0,819.5,837.4708862304688,488440,2025-03-19 13:30:00+00:00
837.0499877929688,837.5800170898438,832.3358154296875,835.0,219772,2025-03-19 14:30:00+00:00
835.04052734375,836.97998046875,831.0402221679688,834.4074096679688,170933,2025-03-19 15:30:00+00:00
834.8599853515625,834.8599853515625,829.25,830.9199829101562,145872,2025-03-19 16:30:00+00:00
830.9099731445312,835.1699829101562,829.9099731445312,832.4600219726562,203570,2025-03-19 17:30:00+00:00
833.030029296875,842.1300048828125,833.0150146484375,838.7899780273438,343846,2025-03-19 18:30:00+00:00
839.47998046875,841.22998046875,836.52001953125,836.780029296875,365984,2025-03-19 19:30:00+00:00
839.030029296875,854.389892578125,832.4647216796875,849.5449829101562,612708,2025-03-20 13:30:00+00:00
849.5599975585938,852.4099731445312,845.3200073242188,845.7899780273438,354590,2025-03-20 14:30:00+00:00
846.0,848.334716796875,841.969970703125,841.969970703125,248418,2025-03-20 15:30:00+00:00
842.22998046875,847.1599731445312,841.760009765625,844.1699829101562,246625,2025-03-20 16:30:00+00:00
843.9199829101562,847.3200073242188,838.489990234375,838.5650024414062,347237,2025-03-20 17:30:00+00:00
838.4299926757812,846.0999755859375,837.2100219726562,843.4577026367188,315971,2025-03-20 18:30:00+00:00
843.8499755859375,846.6500244140625,842.5,843.0900268554688,336666,2025-03-20 19:30:00+00:00
837.7999877929688,842.0900268554688,825.3200073242188,841.27001953125,912938,2025-03-21 13:30:00+00:00
841.625,850.4249877929688,840.7971801757812,841.625,477620,2025-03-21 14:30:00+00:00
841.6300048828125,843.7799072265625,835.9199829101562,841.8499755859375,237252,2025-03-21 15:30:00+00:00
841.5,846.25,840.2100219726562,846.030029296875,273084,2025-03-21 16:30:00+00:00
845.260009765625,848.0,840.4600219726562,840.4600219726562,224536,2025-03-21 17:30:00+00:00
840.510009765625,843.4299926757812,838.989990234375,841.0499877929688,220472,2025-03-21 18:30:00+00:00
841.3499755859375,843.0,836.2999877929688,837.8300170898438,362561,2025-03-21 19:30:00+00:00
845.3200073242188,851.1300048828125,837.760009765625,849.3200073242188,445288,2025-03-24 13:30:00+00:00
849.3800048828125,855.0499267578125,848.0599975585938,852.4199829101562,269907,2025-03-24 14:30:00+00:00
852.8200073242188,862.0499877929688,852.35498046875,858.969970703125,295106,2025-03-24 15:30:00+00:00
858.9550170898438,863.7849731445312,858.1099853515625,860.6699829101562,296871,2025-03-24 16:30:00+00:00
860.6699829101562,861.6799926757812,857.2899780273438,860.1599731445312,211827,2025-03-24 17:30:00+00:00
859.8699951171875,862.280029296875,858.7999877929688,862.25,234006,2025-03-24 18:30:00+00:00
862.5,866.8699951171875,861.8099975585938,864.3499755859375,451961,2025-03-24 19:30:00+00:00
869.5499877929688,874.9199829101562,860.760009765625,864.3200073242188,474536,2025-03-25 13:30:00+00:00
865.1099853515625,865.280029296875,860.02001953125,862.2899780273438,255899,2025-03-25 14:30:00+00:00
862.6699829101562,864.5499267578125,855.3054809570312,856.4500122070312,218774,2025-03-25 15:30:00+00:00
856.4099731445312,856.4099731445312,850.8400268554688,852.8049926757812,253617,2025-03-25 16:30:00+00:00
852.6599731445312,853.6900024414062,850.2899780273438,850.6749877929688,147341,2025-03-25 17:30:00+00:00
850.6749877929688,852.780029296875,848.0,848.0,218213,2025-03-25 18:30:00+00:00
848.1500244140625,853.0,847.9199829101562,852.6300048828125,389627,2025-03-25 19:30:00+00:00
845.6900024414062,851.4099731445312,834.0635986328125,845.4299926757812,485353,2025-03-26 13:30:00+00:00
845.4099731445312,846.4199829101562,838.760009765625,839.9099731445312,260180,2025-03-26 14:30:00+00:00
839.739990234375,840.5399780273438,835.4199829101562,836.1743774414062,203420,2025-03-26 15:30:00+00:00
836.8099975585938,837.2999877929688,834.1699829101562,835.1699829101562,234897,2025-03-26 16:30:00+00:00
835.0700073242188,836.1798706054688,832.4199829101562,834.55419921875,184322,2025-03-26 17:30:00+00:00
835.3099975585938,835.780029296875,827.52001953125,828.3599853515625,281805,2025-03-26 18:30:00+00:00
828.614990234375,830.6199951171875,826.4000244140625,826.47998046875,455074,2025-03-26 19:30:00+00:00
822.8150024414062,826.77001953125,816.6799926757812,820.510009765625,331022,2025-03-27 13:30:00+00:00
820.010009765625,824.0,818.0399780273438,818.5900268554688,178321,2025-03-27 14:30:00+00:00
818.5999755859375,819.1500244140625,815.2899780273438,817.9000244140625,459791,2025-03-27 15:30:00+00:00
817.9000244140625,821.0,817.2100219726562,818.0349731445312,180094,2025-03-27 16:30:00+00:00
818.0250244140625,824.1950073242188,818.02001953125,822.2899780273438,157439,2025-03-27 17:30:00+00:00
821.9827880859375,825.97998046875,821.2899780273438,825.5891723632812,152788,2025-03-27 18:30:00+00:00
825.5399780273438,825.780029296875,820.8049926757812,821.4000244140625,235333,2025-03-27 19:30:00+00:00
820.0,826.969970703125,819.0,822.0599975585938,407702,2025-03-28 13:30:00+00:00
822.3599853515625,829.0,820.1591796875,828.2899780273438,289872,2025-03-28 14:30:00+00:00
827.77001953125,829.780029296875,824.1618041992188,824.7349853515625,200909,2025-03-28 15:30:00+00:00
825.0599975585938,825.8599853515625,821.8099975585938,822.3699951171875,166437,2025-03-28 16:30:00+00:00
822.0999755859375,824.1699829101562,818.0399780273438,818.3099975585938,182930,2025-03-28 17:30:00+00:00
818.6649780273438,820.77001953125,817.4299926757812,819.6199951171875,169125,2025-03-28 18:30:00+00:00
819.739990234375,822.2313232421875,819.010009765625,821.6699829101562,267107,2025-03-28 19:30:00+00:00
808.97998046875,810.7999877929688,789.4000244140625,802.8499755859375,666088,2025-03-31 13:30:00+00:00
802.97998046875,813.1300048828125,802.3800048828125,810.5599975585938,332547,2025-03-31 14:30:00+00:00
810.3499755859375,814.2100219726562,808.5499877929688,811.7899780273438,241003,2025-03-31 15:30:00+00:00
811.4500122070312,815.8699951171875,808.0499877929688,814.969970703125,184482,2025-03-31 16:30:00+00:00
814.8800048828125,819.969970703125,812.4299926757812,819.47998046875,182742,2025-03-31 17:30:00+00:00
819.2100219726562,824.760009765625,818.6221923828125,822.3400268554688,280537,2025-03-31 18:30:00+00:00
822.0700073242188,828.010009765625,821.5501098632812,825.8200073242188,462068,2025-03-31 19:30:00+00:00
818.5999755859375,819.9600219726562,803.0700073242188,808.4299926757812,535253,2025-04-01 13:30:00+00:00
808.2899780273438,820.6599731445312,807.739990234375,818.9650268554688,325413,2025-04-01 14:30:00+00:00
818.8200073242188,818.8599853515625,814.5599975585938,815.4749755859375,169157,2025-04-01 15:30:00+00:00
815.4749755859375,815.97998046875,811.110107421875,812.52001953125,239704,2025-04-01 16:30:00+00:00
812.8599853515625,813.5424194335938,798.0,798.9400024414062,329342,2025-04-01 17:30:00+00:00
798.9849853515625,801.369873046875,797.0,798.385009765625,397017,2025-04-01 18:30:00+00:00
798.3699951171875,805.22998046875,797.8900146484375,805.0549926757812,445516,2025-04-01 19:30:00+00:00
795.0399780273438,809.9400024414062,795.0399780273438,807.5399780273438,328078,2025-04-02 13:30:00+00:00
808.6099853515625,812.3840942382812,807.2100830078125,809.364990234375,242588,2025-04-02 14:30:00+00:00
809.364990234375,809.8499145507812,803.8538208007812,807.8129272460938,420169,2025-04-02 15:30:00+00:00
807.1900024414062,814.8150024414062,806.9199829101562,814.1849975585938,174727,2025-04-02 16:30:00+00:00
814.1849975585938,816.3300170898438,810.4000244140625,810.469970703125,197307,2025-04-02 17:30:00+00:00
810.405029296875,814.6900024414062,810.1199951171875,813.969970703125,311496,2025-04-02 18:30:00+00:00
813.2999877929688,819.8499755859375,812.9600219726562,817.7100219726562,576683,2025-04-02 19:30:00+00:00
811.503173828125,818.7899780273438,800.0,804.2000122070312,592429,2025-04-03 13:30:00+00:00
804.7899780273438,806.1669921875,795.0599975585938,797.27001953125,358474,2025-04-03 14:30:00+00:00
797.4915771484375,805.3800048828125,795.7000122070312,804.5714111328125,251357,2025-04-03 15:30:00+00:00
804.25,806.9400024414062,800.1436157226562,800.3900146484375,153167,2025-04-03 16:30:00+00:00
800.0999755859375,800.77001953125,792.1400146484375,792.1400146484375,200678,2025-04-03 17:30:00+00:00
792.6950073242188,794.8171997070312,789.1199951171875,790.1500244140625,279590,2025-04-03 18:30:00+00:00
790.1599731445312,791.0599975585938,787.0599975585938,789.1400146484375,409036,2025-04-03 19:30:00+00:00
762.1099853515625,768.27001953125,747.989990234375,748.97998046875,1131843,2025-04-04 13:30:00+00:00
748.6849975585938,762.4099731445312,738.864990234375,752.3200073242188,859950,2025-04-04 14:30:00+00:00
752.3200073242188,754.0,745.2999877929688,745.5750122070312,492238,2025-04-04 15:30:00+00:00
745.219970703125,748.9000244140625,737.163330078125,743.77001953125,425330,2025-04-04 16:30:00+00:00
743.5700073242188,750.9075927734375,739.75,740.655029296875,479016,2025-04-04 17:30:00+00:00
740.739990234375,745.3458251953125,734.697509765625,741.7650146484375,531439,2025-04-04 18:30:00+00:00
742.2271118164062,748.0,736.8599853515625,738.469970703125,626124,2025-04-04 19:30:00+00:00
697.9299926757812,748.0,677.0911865234375,712.3900146484375,2255421,2025-04-07 13:30:00+00:00
713.1300048828125,728.1300048828125,705.010009765625,708.4000244140625,690887,2025-04-07 14:30:00+00:00
708.7899780273438,720.0599975585938,707.706787109375,711.6400146484375,512942,2025-04-07 15:30:00+00:00
711.5850219726562,721.1799926757812,705.1799926757812,720.7050170898438,581239,2025-04-07 16:30:00+00:00
720.7050170898438,729.9758911132812,716.739990234375,723.7100219726562,454921,2025-04-07 17:30:00+00:00
723.3049926757812,726.8524780273438,714.530029296875,717.7725219726562,458531,2025-04-07 18:30:00+00:00
718.2957763671875,728.7999267578125,717.7999877929688,723.6099853515625,528476,2025-04-07 19:30:00+00:00
754.97998046875,763.5040283203125,746.7239990234375,761.0,1041447,2025-04-08 13:30:00+00:00
761.14501953125,761.8499755859375,740.25,742.64501953125,447129,2025-04-08 14:30:00+00:00
741.9400024414062,749.7949829101562,735.84521484375,740.8400268554688,334267,2025-04-08 15:30:00+00:00
740.8400268554688,741.4498901367188,727.6727905273438,728.0900268554688,271412,2025-04-08 16:30:00+00:00
728.0499877929688,739.1900024414062,727.5,729.5999755859375,379975,2025-04-08 17:30:00+00:00
730.3599853515625,736.3200073242188,720.2401123046875,727.4299926757812,424279,2025-04-08 18:30:00+00:00
727.2849731445312,727.5800170898438,713.28369140625,726.5999755859375,547423,2025-04-08 19:30:00+00:00
704.4000244140625,712.5,697.0,702.50537109375,1266640,2025-04-09 13:30:00+00:00
702.1300048828125,705.9609985351562,689.0,695.7357788085938,793830,2025-04-09 14:30:00+00:00
695.7357788085938,699.1599731445312,691.0499877929688,692.3599853515625,492280,2025-04-09 15:30:00+00:00
692.0999755859375,733.3200073242188,689.9000244140625,720.97998046875,983960,2025-04-09 16:30:00+00:00
722.8599853515625,748.2999877929688,718.7824096679688,745.3099975585938,977844,2025-04-09 17:30:00+00:00
745.1699829101562,748.0,732.330078125,746.4940795898438,531626,2025-04-09 18:30:00+00:00
747.2249755859375,754.8300170898438,746.0599975585938,753.7100219726562,589301,2025-04-09 19:30:00+00:00
740.4000244140625,741.9500122070312,720.7650146484375,723.760009765625,532119,2025-04-10 13:30:00+00:00
724.5700073242188,728.4600219726562,709.5,709.739990234375,380550,2025-04-10 14:30:00+00:00
710.8599853515625,713.4161987304688,691.7650146484375,696.8150024414062,594491,2025-04-10 15:30:00+00:00
696.8150024414062,715.0,696.3049926757812,706.7999877929688,440362,2025-04-10 16:30:00+00:00
706.7999877929688,728.7999877929688,704.8272094726562,724.8317260742188,581276,2025-04-10 17:30:00+00:00
727.010009765625,730.77490234375,721.2501220703125,723.0999755859375,428360,2025-04-10 18:30:00+00:00
723.97998046875,726.8599853515625,711.969970703125,720.6699829101562,459316,2025-04-10 19:30:00+00:00
722.8900146484375,730.0,711.9749755859375,719.9000244140625,613791,2025-04-11 13:30:00+00:00
719.030029296875,725.605224609375,716.2000122070312,719.27001953125,370947,2025-04-11 14:30:00+00:00
719.0640869140625,723.0,717.3499755859375,719.3900146484375,265056,2025-04-11 15:30:00+00:00
720.4299926757812,730.5,720.375,725.0800170898438,311248,2025-04-11 16:30:00+00:00
725.0800170898438,735.8394165039062,723.6599731445312,728.72998046875,362407,2025-04-11 17:30:00+00:00
728.8099975585938,734.4500122070312,725.9299926757812,733.7349853515625,342397,2025-04-11 18:30:00+00:00
733.7349853515625,734.1300048828125,728.6900024414062,732.260009765625,680990,2025-04-11 19:30:00+00:00
750.4500122070312,756.0,734.5200805664062,747.0349731445312,723410,2025-04-14 13:30:00+00:00
747.3499755859375,753.1900024414062,746.0599975585938,747.00830078125,435920,2025-04-14 14:30:00+00:00
747.655029296875,751.5999755859375,739.5399780273438,745.0999755859375,313085,2025-04-14 15:30:00+00:00
745.0,750.6300048828125,744.6799926757812,747.5850219726562,243481,2025-04-14 16:30:00+00:00
748.0700073242188,753.5,746.9600830078125,753.3800048828125,256910,2025-04-14 17:30:00+00:00
753.3099975585938,759.5599975585938,752.22998046875,758.25,434840,2025-04-14 18:30:00+00:00
758.3150024414062,758.9199829101562,753.239990234375,753.780029296875,398979,2025-04-14 19:30:00+00:00
755.5700073242188,765.3099975585938,753.5,759.75,434197,2025-04-15 13:30:00+00:00
759.844970703125,764.7899780273438,758.0,759.9099731445312,322870,2025-04-15 14:30:00+00:00
760.2999877929688,761.4849853515625,755.6500244140625,756.10498046875,192822,2025-04-15 15:30:00+00:00
755.9000244140625,756.6199951171875,751.489990234375,752.4199829101562,205826,2025-04-15 16:30:00+00:00
752.969970703125,755.72998046875,752.0800170898438,753.8499755859375,183108,2025-04-15 17:30:00+00:00
753.6660766601562,758.1199951171875,753.6660766601562,756.469970703125,202382,2025-04-15 18:30:00+00:00
756.5,758.3099975585938,755.855712890625,756.9500122070312,234536,2025-04-15 19:30:00+00:00
755.6400146484375,756.2999877929688,730.5499877929688,735.0863037109375,504420,2025-04-16 13:30:00+00:00
735.6300048828125,747.5999755859375,735.03369140625,747.0601196289062,374528,2025-04-16 14:30:00+00:00
747.1500244140625,747.1500244140625,740.3801879882812,740.7371826171875,190867,2025-04-16 15:30:00+00:00
741.3300170898438,742.469970703125,736.8204956054688,742.4500122070312,201978,2025-04-16 16:30:00+00:00
742.1799926757812,742.280029296875,735.010498046875,739.510009765625,289363,2025-04-16 17:30:00+00:00
739.3900146484375,739.469970703125,730.3400268554688,731.0700073242188,214094,2025-04-16 18:30:00+00:00
731.2000122070312,735.0800170898438,730.422607421875,734.4600219726562,419456,2025-04-16 19:30:00+00:00
840.7999877929688,858.0,821.8400268554688,828.510009765625,4452630,2025-04-17 13:30:00+00:00
828.77001953125,848.0,826.8201293945312,839.5999755859375,1279685,2025-04-17 14:30:00+00:00
840.0,852.6898803710938,837.0800170898438,851.7949829101562,812572,2025-04-17 15:30:00+00:00
852.25,855.9899291992188,848.7705078125,850.8300170898438,992124,2025-04-17 16:30:00+00:00
850.9550170898438,854.9600219726562,847.8214721679688,854.5999755859375,622669,2025-04-17 17:30:00+00:00
854.5999755859375,856.9669799804688,843.4401245117188,843.6749877929688,859721,2025-04-17 18:30:00+00:00
843.6749877929688,847.8599243164062,839.1799926757812,839.4500122070312,1070208,2025-04-17 19:30:00+00:00
841.510009765625,843.9099731445312,824.6950073242188,828.8099975585938,769322,2025-04-21 13:30:00+00:00
828.8099975585938,832.9998779296875,822.7100219726562,824.6950073242188,524168,2025-04-21 14:30:00+00:00
824.6199951171875,824.8699951171875,819.0,821.6400146484375,445004,2025-04-21 15:30:00+00:00
822.489990234375,826.3862915039062,815.0999755859375,815.5499877929688,276380,2025-04-21 16:30:00+00:00
815.6353149414062,816.5225830078125,807.0,810.02001953125,291233,2025-04-21 17:30:00+00:00
809.8300170898438,812.4500122070312,807.6243896484375,810.969970703125,297540,2025-04-21 18:30:00+00:00
811.0700073242188,818.8599853515625,810.9199829101562,817.25,417777,2025-04-21 19:30:00+00:00
823.5,832.0,817.0701293945312,822.3300170898438,679341,2025-04-22 13:30:00+00:00
822.239990234375,822.75,814.0,818.9550170898438,508418,2025-04-22 14:30:00+00:00
818.9600219726562,829.3300170898438,818.8800048828125,821.9902954101562,344602,2025-04-22 15:30:00+00:00
822.094970703125,824.3049926757812,816.8900146484375,818.4713745117188,274516,2025-04-22 16:30:00+00:00
817.5,824.8400268554688,815.6400146484375,823.8900146484375,253881,2025-04-22 17:30:00+00:00
824.4199829101562,826.6099243164062,820.6445922851562,822.5599975585938,220893,2025-04-22 18:30:00+00:00
822.239990234375,828.3300170898438,821.75,827.4400024414062,326797,2025-04-22 19:30:00+00:00
836.9600219726562,846.010009765625,831.6699829101562,838.3300170898438,733310,2025-04-23 13:30:00+00:00
838.6749877929688,842.2625732421875,822.1199951171875,823.0700073242188,410870,2025-04-23 14:30:00+00:00
823.0599975585938,826.969970703125,818.6400146484375,820.6900024414062,327579,2025-04-23 15:30:00+00:00
820.8350219726562,827.7498779296875,819.8200073242188,826.5549926757812,189812,2025-04-23 16:30:00+00:00
825.64501953125,827.7498779296875,822.0401000976562,825.3900146484375,134614,2025-04-23 17:30:00+00:00
825.8200073242188,827.5499267578125,823.4500122070312,825.1799926757812,165438,2025-04-23 18:30:00+00:00
825.4500122070312,831.1900024414062,824.2149047851562,829.2000122070312,343306,2025-04-23 19:30:00+00:00
836.0,850.7899780273438,829.2100219726562,850.0250244140625,607929,2025-04-24 13:30:00+00:00
850.5,854.3930053710938,847.4500122070312,850.5599975585938,380060,2025-04-24 14:30:00+00:00
850.1900024414062,854.8699951171875,846.6849975585938,853.6400146484375,229653,2025-04-24 15:30:00+00:00
854.030029296875,856.1300048828125,851.9199829101562,853.3099975585938,239066,2025-04-24 16:30:00+00:00
853.5700073242188,858.7999877929688,852.0955810546875,856.802490234375,300758,2025-04-24 17:30:00+00:00
856.8699951171875,859.9000244140625,854.47998046875,858.0,191823,2025-04-24 18:30:00+00:00
857.7349853515625,862.25,857.1699829101562,859.8200073242188,508153,2025-04-24 19:30:00+00:00
859.6599731445312,867.444091796875,851.0687866210938,862.6439819335938,753124,2025-04-25 13:30:00+00:00
862.3800048828125,872.0,861.5999755859375,865.24169921875,391105,2025-04-25 14:30:00+00:00
866.780029296875,871.6900024414062,865.719970703125,871.6900024414062,316991,2025-04-25 15:30:00+00:00
871.3150024414062,878.5700073242188,869.010009765625,878.5700073242188,226299,2025-04-25 16:30:00+00:00
878.47998046875,883.0700073242188,873.590087890625,880.4199829101562,298136,2025-04-25 17:30:00+00:00
880.510009765625,883.8200073242188,879.026611328125,881.135009765625,355843,2025-04-25 18:30:00+00:00
881.135009765625,885.5800170898438,879.1300048828125,884.6099853515625,501304,2025-04-25 19:30:00+00:00
870.4400024414062,882.25,866.0,878.6799926757812,920316,2025-04-28 13:30:00+00:00
878.8499755859375,880.9998779296875,868.0,869.47998046875,474328,2025-04-28 14:30:00+00:00
868.8099975585938,873.4199829101562,868.0,871.27001953125,398659,2025-04-28 15:30:00+00:00
872.27001953125,873.7000122070312,864.4100952148438,866.114990234375,408088,2025-04-28 16:30:00+00:00
866.1099853515625,871.4299926757812,864.9199829101562,870.905029296875,238539,2025-04-28 17:30:00+00:00
870.8483276367188,879.1500244140625,869.5800170898438,877.3099975585938,292355,2025-04-28 18:30:00+00:00
877.4500122070312,880.0,875.6099853515625,877.2000122070312,320436,2025-04-28 19:30:00+00:00
877.7000122070312,888.10498046875,874.030029296875,880.5250244140625,388756,2025-04-29 13:30:00+00:00
880.1199951171875,890.6300048828125,880.1199951171875,887.2999877929688,270650,2025-04-29 14:30:00+00:00
887.2999877929688,891.9199829101562,884.9000244140625,889.9000244140625,327144,2025-04-29 15:30:00+00:00
889.989990234375,891.1599731445312,885.9199829101562,888.405029296875,206614,2025-04-29 16:30:00+00:00
888.405029296875,892.469970703125,886.3599853515625,890.010009765625,202571,2025-04-29 17:30:00+00:00
890.6699829101562,892.0,888.77001953125,889.1900024414062,185252,2025-04-29 18:30:00+00:00
889.510009765625,890.2899780273438,884.3099975585938,885.2100219726562,344688,2025-04-29 19:30:00+00:00
885.5399780273438,892.8499755859375,882.1199951171875,887.5181884765625,603106,2025-04-30 13:30:00+00:00
886.5499877929688,894.3800048828125,885.1500244140625,892.4404296875,385221,2025-04-30 14:30:00+00:00
892.4324951171875,897.0,890.530029296875,893.8599853515625,294208,2025-04-30 15:30:00+00:00
893.503173828125,897.7999877929688,892.5399780273438,897.4000244140625,336065,2025-04-30 16:30:00+00:00
897.1400146484375,902.4998779296875,896.3099975585938,899.2263793945312,431895,2025-04-30 17:30:00+00:00
899.6699829101562,899.780029296875,892.3800048828125,893.6400146484375,415709,2025-04-30 18:30:00+00:00
893.6400146484375,901.7899169921875,891.14501953125,898.02001953125,682958,2025-04-30 19:30:00+00:00
844.0,850.9299926757812,825.0,842.114990234375,3574347,2025-05-01 13:30:00+00:00
842.530029296875,845.4799194335938,816.0,816.6699829101562,1797510,2025-05-01 14:30:00+00:00
817.0,817.1632690429688,792.0700073242188,797.3800048828125,2079605,2025-05-01 15:30:00+00:00
797.155029296875,813.9600219726562,796.8499755859375,810.1699829101562,1369148,2025-05-01 16:30:00+00:00
810.4232788085938,815.280029296875,806.0,815.280029296875,674260,2025-05-01 17:30:00+00:00
815.2114868164062,816.510009765625,802.5399780273438,805.22998046875,874926,2025-05-01 18:30:00+00:00
805.4500122070312,808.3900146484375,793.0700073242188,793.77001953125,1316625,2025-05-01 19:30:00+00:00
827.219970703125,831.530029296875,811.5700073242188,816.7449951171875,2286979,2025-05-02 13:30:00+00:00
816.7449951171875,822.4099731445312,807.5850219726562,819.760009765625,758591,2025-05-02 14:30:00+00:00
819.9600219726562,828.7899780273438,819.5399780273438,825.3599853515625,553612,2025-05-02 15:30:00+00:00
825.5499877929688,825.9600219726562,818.1900024414062,824.5499877929688,440520,2025-05-02 16:30:00+00:00
824.3981323242188,828.7899780273438,822.3099975585938,824.22998046875,384122,2025-05-02 17:30:00+00:00
824.4500122070312,826.5850219726562,821.6099853515625,825.6649780273438,496706,2025-05-02 18:30:00+00:00
825.5565795898438,827.0,823.010009765625,823.5999755859375,694151,2025-05-02 19:30:00+00:00
817.0,828.7608032226562,812.0250244140625,827.5900268554688,575482,2025-05-05 13:30:00+00:00
827.4199829101562,829.6400146484375,817.5399780273438,820.3400268554688,511003,2025-05-05 14:30:00+00:00
820.5750122070312,823.260009765625,815.7899780273438,820.1300048828125,329179,2025-05-05 15:30:00+00:00
820.22998046875,824.489990234375,819.3300170898438,820.6400146484375,258438,2025-05-05 16:30:00+00:00
821.030029296875,827.4299926757812,821.030029296875,826.4400024414062,224370,2025-05-05 17:30:00+00:00
826.8800048828125,828.0,824.260009765625,826.5700073242188,189950,2025-05-05 18:30:00+00:00
826.5700073242188,827.6500244140625,821.2246704101562,822.3400268554688,319580,2025-05-05 19:30:00+00:00
816.8900146484375,818.4199829101562,794.22998046875,798.0,847122,2025-05-06 13:30:00+00:00
798.0399780273438,798.6400146484375,794.0,795.5,516824,2025-05-06 14:30:00+00:00
795.3900146484375,795.5999755859375,787.75,789.1201171875,638899,2025-05-06 15:30:00+00:00
789.0,790.2053833007812,782.5599975585938,783.0650024414062,432256,2025-05-06 16:30:00+00:00
783.0399780273438,783.6900024414062,776.1599731445312,777.9149780273438,519197,2025-05-06 17:30:00+00:00
777.8200073242188,777.967529296875,770.3499755859375,775.0,743446,2025-05-06 18:30:00+00:00
774.9600219726562,776.8400268554688,772.5800170898438,775.3800048828125,884771,2025-05-06 19:30:00+00:00
780.5,783.0,772.260009765625,776.6699829101562,825721,2025-05-07 13:30:00+00:00
776.7100219726562,778.7449951171875,773.1400146484375,774.8250122070312,365860,2025-05-07 14:30:00+00:00
774.6599731445312,778.239990234375,774.0900268554688,777.8699951171875,247562,2025-05-07 15:30:00+00:00
777.9500122070312,783.25,777.3200073242188,783.25,249825,2025-05-07 16:30:00+00:00
782.8499755859375,784.3400268554688,773.4805908203125,775.2000122070312,264955,2025-05-07 17:30:00+00:00
775.7299194335938,778.7000122070312,773.030029296875,774.60498046875,587066,2025-05-07 18:30:00+00:00
774.689208984375,780.5050048828125,773.4600219726562,776.7100219726562,348630,2025-05-07 19:30:00+00:00
765.0,769.97900390625,739.0800170898438,742.4777221679688,1776755,2025-05-08 13:30:00+00:00
742.2899780273438,749.8116455078125,740.25,744.5999755859375,1129202,2025-05-08 14:30:00+00:00
744.4199829101562,751.4199829101562,741.8200073242188,748.3800048828125,693936,2025-05-08 15:30:00+00:00
748.3800048828125,758.4757080078125,748.3800048828125,756.9910278320312,442152,2025-05-08 16:30:00+00:00
756.8499755859375,760.9498901367188,756.594970703125,757.6599731445312,348770,2025-05-08 17:30:00+00:00
757.6599731445312,759.8800048828125,756.0800170898438,758.4525146484375,332069,2025-05-08 18:30:00+00:00
758.3099975585938,758.8399047851562,751.4400024414062,751.489990234375,503868,2025-05-08 19:30:00+00:00
752.010009765625,762.010009765625,752.0,753.1199951171875,873911,2025-05-09 13:30:00+00:00
753.6199951171875,757.2100219726562,750.27001953125,751.6300048828125,360539,2025-05-09 14:30:00+00:00
751.6500244140625,758.760009765625,751.4450073242188,753.1799926757812,281883,2025-05-09 15:30:00+00:00
753.28369140625,754.22998046875,744.0,746.0800170898438,321170,2025-05-09 16:30:00+00:00
745.6749877929688,747.1300048828125,742.4014892578125,742.6500244140625,307960,2025-05-09 17:30:00+00:00
742.4000244140625,746.52001953125,742.2999877929688,742.6900024414062,428165,2025-05-09 18:30:00+00:00
742.8499755859375,743.0,733.0,734.27001953125,837225,2025-05-09 19:30:00+00:00
727.8699951171875,742.989990234375,722.1799926757812,733.3300170898438,3564221,2025-05-12 13:30:00+00:00
733.8599853515625,757.7802734375,730.9500122070312,750.5999755859375,1882745,2025-05-12 14:30:00+00:00
750.1199951171875,753.6099243164062,746.1500244140625,751.5399780273438,562132,2025-05-12 15:30:00+00:00
751.5399780273438,765.3298950195312,750.83251953125,762.780029296875,704578,2025-05-12 16:30:00+00:00
762.5050048828125,762.6900024414062,754.1400146484375,755.1749877929688,454970,2025-05-12 17:30:00+00:00
755.2050170898438,759.280029296875,753.239990234375,757.97998046875,533638,2025-05-12 18:30:00+00:00
757.02001953125,757.4619750976562,753.35009765625,755.75,660157,2025-05-12 19:30:00+00:00
755.5499877929688,759.4998779296875,740.85009765625,752.1649780273438,1087285,2025-05-13 13:30:00+00:00
752.2899780273438,753.219970703125,747.60009765625,750.1599731445312,534961,2025-05-13 14:30:00+00:00
750.1099853515625,751.0,744.5,746.9500122070312,463576,2025-05-13 15:30:00+00:00
747.0,748.5928955078125,745.344970703125,746.8300170898438,420241,2025-05-13 16:30:00+00:00
746.6599731445312,751.135009765625,745.614990234375,749.7899780273438,352261,2025-05-13 17:30:00+00:00
749.5349731445312,750.9799194335938,748.090087890625,749.3499755859375,329317,2025-05-13 18:30:00+00:00
749.39501953125,750.5,745.75,745.760009765625,536241,2025-05-13 19:30:00+00:00
753.6300048828125,759.5,740.4099731445312,741.02001953125,1173264,2025-05-14 13:30:00+00:00
741.1950073242188,742.1704711914062,724.0900268554688,725.7150268554688,1113744,2025-05-14 14:30:00+00:00
726.02001953125,727.5700073242188,721.4249877929688,723.6950073242188,732758,2025-05-14 15:30:00+00:00
723.8800048828125,723.8800048828125,716.1799926757812,716.260009765625,717158,2025-05-14 16:30:00+00:00
716.1300048828125,717.8099975585938,714.2000122070312,716.75,617353,2025-05-14 17:30:00+00:00
716.8800048828125,725.6199951171875,716.6900024414062,721.27001953125,1011987,2025-05-14 18:30:00+00:00
721.0205078125,721.719970703125,714.030029296875,715.47998046875,1166490,2025-05-14 19:30:00+00:00
725.7000122070312,726.9998779296875,713.989990234375,717.4199829101562,1003031,2025-05-15 13:30:00+00:00
717.4099731445312,722.3452758789062,712.2100219726562,720.4849853515625,732908,2025-05-15 14:30:00+00:00
720.4849853515625,731.97998046875,718.3499755859375,730.0800170898438,728258,2025-05-15 15:30:00+00:00
729.8499755859375,736.6900024414062,728.8494262695312,735.402587890625,533053,2025-05-15 16:30:00+00:00
735.4849853515625,735.8798828125,731.2899780273438,734.5700073242188,429814,2025-05-15 17:30:00+00:00
734.5850219726562,738.6799926757812,734.3900146484375,736.72998046875,460576,2025-05-15 18:30:00+00:00
736.72998046875,738.0,731.6599731445312,733.4199829101562,564960,2025-05-15 19:30:00+00:00
740.0,751.9500122070312,738.0,750.5499877929688,1400032,2025-05-16 13:30:00+00:00
750.5499877929688,752.77001953125,746.344482421875,748.5836181640625,604097,2025-05-16 14:30:00+00:00
748.8300170898438,753.0,748.64501953125,751.6400756835938,407305,2025-05-16 15:30:00+00:00
751.8599853515625,755.6599731445312,750.130126953125,755.2999877929688,395713,2025-05-16 16:30:00+00:00
755.6300048828125,757.9400024414062,755.2650146484375,757.77001953125,396328,2025-05-16 17:30:00+00:00
757.7550048828125,758.8699951171875,755.4210205078125,755.6799926757812,351560,2025-05-16 18:30:00+00:00
755.969970703125,758.0,753.4465942382812,757.7999877929688,456576,2025-05-16 19:30:00+00:00
753.0,758.719970703125,747.5599975585938,750.3800048828125,978477,2025-05-19 13:30:00+00:00
750.1950073242188,754.0,747.739990234375,752.5850219726562,524384,2025-05-19 14:30:00+00:00
752.594970703125,753.780029296875,751.3049926757812,752.5499877929688,216556,2025-05-19 15:30:00+00:00
752.72998046875,754.5900268554688,751.3099975585938,752.0999755859375,223722,2025-05-19 16:30:00+00:00
752.1500244140625,752.489990234375,749.529296875,750.010009765625,227048,2025-05-19 17:30:00+00:00
750.2899780273438,751.3400268554688,749.4085083007812,750.27001953125,323500,2025-05-19 18:30:00+00:00
750.25,755.8599853515625,749.9949951171875,754.9400024414062,411314,2025-05-19 19:30:00+00:00
756.0,763.4949951171875,747.9400024414062,748.8499755859375,575230,2025-05-20 13:30:00+00:00
749.3699951171875,752.9923095703125,746.0499877929688,750.3099975585938,337908,2025-05-20 14:30:00+00:00
750.4550170898438,751.8499755859375,746.3900146484375,747.10009765625,211059,2025-05-20 15:30:00+00:00
747.0999755859375,750.6300048828125,746.3049926757812,749.6599731445312,260233,2025-05-20 16:30:00+00:00
749.5999755859375,752.3200073242188,747.1500244140625,747.6749877929688,387902,2025-05-20 17:30:00+00:00
747.60498046875,747.97998046875,743.0001220703125,747.02001953125,793311,2025-05-20 18:30:00+00:00
746.9099731445312,748.5,744.344970703125,746.5999755859375,735725,2025-05-20 19:30:00+00:00
747.0499877929688,750.52001953125,736.1796875,736.2999877929688,633547,2025-05-21 13:30:00+00:00
736.27001953125,739.780029296875,733.3300170898438,739.0800170898438,327968,2025-05-21 14:30:00+00:00
738.9135131835938,739.64501953125,735.5,736.280029296875,252312,2025-05-21 15:30:00+00:00
736.3599853515625,737.0499877929688,730.0,730.364990234375,730966,2025-05-21 16:30:00+00:00
730.3790893554688,734.469970703125,728.1500244140625,728.7471923828125,385933,2025-05-21 17:30:00+00:00
728.3599853515625,730.368408203125,725.489990234375,725.9199829101562,325922,2025-05-21 18:30:00+00:00
726.0700073242188,727.9699096679688,723.969970703125,724.6199951171875,549853,2025-05-21 19:30:00+00:00
717.0999755859375,722.1882934570312,711.5499877929688,717.5,1006792,2025-05-22 13:30:00+00:00
718.0,719.1834106445312,713.0,714.7520141601562,437163,2025-05-22 14:30:00+00:00
714.594970703125,720.4298706054688,713.4000244140625,719.844970703125,584791,2025-05-22 15:30:00+00:00
719.77001953125,720.2999877929688,714.489990234375,718.1500244140625,417931,2025-05-22 16:30:00+00:00
718.9049072265625,720.344970703125,717.530029296875,719.3499755859375,532243,2025-05-22 17:30:00+00:00
719.3400268554688,719.7999877929688,716.719970703125,719.5499877929688,327167,2025-05-22 18:30:00+00:00
719.5499877929688,719.8599853515625,714.77001953125,715.1400146484375,482001,2025-05-22 19:30:00+00:00
710.0,719.6400146484375,709.6500244140625,713.2999877929688,693794,2025-05-23 13:30:00+00:00
713.4400024414062,714.7020263671875,710.1300048828125,714.3049926757812,316008,2025-05-23 14:30:00+00:00
714.3049926757812,714.6099853515625,709.0,711.2000122070312,318175,2025-05-23 15:30:00+00:00
711.1300048828125,714.3499755859375,709.9299926757812,714.1746826171875,211400,2025-05-23 16:30:00+00:00
713.7000122070312,714.3350219726562,711.97998046875,713.364990234375,219141,2025-05-23 17:30:00+00:00
713.4000244140625,715.2000122070312,712.9901123046875,713.9650268554688,189884,2025-05-23 18:30:00+00:00
713.9650268554688,716.0399780273438,712.2999877929688,713.6300048828125,336170,2025-05-23 19:30:00+00:00
717.7100219726562,723.8198852539062,714.3300170898438,719.9000244140625,849678,2025-05-27 13:30:00+00:00
719.9000244140625,724.8900146484375,718.0050048828125,724.0750122070312,523773,2025-05-27 14:30:00+00:00
724.0750122070312,726.7899780273438,720.2999877929688,725.4650268554688,452769,2025-05-27 15:30:00+00:00
725.27001953125,730.5399780273438,724.8499755859375,727.2750244140625,340782,2025-05-27 16:30:00+00:00
727.5399780273438,731.3099975585938,724.5,724.9400024414062,321889,2025-05-27 17:30:00+00:00
724.6400146484375,728.7150268554688,724.5,726.0,401913,2025-05-27 18:30:00+00:00
726.0449829101562,726.780029296875,723.5900268554688,725.1400146484375,399496,2025-05-27 19:30:00+00:00
725.219970703125,729.989990234375,721.9000244140625,723.4949951171875,525358,2025-05-28 13:30:00+00:00
723.4550170898438,723.4600219726562,716.6500244140625,717.7999877929688,387042,2025-05-28 14:30:00+00:00
717.6539916992188,719.8800048828125,716.3099975585938,718.3309326171875,244545,2025-05-28 15:30:00+00:00
718.72998046875,722.030029296875,718.280029296875,718.280029296875,174101,2025-05-28 16:30:00+00:00
718.22998046875,718.6749877929688,714.739990234375,717.3200073242188,333488,2025-05-28 17:30:00+00:00
717.8800048828125,722.22998046875,716.0,721.0,314872,2025-05-28 18:30:00+00:00
720.8699951171875,721.3400268554688,717.059814453125,719.239990234375,350679,2025-05-28 19:30:00+00:00
719.22998046875,727.3270263671875,716.9550170898438,724.47998046875,545063,2025-05-29 13:30:00+00:00
724.510009765625,725.4699096679688,722.092529296875,724.0650024414062,192271,2025-05-29 14:30:00+00:00
724.35498046875,724.4099731445312,717.52001953125,721.4199829101562,193957,2025-05-29 15:30:00+00:00
721.22998046875,723.9600219726562,721.0999755859375,721.7349853515625,188933,2025-05-29 16:30:00+00:00
721.4099731445312,722.1334228515625,717.510009765625,718.530029296875,256979,2025-05-29 17:30:00+00:00
718.2650146484375,721.0,717.1699829101562,719.4000244140625,247401,2025-05-29 18:30:00+00:00
720.02001953125,722.5900268554688,719.4500122070312,722.510009765625,373706,2025-05-29 19:30:00+00:00
725.0,737.2399291992188,717.1099853515625,735.989990234375,910618,2025-05-30 13:30:00+00:00
735.9450073242188,737.3510131835938,731.0399780273438,737.3510131835938,426705,2025-05-30 14:30:00+00:00
737.0,738.3499755859375,730.4099731445312,730.969970703125,380916,2025-05-30 15:30:00+00:00
730.77001953125,736.7449951171875,729.3400268554688,736.7249755859375,299492,2025-05-30 16:30:00+00:00
736.7166137695312,745.3300170898438,736.1500244140625,743.903076171875,505323,2025-05-30 17:30:00+00:00
744.4299926757812,745.9000244140625,742.5999755859375,744.5906982421875,335183,2025-05-30 18:30:00+00:00
744.469970703125,745.3599853515625,737.47998046875,737.6900024414062,887931,2025-05-30 19:30:00+00:00
732.5,740.7598876953125,730.6950073242188,737.7999877929688,618376,2025-06-02 13:30:00+00:00
738.6599731445312,744.89501953125,737.0,742.8300170898438,469355,2025-06-02 14:30:00+00:00
742.719970703125,745.4299926757812,741.4400024414062,743.9199829101562,263177,2025-06-02 15:30:00+00:00
744.1900024414062,744.9500122070312,738.8400268554688,738.8400268554688,206087,2025-06-02 16:30:00+00:00
739.1649780273438,742.389892578125,738.9099731445312,741.6199951171875,191585,2025-06-02 17:30:00+00:00
741.9600219726562,742.6699829101562,740.030029296875,741.9000244140625,200222,2025-06-02 18:30:00+00:00
741.976318359375,747.3699951171875,741.3900146484375,747.2899780273438,455830,2025-06-02 19:30:00+00:00
746.25,752.9500122070312,741.4600219726562,747.1400146484375,721152,2025-06-03 13:30:00+00:00
747.4000244140625,756.5499877929688,744.4000244140625,753.27001953125,434998,2025-06-03 14:30:00+00:00
753.47998046875,755.48681640625,749.1500244140625,749.9000244140625,259827,2025-06-03 15:30:00+00:00
749.969970703125,753.4957885742188,747.7700805664062,752.0499877929688,229913,2025-06-03 16:30:00+00:00
752.135009765625,754.5700073242188,751.0087890625,754.2750244140625,208328,2025-06-03 17:30:00+00:00
754.2750244140625,757.0,753.2200927734375,754.260009765625,255231,2025-06-03 18:30:00+00:00
754.0,755.2598876953125,750.3599853515625,751.0399780273438,419472,2025-06-03 19:30:00+00:00
756.3900146484375,772.0399780273438,756.0,770.5599975585938,694370,2025-06-04 13:30:00+00:00
770.4456787109375,772.6199951171875,764.5499877929688,767.1900024414062,322390,2025-06-04 14:30:00+00:00
766.7000122070312,770.2999877929688,765.969970703125,767.6400146484375,253284,2025-06-04 15:30:00+00:00
767.6300048828125,770.409912109375,767.6300048828125,770.0025024414062,214667,2025-06-04 16:30:00+00:00
769.97998046875,770.8399047851562,767.0499877929688,768.385009765625,288076,2025-06-04 17:30:00+00:00
768.375,769.3834228515625,764.3005981445312,766.9199829101562,411074,2025-06-04 18:30:00+00:00
766.6599731445312,768.0,765.0001220703125,766.1099853515625,498383,2025-06-04 19:30:00+00:00
769.5,770.0,753.0499877929688,761.3250122070312,736681,2025-06-05 13:30:00+00:00
761.5399780273438,770.0,760.3101196289062,766.8250122070312,530556,2025-06-05 14:30:00+00:00
766.8150024414062,767.8099975585938,763.0001220703125,764.0650024414062,234809,2025-06-05 15:30:00+00:00
763.905029296875,764.72998046875,759.4000244140625,763.3800048828125,239320,2025-06-05 16:30:00+00:00
763.739990234375,765.4600219726562,761.385009765625,763.5,217012,2025-06-05 17:30:00+00:00
763.239990234375,766.510009765625,760.7100830078125,761.5,350959,2025-06-05 18:30:00+00:00
761.9849853515625,766.260009765625,761.5,765.969970703125,416001,2025-06-05 19:30:00+00:00
767.2301025390625,772.5999755859375,766.3099975585938,770.5,466698,2025-06-06 13:30:00+00:00
770.3499755859375,770.9998779296875,765.617919921875,768.7100219726562,184682,2025-06-06 14:30:00+00:00
768.75,770.1099853515625,766.2000122070312,769.010009765625,465285,2025-06-06 15:30:00+00:00
769.375,769.75,765.2000122070312,766.9500122070312,113516,2025-06-06 16:30:00+00:00
767.1799926757812,770.2100219726562,766.6494140625,769.1799926757812,143154,2025-06-06 17:30:00+00:00
768.864990234375,770.9500122070312,768.0,770.1599731445312,158969,2025-06-06 18:30:00+00:00
770.4644775390625,770.72998046875,768.4277954101562,769.9199829101562,230000,2025-06-06 19:30:00+00:00
771.9500122070312,779.2899780273438,767.5928955078125,773.5349731445312,491957,2025-06-09 13:30:00+00:00
772.9500732421875,775.5549926757812,771.5499877929688,773.25,204307,2025-06-09 14:30:00+00:00
773.27001953125,774.419921875,771.4000854492188,773.719970703125,152171,2025-06-09 15:30:00+00:00
773.9949951171875,778.0999755859375,773.1900024414062,777.4849853515625,187075,2025-06-09 16:30:00+00:00
777.3699951171875,777.3699951171875,773.8049926757812,775.0700073242188,184588,2025-06-09 17:30:00+00:00
775.0700073242188,776.0399780273438,772.010009765625,772.4000244140625,212476,2025-06-09 18:30:00+00:00
772.3150024414062,774.905029296875,771.9949951171875,773.5599975585938,298907,2025-06-09 19:30:00+00:00
782.3499755859375,795.5,780.8599853515625,792.719970703125,940538,2025-06-10 13:30:00+00:00
792.5349731445312,797.8900146484375,791.9000244140625,797.5700073242188,560857,2025-06-10 14:30:00+00:00
797.2100219726562,797.8900146484375,792.1799926757812,796.7899780273438,372665,2025-06-10 15:30:00+00:00
796.97998046875,804.1904296875,796.8477783203125,803.5399780273438,487653,2025-06-10 16:30:00+00:00
803.3400268554688,805.8200073242188,800.0,801.6931762695312,341947,2025-06-10 17:30:00+00:00
801.4000244140625,805.5999755859375,800.9400024414062,803.0900268554688,414488,2025-06-10 18:30:00+00:00
803.0900268554688,808.6300048828125,800.9600219726562,807.6300048828125,789371,2025-06-10 19:30:00+00:00
809.6500244140625,817.010009765625,805.6199951171875,815.5,744438,2025-06-11 13:30:00+00:00
815.4099731445312,820.7177734375,814.6900024414062,815.3900146484375,346290,2025-06-11 14:30:00+00:00
815.3699951171875,815.969970703125,812.1400146484375,815.1199951171875,270247,2025-06-11 15:30:00+00:00
815.239990234375,817.4000244140625,814.9400024414062,817.1215209960938,186979,2025-06-11 16:30:00+00:00
817.0200805664062,817.6699829101562,809.010009765625,809.3703002929688,356041,2025-06-11 17:30:00+00:00
809.2100219726562,811.6124877929688,806.5728759765625,806.6599731445312,366865,2025-06-11 18:30:00+00:00
806.9000244140625,808.9199829101562,805.0272216796875,808.6199951171875,424912,2025-06-11 19:30:00+00:00
810.3300170898438,814.52001953125,806.3499755859375,812.7866821289062,382724,2025-06-12 13:30:00+00:00
813.0966796875,818.5549926757812,812.6799926757812,816.4000244140625,289889,2025-06-12 14:30:00+00:00
817.4849853515625,817.7899780273438,814.5,815.4500122070312,203170,2025-06-12 15:30:00+00:00
814.9849853515625,817.6998901367188,811.01708984375,811.4149780273438,245458,2025-06-12 16:30:00+00:00
811.4199829101562,812.4600219726562,807.4794921875,808.9550170898438,203602,2025-06-12 17:30:00+00:00
808.5800170898438,811.7935791015625,808.0,810.6472778320312,204868,2025-06-12 18:30:00+00:00
810.6099853515625,812.010009765625,808.2000122070312,812.010009765625,277115,2025-06-12 19:30:00+00:00
810.3350219726562,825.0,808.10009765625,817.2650146484375,748328,2025-06-13 13:30:00+00:00
817.030029296875,822.510009765625,816.2000122070312,822.3599853515625,326037,2025-06-13 14:30:00+00:00
822.3699951171875,825.0,821.489990234375,821.6799926757812,233914,2025-06-13 15:30:00+00:00
821.9224853515625,825.0,818.7899780273438,819.5,232690,2025-06-13 16:30:00+00:00
820.02001953125,821.60498046875,815.75,816.0999755859375,154670,2025-06-13 17:30:00+00:00
815.885009765625,820.0,813.489990234375,818.1300048828125,244013,2025-06-13 18:30:00+00:00
818.0499877929688,820.6099853515625,817.2449951171875,819.760009765625,327137,2025-06-13 19:30:00+00:00
821.6799926757812,824.0,810.0,821.5,555631,2025-06-16 13:30:00+00:00
821.4099731445312,825.0,817.010009765625,817.4650268554688,367450,2025-06-16 14:30:00+00:00
817.5250244140625,821.5,816.0999755859375,818.5050048828125,352908,2025-06-16 15:30:00+00:00
818.530029296875,819.4400024414062,813.6199951171875,815.1099853515625,258423,2025-06-16 16:30:00+00:00
815.1099853515625,815.6799926757812,808.5999755859375,809.0399780273438,289059,2025-06-16 17:30:00+00:00
809.0499877929688,809.5098876953125,805.7575073242188,806.469970703125,260395,2025-06-16 18:30:00+00:00
806.4949951171875,809.25,806.0,807.6400146484375,353785,2025-06-16 19:30:00+00:00
803.0,805.0,788.9349975585938,801.489990234375,801464,2025-06-17 13:30:00+00:00
801.1696166992188,801.97998046875,793.7000122070312,795.2999877929688,352060,2025-06-17 14:30:00+00:00
795.3049926757812,798.7899780273438,794.0499877929688,797.3200073242188,211715,2025-06-17 15:30:00+00:00
797.2949829101562,798.989990234375,794.4299926757812,795.5800170898438,225589,2025-06-17 16:30:00+00:00
795.0499877929688,797.4299926757812,791.4299926757812,792.3099975585938,187860,2025-06-17 17:30:00+00:00
792.4454956054688,794.3300170898438,791.5,793.9500122070312,210072,2025-06-17 18:30:00+00:00
793.739990234375,793.8074951171875,790.0700073242188,791.3200073242188,306411,2025-06-17 19:30:00+00:00
789.9500122070312,790.5,779.4400024414062,788.7213745117188,624336,2025-06-18 13:30:00+00:00
788.7550048828125,790.625,785.6500244140625,788.530029296875,256799,2025-06-18 14:30:00+00:00
787.3599853515625,787.7072143554688,784.9400024414062,786.2849731445312,168725,2025-06-18 15:30:00+00:00
785.9299926757812,786.75,782.6699829101562,783.3250122070312,153385,2025-06-18 16:30:00+00:00
783.3699951171875,788.0,781.219970703125,786.7750244140625,223114,2025-06-18 17:30:00+00:00
786.4686279296875,787.010009765625,782.39501953125,783.114990234375,208950,2025-06-18 18:30:00+00:00
782.6199951171875,786.3300170898438,782.6199951171875,784.4970703125,350446,2025-06-18 19:30:00+00:00
786.0,786.0,755.5599975585938,766.4000244140625,1901072,2025-06-20 13:30:00+00:00
766.6644287109375,766.6644287109375,759.530029296875,763.989990234375,479067,2025-06-20 14:30:00+00:00
764.5250244140625,765.4400024414062,760.3200073242188,761.2899780273438,334617,2025-06-20 15:30:00+00:00
761.3250122070312,765.281982421875,761.1799926757812,763.5,188974,2025-06-20 16:30:00+00:00
763.8098754882812,769.27197265625,763.39501953125,767.989990234375,230124,2025-06-20 17:30:00+00:00
768.094970703125,768.6798706054688,763.3300170898438,763.635009765625,278538,2025-06-20 18:30:00+00:00
763.635009765625,767.489990234375,762.6727294921875,762.719970703125,510443,2025-06-20 19:30:00+00:00
770.530029296875,793.2100219726562,769.7849731445312,775.9299926757812,962916,2025-06-23 13:30:00+00:00
775.739990234375,777.4998779296875,769.7728881835938,769.9450073242188,384856,2025-06-23 14:30:00+00:00
769.2100219726562,770.5798950195312,765.52001953125,767.2050170898438,304432,2025-06-23 15:30:00+00:00
767.1199951171875,769.5599975585938,763.8300170898438,768.5900268554688,319178,2025-06-23 16:30:00+00:00
768.989990234375,771.760009765625,767.3900146484375,770.3200073242188,212421,2025-06-23 17:30:00+00:00
770.3184204101562,772.385009765625,766.969970703125,770.8800048828125,331719,2025-06-23 18:30:00+00:00
770.8499755859375,771.1055908203125,766.0,770.47998046875,463046,2025-06-23 19:30:00+00:00
772.8900146484375,772.8900146484375,763.02001953125,770.4000244140625,623785,2025-06-24 13:30:00+00:00
770.3800048828125,771.8300170898438,768.0748291015625,769.1400146484375,211085,2025-06-24 14:30:00+00:00
769.219970703125,773.2999877929688,768.4000244140625,773.2999877929688,167334,2025-06-24 15:30:00+00:00
773.5599975585938,774.2999877929688,772.5,772.6732177734375,189290,2025-06-24 16:30:00+00:00
772.5999755859375,776.1599731445312,771.719970703125,774.3599853515625,164398,2025-06-24 17:30:00+00:00
774.3250122070312,781.2000122070312,771.7899780273438,780.989990234375,296501,2025-06-24 18:30:00+00:00
780.6900024414062,784.4400024414062,778.1500244140625,778.780029296875,542951,2025-06-24 19:30:00+00:00
779.0,787.6763916015625,773.594970703125,785.5499877929688,604628,2025-06-25 13:30:00+00:00
786.2999877929688,793.9199829101562,784.0,791.6950073242188,368730,2025-06-25 14:30:00+00:00
791.6950073242188,796.9600219726562,787.7449951171875,796.8200073242188,329135,2025-06-25 15:30:00+00:00
796.8099975585938,798.9500122070312,791.4000854492188,792.8699951171875,305298,2025-06-25 16:30:00+00:00
793.1900024414062,795.7000122070312,791.6599731445312,793.094970703125,323152,2025-06-25 17:30:00+00:00
792.97998046875,795.5900268554688,790.394775390625,794.736083984375,342226,2025-06-25 18:30:00+00:00
794.9600219726562,795.47998046875,791.8300170898438,793.0499877929688,382319,2025-06-25 19:30:00+00:00
793.9500122070312,798.7999877929688,788.25,797.0900268554688,506856,2025-06-26 13:30:00+00:00
796.5499877929688,798.09912109375,792.7999877929688,792.7999877929688,297590,2025-06-26 14:30:00+00:00
792.97998046875,797.5499267578125,792.9149780273438,795.3400268554688,320273,2025-06-26 15:30:00+00:00
795.5499877929688,796.02001953125,794.75,795.219970703125,251477,2025-06-26 16:30:00+00:00
795.219970703125,795.9500122070312,794.6135864257812,795.489990234375,312295,2025-06-26 17:30:00+00:00
795.489990234375,796.7999877929688,791.0001220703125,795.22998046875,364243,2025-06-26 18:30:00+00:00
795.3300170898438,797.27001953125,793.97998046875,795.3900146484375,516137,2025-06-26 19:30:00+00:00
795.7999877929688,802.5,787.6699829101562,789.0,676425,2025-06-27 13:30:00+00:00
789.1699829101562,789.1699829101562,782.0499877929688,784.7550048828125,368768,2025-06-27 14:30:00+00:00
785.0,788.0,784.1400146484375,786.8900146484375,229314,2025-06-27 15:30:00+00:00
787.0399780273438,788.9299926757812,782.6950073242188,783.0900268554688,258258,2025-06-27 16:30:00+00:00
783.2349853515625,784.8699951171875,778.72998046875,778.9400024414062,278826,2025-06-27 17:30:00+00:00
778.7449951171875,778.780029296875,775.2000122070312,777.2849731445312,315899,2025-06-27 18:30:00+00:00
777.2849731445312,778.0999755859375,774.6400146484375,775.3499755859375,462401,2025-06-27 19:30:00+00:00
778.5399780273438,783.0,774.0,781.3800048828125,510205,2025-06-30 13:30:00+00:00
781.39990234375,781.9199829101562,776.5999755859375,777.3200073242188,263566,2025-06-30 14:30:00+00:00
776.6500244140625,779.9299926757812,776.0900268554688,779.3300170898438,191758,2025-06-30 15:30:00+00:00
778.6799926757812,779.5700073242188,774.239990234375,776.0059814453125,187737,2025-06-30 16:30:00+00:00
775.9429931640625,778.010009765625,774.1500244140625,777.1799926757812,181761,2025-06-30 17:30:00+00:00
777.0750122070312,778.8800048828125,776.530029296875,777.4249877929688,230006,2025-06-30 18:30:00+00:00
777.4199829101562,780.1099853515625,775.530029296875,779.02001953125,470811,2025-06-30 19:30:00+00:00
779.530029296875,784.864990234375,776.5599975585938,782.260009765625,405940,2025-07-01 13:30:00+00:00
782.0999755859375,790.0,781.25,787.5,547973,2025-07-01 14:30:00+00:00
787.469970703125,789.0,782.0399780273438,782.0399780273438,252932,2025-07-01 15:30:00+00:00
782.010009765625,783.364990234375,777.1500244140625,781.75,230941,2025-07-01 16:30:00+00:00
781.1500244140625,781.9099731445312,773.0,774.89990234375,317918,2025-07-01 17:30:00+00:00
774.4600219726562,777.0,774.0242919921875,776.7000122070312,231458,2025-07-01 18:30:00+00:00
776.7000122070312,778.8200073242188,775.6199951171875,775.9000244140625,248897,2025-07-01 19:30:00+00:00
776.5,779.8400268554688,768.0,776.486328125,464678,2025-07-02 13:30:00+00:00
777.14501953125,778.0,773.0,775.2449951171875,206410,2025-07-02 14:30:00+00:00
775.9099731445312,778.4500122070312,775.2999877929688,776.7650146484375,192768,2025-07-02 15:30:00+00:00
776.75,778.9598999023438,776.6199951171875,777.4450073242188,253061,2025-07-02 16:30:00+00:00
777.7055053710938,779.0800170898438,776.75,777.1099853515625,101660,2025-07-02 17:30:00+00:00
777.086669921875,778.89990234375,776.875,777.0,169749,2025-07-02 18:30:00+00:00
777.2249755859375,779.8099975585938,776.9901123046875,779.1799926757812,233132,2025-07-02 19:30:00+00:00
780.4600219726562,783.5499877929688,776.0,777.7750244140625,381144,2025-07-03 13:30:00+00:00
777.3699951171875,779.7210083007812,775.2501220703125,777.9099731445312,256595,2025-07-03 14:30:00+00:00
777.2050170898438,778.2100219726562,773.0,777.3150024414062,274003,2025-07-03 15:30:00+00:00
780.6799926757812,781.1480712890625,762.030029296875,766.010009765625,693499,2025-07-07 13:30:00+00:00
766.3699951171875,771.9400024414062,764.760009765625,769.0244750976562,321035,2025-07-07 14:30:00+00:00
769.6099853515625,772.9907836914062,768.8900146484375,770.4700927734375,208945,2025-07-07 15:30:00+00:00
770.5,771.8400268554688,768.1500244140625,768.27001953125,206804,2025-07-07 16:30:00+00:00
769.1799926757812,769.97998046875,765.260009765625,766.3499755859375,192680,2025-07-07 17:30:00+00:00
765.7100219726562,771.780029296875,765.52001953125,771.3900146484375,206748,2025-07-07 18:30:00+00:00
771.3099975585938,772.9299926757812,770.9600830078125,772.6099853515625,301792,2025-07-07 19:30:00+00:00
774.8499755859375,788.8798828125,769.7525024414062,787.5,618243,2025-07-08 13:30:00+00:00
787.1849975585938,792.6900024414062,787.0275268554688,788.1649780273438,397526,2025-07-08 14:30:00+00:00
788.22998046875,791.6900024414062,787.6500244140625,790.5,233582,2025-07-08 15:30:00+00:00
790.530029296875,792.4500122070312,768.8001098632812,780.6799926757812,770063,2025-07-08 16:30:00+00:00
780.5800170898438,782.73779296875,779.0001220703125,781.1900024414062,177089,2025-07-08 17:30:00+00:00
781.9398803710938,783.9954833984375,778.9385986328125,779.72998046875,195227,2025-07-08 18:30:00+00:00
779.8500366210938,782.0449829101562,777.52001953125,778.0999755859375,441949,2025-07-08 19:30:00+00:00
783.7999877929688,794.0,781.989990234375,786.5675048828125,650952,2025-07-09 13:30:00+00:00
787.1500244140625,788.719970703125,782.4613037109375,785.9149780273438,267058,2025-07-09 14:30:00+00:00
786.1400146484375,788.1500244140625,784.405029296875,786.6716918945312,210926,2025-07-09 15:30:00+00:00
786.4500122070312,787.2650146484375,784.0,785.530029296875,233425,2025-07-09 16:30:00+00:00
785.260009765625,786.72998046875,783.011474609375,785.655029296875,148357,2025-07-09 17:30:00+00:00
786.030029296875,788.760009765625,784.260009765625,787.85498046875,243550,2025-07-09 18:30:00+00:00
787.8599853515625,788.010009765625,785.4000244140625,786.530029296875,394066,2025-07-09 19:30:00+00:00
789.6699829101562,794.89990234375,786.4299926757812,791.385009765625,502117,2025-07-10 13:30:00+00:00
791.385009765625,799.4921875,791.2183227539062,794.02001953125,523149,2025-07-10 14:30:00+00:00
794.0700073242188,795.978515625,791.4500122070312,793.719970703125,257799,2025-07-10 15:30:00+00:00
794.0549926757812,795.22998046875,791.0,795.0999755859375,235883,2025-07-10 16:30:00+00:00
795.5,796.3499755859375,793.6304931640625,794.10498046875,284845,2025-07-10 17:30:00+00:00
794.0650024414062,794.1204833984375,789.2999877929688,792.625,328794,2025-07-10 18:30:00+00:00
793.030029296875,793.6799926757812,789.010009765625,790.4400024414062,447625,2025-07-10 19:30:00+00:00
786.3499755859375,792.8800048828125,779.2849731445312,783.469970703125,804704,2025-07-11 13:30:00+00:00
782.8599853515625,783.489990234375,777.2000122070312,781.0,338127,2025-07-11 14:30:00+00:00
782.0,784.8499755859375,779.8253173828125,780.9600219726562,219897,2025-07-11 15:30:00+00:00
781.0,782.4600219726562,780.0,782.2899780273438,113000,2025-07-11 16:30:00+00:00
782.0023803710938,785.8499755859375,781.9996948242188,785.5250244140625,219655,2025-07-11 17:30:00+00:00
785.3900146484375,787.27001953125,783.5800170898438,787.22998046875,194589,2025-07-11 18:30:00+00:00
786.8800048828125,795.72998046875,786.6199951171875,792.6900024414062,557099,2025-07-11 19:30:00+00:00
790.0,798.77001953125,787.3599853515625,793.8200073242188,448001,2025-07-14 13:30:00+00:00
794.8049926757812,798.010009765625,792.3499755859375,794.75,177987,2025-07-14 14:30:00+00:00
795.2150268554688,798.0,794.0,795.094970703125,211295,2025-07-14 15:30:00+00:00
795.3599853515625,800.8800048828125,795.02001953125,798.9749755859375,254329,2025-07-14 16:30:00+00:00
799.048095703125,799.1500244140625,794.6400146484375,795.02001953125,245573,2025-07-14 17:30:00+00:00
795.2849731445312,797.9000244140625,793.3671875,797.4099731445312,310886,2025-07-14 18:30:00+00:00
797.4199829101562,799.9000244140625,796.8800048828125,798.9600219726562,276980,2025-07-14 19:30:00+00:00
801.6699829101562,805.4199829101562,784.0401000976562,786.3049926757812,787235,2025-07-15 13:30:00+00:00
786.9099731445312,787.7999877929688,770.2183227539062,771.3800048828125,842884,2025-07-15 14:30:00+00:00
771.0999755859375,776.8599243164062,769.3099975585938,775.6849975585938,474134,2025-07-15 15:30:00+00:00
776.0999755859375,779.780029296875,775.1699829101562,777.8956298828125,202118,2025-07-15 16:30:00+00:00
777.8200073242188,779.3800048828125,770.0,771.1500244140625,364430,2025-07-15 17:30:00+00:00
771.344970703125,772.0753173828125,764.3800048828125,767.0,460266,2025-07-15 18:30:00+00:00
767.260009765625,774.0599975585938,767.260009765625,771.5700073242188,704898,2025-07-15 19:30:00+00:00
773.5,785.6845703125,772.1599731445312,783.219970703125,576882,2025-07-16 13:30:00+00:00
782.8300170898438,796.035400390625,782.8300170898438,790.6099853515625,781690,2025-07-16 14:30:00+00:00
790.0,795.6300048828125,787.3800048828125,792.1599731445312,395364,2025-07-16 15:30:00+00:00
792.0399780273438,792.8800048828125,788.292724609375,790.7899780273438,148575,2025-07-16 16:30:00+00:00
791.260009765625,792.147216796875,787.510009765625,789.2849731445312,140672,2025-07-16 17:30:00+00:00
789.1586303710938,791.0,787.0961303710938,789.3099975585938,199109,2025-07-16 18:30:00+00:00
789.0800170898438,790.7899780273438,788.510009765625,789.64501953125,344356,2025-07-16 19:30:00+00:00
786.7899780273438,788.0,777.0,788.0,700108,2025-07-17 13:30:00+00:00
787.1500244140625,790.0,784.7100219726562,787.8400268554688,374963,2025-07-17 14:30:00+00:00
788.1500244140625,788.1500244140625,771.5900268554688,772.8400268554688,406211,2025-07-17 15:30:00+00:00
773.10498046875,773.6199951171875,763.3900146484375,764.0,626696,2025-07-17 16:30:00+00:00
764.0700073242188,765.47998046875,760.0200805664062,763.9749755859375,522107,2025-07-17 17:30:00+00:00
763.9749755859375,764.72998046875,761.3101196289062,762.0272216796875,401570,2025-07-17 18:30:00+00:00
761.8474731445312,764.0800170898438,761.2899780273438,761.6500244140625,551352,2025-07-17 19:30:00+00:00
763.8599853515625,775.0,760.5,774.2824096679688,875078,2025-07-18 13:30:00+00:00
774.6199951171875,775.9600219726562,771.8150024414062,773.780029296875,552122,2025-07-18 14:30:00+00:00
774.0117797851562,774.5999755859375,768.830078125,771.2449951171875,201600,2025-07-18 15:30:00+00:00
771.2100219726562,772.5999755859375,768.8599853515625,771.77001953125,484457,2025-07-18 16:30:00+00:00
771.8699951171875,775.25,771.6599731445312,773.2100219726562,211423,2025-07-18 17:30:00+00:00
773.1950073242188,774.739990234375,772.3099975585938,773.4450073242188,178606,2025-07-18 18:30:00+00:00
773.7100219726562,775.2000122070312,771.4000244140625,771.9299926757812,374676,2025-07-18 19:30:00+00:00
768.1699829101562,772.0,763.0,767.4249877929688,635577,2025-07-21 13:30:00+00:00
767.4249877929688,769.3400268554688,760.5,767.9249877929688,496005,2025-07-21 14:30:00+00:00
768.00341796875,768.3099975585938,762.6799926757812,763.780029296875,281441,2025-07-21 15:30:00+00:00
763.8375244140625,765.8599853515625,761.8800048828125,764.9349975585938,268423,2025-07-21 16:30:00+00:00
764.9000244140625,767.72998046875,764.47998046875,764.47998046875,225982,2025-07-21 17:30:00+00:00
764.47998046875,764.8400268554688,761.60498046875,763.364990234375,255994,2025-07-21 18:30:00+00:00
763.364990234375,764.0499877929688,761.510009765625,762.1400146484375,366104,2025-07-21 19:30:00+00:00
763.3400268554688,777.875,762.5,774.02001953125,806862,2025-07-22 13:30:00+00:00
774.1599731445312,777.77001953125,770.8499755859375,776.02001953125,280564,2025-07-22 14:30:00+00:00
775.72998046875,776.3900146484375,772.635009765625,772.9000244140625,140647,2025-07-22 15:30:00+00:00
772.8494873046875,775.0599975585938,772.8300170898438,774.75,114354,2025-07-22 16:30:00+00:00
774.8499755859375,775.739990234375,773.0700073242188,773.7899780273438,164035,2025-07-22 17:30:00+00:00
773.8499755859375,777.4757080078125,773.219970703125,776.7000122070312,176032,2025-07-22 18:30:00+00:00
776.780029296875,778.2899780273438,775.27001953125,775.5599975585938,379427,2025-07-22 19:30:00+00:00
778.489990234375,786.5,778.0999755859375,786.5,404900,2025-07-23 13:30:00+00:00
786.4199829101562,789.905029296875,785.1699829101562,789.6599731445312,269090,2025-07-23 14:30:00+00:00
789.5933227539062,797.3347778320312,788.7166748046875,794.375,435265,2025-07-23 15:30:00+00:00
794.375,798.5700073242188,794.0,798.22998046875,272219,2025-07-23 16:30:00+00:00
798.1500244140625,800.0900268554688,796.7000122070312,797.780029296875,287748,2025-07-23 17:30:00+00:00
797.9000244140625,798.9600219726562,795.9509887695312,797.6400146484375,220348,2025-07-23 18:30:00+00:00
797.75,799.280029296875,796.7700805664062,799.1300048828125,424854,2025-07-23 19:30:00+00:00
801.3599853515625,806.47998046875,797.6500244140625,798.72998046875,668817,2025-07-24 13:30:00+00:00
799.3200073242188,805.9500122070312,799.1099853515625,803.8297119140625,377002,2025-07-24 14:30:00+00:00
804.2899780273438,804.6898803710938,802.4201049804688,804.3599853515625,195032,2025-07-24 15:30:00+00:00
804.1799926757812,808.5,803.9000244140625,807.2249755859375,245986,2025-07-24 16:30:00+00:00
806.8499755859375,808.8900146484375,805.5850219726562,807.010009765625,300203,2025-07-24 17:30:00+00:00
807.2349853515625,807.6799926757812,804.0399780273438,804.3900146484375,217175,2025-07-24 18:30:00+00:00
804.4500122070312,805.6400146484375,803.3300170898438,804.5150146484375,389950,2025-07-24 19:30:00+00:00
809.0,815.1900024414062,807.8099975585938,808.8599853515625,636762,2025-07-25 13:30:00+00:00
808.760009765625,809.3499755859375,804.2600708007812,806.2849731445312,361873,2025-07-25 14:30:00+00:00
806.280029296875,809.5,802.3699951171875,804.0449829101562,233478,2025-07-25 15:30:00+00:00
804.0499877929688,807.3099975585938,803.0001220703125,807.135009765625,148698,2025-07-25 16:30:00+00:00
807.0599975585938,811.3599853515625,806.2899780273438,808.530029296875,247178,2025-07-25 17:30:00+00:00
808.3499755859375,812.7650146484375,808.1170043945312,812.6749877929688,512225,2025-07-25 18:30:00+00:00
812.5449829101562,813.0800170898438,811.0399780273438,812.6900024414062,394008,2025-07-25 19:30:00+00:00
812.6500244140625,820.219970703125,809.4849853515625,814.3599853515625,538022,2025-07-28 13:30:00+00:00
815.3300170898438,816.4713134765625,811.5900268554688,813.3800048828125,306055,2025-07-28 14:30:00+00:00
813.1799926757812,817.75,812.2332763671875,815.8400268554688,179221,2025-07-28 15:30:00+00:00
815.8800048828125,816.0599975585938,813.4199829101562,814.9450073242188,270091,2025-07-28 16:30:00+00:00
814.85498046875,815.8800048828125,808.5800170898438,809.6981811523438,227485,2025-07-28 17:30:00+00:00
809.5250244140625,810.27001953125,803.8099975585938,807.8900146484375,365682,2025-07-28 18:30:00+00:00
808.1900024414062,808.510009765625,802.5,807.9000244140625,323348,2025-07-28 19:30:00+00:00
774.5,774.9677734375,755.1799926757812,771.1500244140625,2645869,2025-07-29 13:30:00+00:00
771.4099731445312,779.489990234375,769.6500244140625,769.8400268554688,727232,2025-07-29 14:30:00+00:00
769.7999877929688,770.5,765.010009765625,765.5700073242188,498658,2025-07-29 15:30:00+00:00
765.7349853515625,769.6799926757812,764.0,769.4400024414062,345665,2025-07-29 16:30:00+00:00
769.469970703125,773.6799926757812,767.8400268554688,772.2205810546875,445138,2025-07-29 17:30:00+00:00
772.0280151367188,773.6599731445312,766.6900024414062,768.530029296875,463171,2025-07-29 18:30:00+00:00
768.5,768.9912109375,761.719970703125,763.0,1094375,2025-07-29 19:30:00+00:00
774.0,778.0999755859375,770.0,772.7999877929688,804664,2025-07-30 13:30:00+00:00
772.7899780273438,774.4099731445312,767.7999877929688,769.6900024414062,518209,2025-07-30 14:30:00+00:00
769.125,770.3200073242188,763.7999877929688,767.5800170898438,482985,2025-07-30 15:30:00+00:00
767.75,767.75,764.1699829101562,765.135009765625,250975,2025-07-30 16:30:00+00:00
765.2000122070312,767.5,762.9500122070312,764.489990234375,383143,2025-07-30 17:30:00+00:00
764.4500122070312,767.0900268554688,758.7030029296875,759.5499877929688,460344,2025-07-30 18:30:00+00:00
759.4949951171875,763.3800048828125,758.4099731445312,760.1099853515625,717430,2025-07-30 19:30:00+00:00
747.2999877929688,766.44677734375,744.0900268554688,763.3499755859375,1345324,2025-07-31 13:30:00+00:00
763.4099731445312,764.530029296875,758.3499755859375,761.530029296875,473298,2025-07-31 14:30:00+00:00
761.8900146484375,765.4149780273438,760.739990234375,764.2349853515625,247987,2025-07-31 15:30:00+00:00
764.4299926757812,766.010009765625,762.3800048828125,762.8150024414062,171619,2025-07-31 16:30:00+00:00
762.8150024414062,763.3099975585938,741.989990234375,749.0399780273438,1168456,2025-07-31 17:30:00+00:00
748.6599731445312,749.3723754882812,737.5999755859375,741.0900268554688,626384,2025-07-31 18:30:00+00:00
741.3800048828125,741.9600219726562,735.4400024414062,739.9400024414062,830046,2025-07-31 19:30:00+00:00
746.8200073242188,768.0,745.989990234375,757.8300170898438,1492670,2025-08-01 13:30:00+00:00
757.8300170898438,759.7000122070312,754.0565795898438,757.0150146484375,555701,2025-08-01 14:30:00+00:00
756.5999755859375,759.8599853515625,755.4199829101562,758.8699951171875,294881,2025-08-01 15:30:00+00:00
758.7000122070312,761.2999877929688,756.7901000976562,757.655029296875,353606,2025-08-01 16:30:00+00:00
757.4299926757812,763.3200073242188,756.9199829101562,763.3200073242188,454029,2025-08-01 17:30:00+00:00
763.0800170898438,764.9899291992188,762.7100219726562,763.3099975585938,482344,2025-08-01 18:30:00+00:00
763.3099975585938,765.719970703125,761.4199829101562,762.6500244140625,676790,2025-08-01 19:30:00+00:00
759.969970703125,774.47998046875,752.5700073242188,757.5449829101562,938970,2025-08-04 13:30:00+00:00
757.375,761.5399169921875,753.1099853515625,761.1500244140625,306153,2025-08-04 14:30:00+00:00
761.135009765625,764.6387939453125,759.7100219726562,762.7000122070312,276661,2025-08-04 15:30:00+00:00
762.7249755859375,766.0,761.9299926757812,766.0,230132,2025-08-04 16:30:00+00:00
766.0,767.8038940429688,762.7800903320312,767.552490234375,183471,2025-08-04 17:30:00+00:00
767.5750122070312,769.5443115234375,766.8499755859375,768.8916015625,313405,2025-08-04 18:30:00+00:00
768.760009765625,769.8099975585938,766.8001098632812,768.77001953125,403753,2025-08-04 19:30:00+00:00
764.75,765.5700073242188,759.6199951171875,763.0599975585938,474876,2025-08-05 13:30:00+00:00
762.9650268554688,769.9400024414062,762.3900146484375,764.510009765625,320642,2025-08-05 14:30:00+00:00
764.2849731445312,766.7650146484375,762.9099731445312,765.4949951171875,153175,2025-08-05 15:30:00+00:00
765.4400024414062,767.9998779296875,764.6699829101562,766.02001953125,162878,2025-08-05 16:30:00+00:00
765.5050048828125,767.0,764.1400146484375,764.7999877929688,278363,2025-08-05 17:30:00+00:00
764.9600219726562,767.6699829101562,763.2650146484375,767.6099853515625,291594,2025-08-05 18:30:00+00:00
767.6199951171875,768.1099853515625,764.6199951171875,765.7100219726562,359186,2025-08-05 19:30:00+00:00
756.5599975585938,762.7783813476562,753.1400146484375,758.030029296875,609639,2025-08-06 13:30:00+00:00
757.72998046875,759.5850219726562,746.0001220703125,748.75,629883,2025-08-06 14:30:00+00:00
748.7899780273438,750.2000122070312,746.0800170898438,748.510009765625,447261,2025-08-06 15:30:00+00:00
748.635009765625,749.2999877929688,745.0,745.969970703125,421614,2025-08-06 16:30:00+00:00
746.2100219726562,746.2849731445312,740.1900024414062,741.219970703125,644726,2025-08-06 17:30:00+00:00
741.239990234375,747.5175170898438,741.1099853515625,746.739990234375,664838,2025-08-06 18:30:00+00:00
746.3599853515625,747.4749755859375,744.25,747.0399780273438,671460,2025-08-06 19:30:00+00:00
675.6599731445312,678.2868041992188,635.2999877929688,640.1295776367188,10687325,2025-08-07 13:30:00+00:00
640.0,642.0700073242188,633.2000122070312,638.3300170898438,4008029,2025-08-07 14:30:00+00:00
638.239990234375,641.5,634.5900268554688,639.6400146484375,2534898,2025-08-07 15:30:00+00:00
639.6849975585938,648.3663940429688,637.3599853515625,638.8699951171875,2764446,2025-08-07 16:30:00+00:00
639.0,643.0,638.25,640.8800048828125,1466634,2025-08-07 17:30:00+00:00
640.864990234375,649.3599853515625,638.344482421875,644.3699951171875,1784899,2025-08-07 18:30:00+00:00
644.5900268554688,646.0,640.0,640.8400268554688,1737645,2025-08-07 19:30:00+00:00
655.0,656.1799926757812,635.0,636.2000122070312,4162939,2025-08-08 13:30:00+00:00
636.27001953125,636.442626953125,623.780029296875,630.0700073242188,2691428,2025-08-08 14:30:00+00:00
630.0479736328125,635.7999877929688,628.5999755859375,631.970703125,1226497,2025-08-08 15:30:00+00:00
632.02001953125,637.8699951171875,631.0689086914062,635.5700073242188,875698,2025-08-08 16:30:00+00:00
635.6848754882812,636.9000244140625,629.5,629.7449951171875,927173,2025-08-08 17:30:00+00:00
629.7449951171875,630.910400390625,625.5,628.7000122070312,1680051,2025-08-08 18:30:00+00:00
628.7849731445312,629.219970703125,624.6599731445312,625.3900146484375,1743512,2025-08-08 19:30:00+00:00
629.4149780273438,651.8200073242188,625.9000244140625,650.1300048828125,3736213,2025-08-11 13:30:00+00:00
650.1099853515625,654.4400024414062,647.739990234375,651.114990234375,1791594,2025-08-11 14:30:00+00:00
651.3200073242188,651.7999877929688,640.77001953125,641.719970703125,989848,2025-08-11 15:30:00+00:00
641.844970703125,646.1400146484375,641.6799926757812,642.3099975585938,720423,2025-08-11 16:30:00+00:00
642.2000122070312,645.6500244140625,639.489990234375,643.10498046875,1317947,2025-08-11 17:30:00+00:00
643.3300170898438,644.0999755859375,638.0599975585938,638.4099731445312,986802,2025-08-11 18:30:00+00:00
638.6699829101562,639.4500122070312,634.5,635.510009765625,964746,2025-08-11 19:30:00+00:00
639.5,643.8800048828125,629.3980102539062,635.6749877929688,1619788,2025-08-12 13:30:00+00:00
635.6749877929688,636.6300048828125,632.9710083007812,635.22998046875,878223,2025-08-12 14:30:00+00:00
635.9400024414062,645.4500122070312,635.7100219726562,641.8250122070312,857725,2025-08-12 15:30:00+00:00
641.8250122070312,646.1799926757812,640.540771484375,640.6890258789062,669598,2025-08-12 16:30:00+00:00
640.4500122070312,641.3499755859375,637.2899780273438,639.486572265625,566202,2025-08-12 17:30:00+00:00
639.3200073242188,639.3200073242188,636.4550170898438,636.9400024414062,477486,2025-08-12 18:30:00+00:00
636.8150024414062,640.3699951171875,633.6799926757812,639.5399780273438,727734,2025-08-12 19:30:00+00:00
650.4000244140625,657.4998779296875,644.5,654.64501953125,2028918,2025-08-13 13:30:00+00:00
654.64501953125,657.2219848632812,651.4000244140625,655.9249877929688,764536,2025-08-13 14:30:00+00:00
656.0900268554688,661.75,655.7575073242188,658.77001953125,854681,2025-08-13 15:30:00+00:00
658.77001953125,660.8200073242188,654.8400268554688,658.3350219726562,517552,2025-08-13 16:30:00+00:00
658.3200073242188,658.5767211914062,655.0,656.97998046875,394836,2025-08-13 17:30:00+00:00
656.97998046875,660.2860107421875,656.968505859375,659.1099853515625,585882,2025-08-13 18:30:00+00:00
658.9650268554688,661.4099731445312,657.8800048828125,660.6500244140625,578761,2025-08-13 19:30:00+00:00
662.0,668.0700073242188,655.0999755859375,667.905029296875,1999949,2025-08-14 13:30:00+00:00
667.905029296875,677.72998046875,667.5,672.530029296875,1718788,2025-08-14 14:30:00+00:00
672.5850219726562,677.7000122070312,669.7100219726562,677.3400268554688,824736,2025-08-14 15:30:00+00:00
676.9450073242188,677.3599243164062,672.8212890625,676.1500244140625,600712,2025-08-14 16:30:00+00:00
676.0,682.510009765625,675.4500122070312,682.1400146484375,777591,2025-08-14 17:30:00+00:00
682.219970703125,685.0,681.6199951171875,682.1500244140625,869933,2025-08-14 18:30:00+00:00
682.2474975585938,685.47998046875,681.6290283203125,684.4600219726562,829043,2025-08-14 19:30:00+00:00
694.2000122070312,700.619873046875,685.8001098632812,689.4500732421875,2413162,2025-08-15 13:30:00+00:00
689.5399780273438,693.52001953125,686.1500244140625,691.5900268554688,998993,2025-08-15 14:30:00+00:00
691.9398803710938,699.52001953125,690.3300170898438,699.0999755859375,930850,2025-08-15 15:30:00+00:00
699.0599975585938,705.780029296875,696.5800170898438,705.1649780273438,897316,2025-08-15 16:30:00+00:00
705.2025146484375,706.6970825195312,701.510009765625,704.9129028320312,839011,2025-08-15 17:30:00+00:00
704.5650024414062,706.3499755859375,700.5869140625,701.52001953125,722631,2025-08-15 18:30:00+00:00
701.614990234375,703.0599975585938,699.2064208984375,701.239990234375,744165,2025-08-15 19:30:00+00:00
695.02001953125,706.489990234375,693.5,704.3499755859375,1244234,2025-08-18 13:30:00+00:00
704.2899780273438,707.75,703.0349731445312,703.9799194335938,613033,2025-08-18 14:30:00+00:00
703.6300048828125,703.7849731445312,699.0989990234375,700.3400268554688,443582,2025-08-18 15:30:00+00:00
700.4400024414062,703.3118286132812,699.5,702.1400146484375,565931,2025-08-18 16:30:00+00:00
702.1400146484375,702.8400268554688,696.3466186523438,697.6699829101562,359723,2025-08-18 17:30:00+00:00
697.60498046875,700.0,697.2899780273438,699.1699829101562,314445,2025-08-18 18:30:00+00:00
699.1599731445312,700.0,697.975830078125,698.1099853515625,401518,2025-08-18 19:30:00+00:00
706.6099853515625,714.26611328125,704.489990234375,708.7086181640625,1811179,2025-08-19 13:30:00+00:00
708.9500122070312,712.2000122070312,706.6500244140625,710.4400024414062,727434,2025-08-19 14:30:00+00:00
710.1901245117188,713.2100219726562,708.5399780273438,709.2449951171875,557331,2025-08-19 15:30:00+00:00
709.2449951171875,711.4299926757812,707.2000122070312,710.6500244140625,528525,2025-08-19 16:30:00+00:00
710.47998046875,710.7899780273438,702.3800048828125,704.8599853515625,518683,2025-08-19 17:30:00+00:00
704.52001953125,706.0,698.5499877929688,699.4000244140625,658265,2025-08-19 18:30:00+00:00
699.2650146484375,704.989990234375,699.2650146484375,703.3200073242188,578535,2025-08-19 19:30:00+00:00
701.52001953125,703.0,685.1503295898438,692.280029296875,1448621,2025-08-20 13:30:00+00:00
692.0800170898438,693.1799926757812,686.6201171875,691.2000122070312,547589,2025-08-20 14:30:00+00:00
691.2999877929688,697.52001953125,691.010009765625,696.905029296875,345145,2025-08-20 15:30:00+00:00
696.780029296875,699.2949829101562,696.2100830078125,698.8400268554688,239191,2025-08-20 16:30:00+00:00
698.510009765625,700.5800170898438,698.1948852539062,700.173583984375,298916,2025-08-20 17:30:00+00:00
700.2349853515625,704.4199829101562,700.090087890625,704.0499877929688,318438,2025-08-20 18:30:00+00:00
703.9199829101562,705.7999877929688,703.5800170898438,704.8599853515625,438852,2025-08-20 19:30:00+00:00
705.2000122070312,716.75,705.2000122070312,714.7550048828125,1271599,2025-08-21 13:30:00+00:00
714.75,718.4000244140625,712.2772827148438,716.0687866210938,531005,2025-08-21 14:30:00+00:00
716.1275024414062,717.8300170898438,711.6500244140625,715.239990234375,334320,2025-08-21 15:30:00+00:00
715.4500122070312,715.7449951171875,712.0300903320312,713.0999755859375,285152,2025-08-21 16:30:00+00:00
713.2000122070312,715.3800048828125,712.7999877929688,713.4199829101562,226714,2025-08-21 17:30:00+00:00
713.52001953125,713.72998046875,710.1724243164062,710.5250244140625,250077,2025-08-21 18:30:00+00:00
710.3099975585938,710.969970703125,708.2971801757812,709.8200073242188,346238,2025-08-21 19:30:00+00:00
716.2999877929688,719.4149780273438,713.0,718.3499755859375,975813,2025-08-22 13:30:00+00:00
718.5999755859375,719.4628295898438,714.6500244140625,715.6898803710938,441715,2025-08-22 14:30:00+00:00
715.6900024414062,715.9804077148438,713.0499877929688,714.2999877929688,282016,2025-08-22 15:30:00+00:00
714.2999877929688,715.0,710.9550170898438,711.9299926757812,215360,2025-08-22 16:30:00+00:00
711.7949829101562,712.47900390625,709.8400268554688,710.3599853515625,273306,2025-08-22 17:30:00+00:00
710.5700073242188,712.7899780273438,709.4301147460938,711.0020141601562,276423,2025-08-22 18:30:00+00:00
711.0999755859375,712.0499877929688,710.3203125,711.6599731445312,348528,2025-08-22 19:30:00+00:00
711.0,713.4998779296875,705.9249877929688,706.5499877929688,551362,2025-08-25 13:30:00+00:00
706.85498046875,706.9998779296875,700.2899780273438,702.5050048828125,487227,2025-08-25 14:30:00+00:00
702.3499755859375,703.0,697.010009765625,697.7050170898438,426863,2025-08-25 15:30:00+00:00
697.7050170898438,698.5499267578125,696.0,698.10498046875,278813,2025-08-25 16:30:00+00:00
698.10498046875,698.9500122070312,697.0,697.260009765625,209940,2025-08-25 17:30:00+00:00
697.3300170898438,697.4799194335938,694.8828735351562,695.0399780273438,279810,2025-08-25 18:30:00+00:00
695.02001953125,697.260009765625,694.22998046875,695.4000244140625,352447,2025-08-25 19:30:00+00:00
716.239990234375,728.72998046875,713.09521484375,715.8800048828125,2666706,2025-08-26 13:30:00+00:00
716.232421875,724.5,713.2979125976562,722.7144775390625,888196,2025-08-26 14:30:00+00:00
723.0549926757812,728.419921875,722.7999877929688,726.8099975585938,649118,2025-08-26 15:30:00+00:00
726.8532104492188,727.5449829101562,723.5499877929688,726.114990234375,453799,2025-08-26 16:30:00+00:00
726.0,727.4959106445312,724.3701171875,727.4782104492188,306653,2025-08-26 17:30:00+00:00
727.4666137695312,731.4277954101562,727.2000122070312,730.7600708007812,577337,2025-08-26 18:30:00+00:00
730.97998046875,736.1799926757812,730.760009765625,736.0999755859375,976891,2025-08-26 19:30:00+00:00
736.9600219726562,746.5899047851562,732.260009765625,739.60498046875,1658083,2025-08-27 13:30:00+00:00
739.5599975585938,739.60498046875,735.7600708007812,738.0399780273438,477488,2025-08-27 14:30:00+00:00
737.9400024414062,740.7951049804688,735.9099731445312,740.5599975585938,285786,2025-08-27 15:30:00+00:00
740.3200073242188,740.3499755859375,738.1199951171875,738.5900268554688,204308,2025-08-27 16:30:00+00:00
738.6300048828125,738.8800048828125,735.9190063476562,736.015380859375,242816,2025-08-27 17:30:00+00:00
736.1500244140625,736.4000244140625,731.5499877929688,731.8150024414062,341877,2025-08-27 18:30:00+00:00
731.8375244140625,734.6699829101562,731.5599975585938,733.989990234375,330396,2025-08-27 19:30:00+00:00
735.7999877929688,738.5900268554688,731.7100219726562,733.0800170898438,895450,2025-08-28 13:30:00+00:00
732.8200073242188,734.6099853515625,729.1400146484375,729.8123779296875,374725,2025-08-28 14:30:00+00:00
730.0700073242188,731.5700073242188,729.3447875976562,730.594970703125,199685,2025-08-28 15:30:00+00:00
730.7000122070312,730.9000244140625,729.2767944335938,729.8499755859375,157224,2025-08-28 16:30:00+00:00
730.0499877929688,730.0626831054688,726.3400268554688,726.7603759765625,275444,2025-08-28 17:30:00+00:00
726.8099975585938,731.6699829101562,726.469970703125,730.9149780273438,284002,2025-08-28 18:30:00+00:00
730.9249877929688,732.97998046875,730.5150146484375,732.2999877929688,392031,2025-08-28 19:30:00+00:00
733.3610229492188,737.4199829101562,729.5399780273438,732.5700073242188,552180,2025-08-29 13:30:00+00:00
732.6400146484375,735.4500122070312,732.0999755859375,732.2000732421875,335579,2025-08-29 14:30:00+00:00
732.6400146484375,733.0,731.260009765625,732.1400146484375,178200,2025-08-29 15:30:00+00:00
732.033203125,732.541015625,730.2000122070312,730.2000122070312,142820,2025-08-29 16:30:00+00:00
730.010009765625,731.6599731445312,728.880126953125,729.1950073242188,123671,2025-08-29 17:30:00+00:00
729.1950073242188,731.0,728.5001220703125,729.64501953125,176158,2025-08-29 18:30:00+00:00
729.8599853515625,732.8800048828125,729.0601196289062,732.010009765625,349786,2025-08-29 19:30:00+00:00
727.989990234375,735.6699829101562,723.6400146484375,725.155029296875,1089164,2025-09-02 13:30:00+00:00
725.0900268554688,729.9799194335938,725.0900268554688,728.4149780273438,237378,2025-09-02 14:30:00+00:00
728.6699829101562,730.0800170898438,727.0,728.6624755859375,212793,2025-09-02 15:30:00+00:00
728.6500244140625,732.4600219726562,728.25,731.9500122070312,167951,2025-09-02 16:30:00+00:00
732.010009765625,737.1400146484375,731.7000122070312,736.1099853515625,272060,2025-09-02 17:30:00+00:00
736.280029296875,736.739990234375,731.5767211914062,734.7999877929688,311342,2025-09-02 18:30:00+00:00
734.7899780273438,736.3699951171875,734.1500244140625,735.1799926757812,293638,2025-09-02 19:30:00+00:00
732.02001953125,737.4199829101562,729.02001953125,735.260009765625,461536,2025-09-03 13:30:00+00:00
735.2249755859375,736.9000244140625,734.77001953125,735.635009765625,194163,2025-09-03 14:30:00+00:00
736.0,736.2000122070312,734.7301025390625,735.5050048828125,178506,2025-09-03 15:30:00+00:00
735.4099731445312,735.739990234375,732.530029296875,733.8400268554688,167044,2025-09-03 16:30:00+00:00
733.8117065429688,734.77001953125,732.4000244140625,734.2100219726562,152232,2025-09-03 17:30:00+00:00
734.0499877929688,735.5,733.7501220703125,735.0,156081,2025-09-03 18:30:00+00:00
735.22998046875,737.6599731445312,734.594970703125,736.97998046875,339307,2025-09-03 19:30:00+00:00
736.3150024414062,744.2899169921875,735.3300170898438,738.969970703125,514172,2025-09-04 13:30:00+00:00
739.2000122070312,740.489990234375,736.9000244140625,739.5700073242188,304639,2025-09-04 14:30:00+00:00
739.47998046875,745.52001953125,738.280029296875,742.3214721679688,336497,2025-09-04 15:30:00+00:00
742.4550170898438,746.25,741.864990234375,745.3300170898438,222770,2025-09-04 16:30:00+00:00
745.260009765625,747.0,744.4600219726562,745.0850219726562,194686,2025-09-04 17:30:00+00:00
744.9400024414062,746.19677734375,742.2999877929688,743.3765869140625,254453,2025-09-04 18:30:00+00:00
743.4398803710938,744.3410034179688,741.8499755859375,742.6500244140625,276892,2025-09-04 19:30:00+00:00
744.7000122070312,744.7000122070312,722.5700073242188,724.5001220703125,1181659,2025-09-05 13:30:00+00:00
724.5,729.9998779296875,723.4400024414062,729.135009765625,501447,2025-09-05 14:30:00+00:00
729.1400146484375,731.3278198242188,728.2000122070312,730.010009765625,259888,2025-09-05 15:30:00+00:00
729.6583862304688,730.280029296875,728.4400024414062,729.3228149414062,165718,2025-09-05 16:30:00+00:00
729.4000244140625,729.7100219726562,727.5001220703125,729.7100219726562,190976,2025-09-05 17:30:00+00:00
729.6400146484375,731.2523193359375,728.3300170898438,728.469970703125,325131,2025-09-05 18:30:00+00:00
728.3400268554688,728.47998046875,725.0,726.969970703125,616225,2025-09-05 19:30:00+00:00
729.7100219726562,730.3599853515625,721.6701049804688,725.9450073242188,504700,2025-09-08 13:30:00+00:00
725.9099731445312,725.9099731445312,722.0,724.0900268554688,489367,2025-09-08 14:30:00+00:00
723.9909057617188,724.1557006835938,719.2183227539062,720.1649780273438,315545,2025-09-08 15:30:00+00:00
720.1649780273438,735.6799926757812,720.1649780273438,730.4500122070312,846749,2025-09-08 16:30:00+00:00
730.4500122070312,741.25,730.4500122070312,738.7249755859375,516439,2025-09-08 17:30:00+00:00
739.0098876953125,742.7000122070312,738.5599975585938,738.719970703125,433786,2025-09-08 18:30:00+00:00
738.6849975585938,739.6099853515625,734.010009765625,738.7999877929688,691007,2025-09-08 19:30:00+00:00
736.0,751.1500244140625,735.080078125,750.9400024414062,732599,2025-09-09 13:30:00+00:00
751.5,752.2399291992188,745.7100219726562,749.0,463698,2025-09-09 14:30:00+00:00
749.010009765625,752.8394165039062,748.2000122070312,751.5499877929688,329385,2025-09-09 15:30:00+00:00
751.5449829101562,752.015625,748.4400024414062,750.4631958007812,217876,2025-09-09 16:30:00+00:00
750.3400268554688,750.6099853515625,746.6699829101562,747.5599975585938,218480,2025-09-09 17:30:00+00:00
747.7750244140625,748.0999755859375,745.4299926757812,747.5250244140625,252199,2025-09-09 18:30:00+00:00
747.52001953125,750.6199951171875,747.453125,750.5900268554688,424341,2025-09-09 19:30:00+00:00
748.0900268554688,749.9799194335938,742.4849853515625,746.4099731445312,498399,2025-09-10 13:30:00+00:00
746.1500244140625,751.60498046875,746.1500244140625,749.4500122070312,331525,2025-09-10 14:30:00+00:00
749.64501953125,752.0900268554688,747.010009765625,747.6522216796875,193158,2025-09-10 15:30:00+00:00
747.9349975585938,750.7000122070312,746.0,748.8900146484375,204107,2025-09-10 16:30:00+00:00
748.8200073242188,749.0250244140625,745.8099975585938,747.8109741210938,132929,2025-09-10 17:30:00+00:00
748.0399780273438,752.489990234375,747.8099975585938,750.6900024414062,234242,2025-09-10 18:30:00+00:00
750.9349975585938,755.801513671875,750.9349975585938,754.8699951171875,410189,2025-09-10 19:30:00+00:00
752.47998046875,756.8798828125,750.3699951171875,756.5499877929688,314712,2025-09-11 13:30:00+00:00
756.655029296875,759.3400268554688,756.1400146484375,757.5499877929688,237448,2025-09-11 14:30:00+00:00
757.7449951171875,759.780029296875,755.010009765625,758.530029296875,188105,2025-09-11 15:30:00+00:00
758.6862182617188,761.1300048828125,756.2999877929688,759.3400268554688,287693,2025-09-11 16:30:00+00:00
759.5859985351562,760.0,756.6699829101562,757.1699829101562,160694,2025-09-11 17:30:00+00:00
757.2050170898438,759.75,756.96142578125,759.75,226652,2025-09-11 18:30:00+00:00
759.6199951171875,760.1699829101562,755.6500244140625,756.0599975585938,334744,2025-09-11 19:30:00+00:00
760.1699829101562,761.5999755859375,749.7385864257812,750.6900024414062,425132,2025-09-12 13:30:00+00:00
750.9450073242188,752.6699829101562,749.0,750.3200073242188,269061,2025-09-12 14:30:00+00:00
750.3629760742188,754.8499755859375,748.0,754.8499755859375,248989,2025-09-12 15:30:00+00:00
754.9000244140625,757.091796875,754.1699829101562,755.0700073242188,175108,2025-09-12 16:30:00+00:00
755.27001953125,756.7150268554688,753.3295288085938,753.89501953125,196074,2025-09-12 17:30:00+00:00
753.9124755859375,756.0800170898438,753.6400146484375,754.7999877929688,164379,2025-09-12 18:30:00+00:00
755.0,756.760009765625,754.2495727539062,755.3900146484375,315510,2025-09-12 19:30:00+00:00
753.0700073242188,756.3350219726562,746.22998046875,753.114990234375,551259,2025-09-15 13:30:00+00:00
752.9749755859375,753.280029296875,748.072998046875,748.1300048828125,278827,2025-09-15 14:30:00+00:00
748.2100219726562,748.8298950195312,743.5,745.739990234375,348538,2025-09-15 15:30:00+00:00
745.7449951171875,746.5,742.1099853515625,745.0300903320312,276978,2025-09-15 16:30:00+00:00
745.0151977539062,749.469970703125,744.7301025390625,746.530029296875,256356,2025-09-15 17:30:00+00:00
746.5599975585938,750.3997192382812,746.2999877929688,749.3900146484375,227603,2025-09-15 18:30:00+00:00
749.469970703125,749.760009765625,747.3200073242188,748.4000244140625,273988,2025-09-15 19:30:00+00:00
745.405029296875,755.1649780273438,744.5399780273438,755.0850219726562,538309,2025-09-16 13:30:00+00:00
754.9099731445312,762.91650390625,747.2100219726562,760.9600219726562,674622,2025-09-16 14:30:00+00:00
761.0076904296875,767.489990234375,759.6500244140625,766.72998046875,470088,2025-09-16 15:30:00+00:00
766.7999877929688,770.3798828125,763.0,767.760009765625,461996,2025-09-16 16:30:00+00:00
767.7650146484375,769.8499755859375,765.5599975585938,766.3699951171875,335075,2025-09-16 17:30:00+00:00
766.375,767.5700073242188,764.130126953125,765.0999755859375,378582,2025-09-16 18:30:00+00:00
765.2050170898438,766.4500122070312,762.97998046875,764.719970703125,505676,2025-09-16 19:30:00+00:00
761.4849853515625,772.7999877929688,756.343994140625,772.0700073242188,915768,2025-09-17 13:30:00+00:00
771.6400146484375,776.9600219726562,770.1190185546875,770.5850219726562,433831,2025-09-17 14:30:00+00:00
770.9500122070312,772.1950073242188,764.3699951171875,764.5620727539062,338998,2025-09-17 15:30:00+00:00
764.4229736328125,765.7000122070312,762.5800170898438,765.0999755859375,195857,2025-09-17 16:30:00+00:00
764.989990234375,767.3200073242188,762.0200805664062,765.5999755859375,260356,2025-09-17 17:30:00+00:00
765.4000244140625,765.7899780273438,760.27001953125,763.6900024414062,283300,2025-09-17 18:30:00+00:00
763.719970703125,763.75,759.530029296875,760.1300048828125,336805,2025-09-17 19:30:00+00:00
761.3800048828125,772.5349731445312,759.260009765625,763.510009765625,761088,2025-09-18 13:30:00+00:00
763.510009765625,767.1950073242188,760.2431030273438,764.6699829101562,397901,2025-09-18 14:30:00+00:00
765.1799926757812,766.3800048828125,762.4000244140625,766.0,298853,2025-09-18 15:30:00+00:00
765.961669921875,767.9249877929688,764.1900024414062,764.27001953125,284788,2025-09-18 16:30:00+00:00
764.4199829101562,764.9600219726562,760.6599731445312,761.0,376381,2025-09-18 17:30:00+00:00
761.0999755859375,762.1199951171875,759.0100708007812,760.969970703125,310145,2025-09-18 18:30:00+00:00
760.77001953125,763.0,760.77001953125,762.9099731445312,441198,2025-09-18 19:30:00+00:00
765.0,765.0,752.0682983398438,753.0399780273438,1138589,2025-09-19 13:30:00+00:00
753.0499877929688,756.75,749.2000122070312,756.111572265625,488519,2025-09-19 14:30:00+00:00
756.52001953125,760.0380859375,756.155029296875,756.8300170898438,270103,2025-09-19 15:30:00+00:00
756.844970703125,758.1312866210938,754.130126953125,754.5150146484375,501891,2025-09-19 16:30:00+00:00
754.72998046875,756.4650268554688,751.1699829101562,753.239990234375,474884,2025-09-19 17:30:00+00:00
753.3900146484375,755.1799926757812,751.719970703125,754.989990234375,336663,2025-09-19 18:30:00+00:00
754.989990234375,756.159912109375,751.8300170898438,752.25,678128,2025-09-19 19:30:00+00:00
748.5599975585938,758.7695922851562,746.2650146484375,756.0800170898438,557704,2025-09-22 13:30:00+00:00
756.02001953125,762.0399780273438,755.222900390625,759.3150024414062,405502,2025-09-22 14:30:00+00:00
758.888427734375,761.7999877929688,758.0001220703125,758.447509765625,197129,2025-09-22 15:30:00+00:00
758.47998046875,759.7263793945312,756.239990234375,757.25,165308,2025-09-22 16:30:00+00:00
756.989990234375,758.3486938476562,754.280029296875,755.0700073242188,181578,2025-09-22 17:30:00+00:00
755.0700073242188,757.0900268554688,754.0,756.1099853515625,208721,2025-09-22 18:30:00+00:00
756.1099853515625,756.47998046875,753.822998046875,754.9099731445312,252818,2025-09-22 19:30:00+00:00
749.5,752.9998779296875,744.1099853515625,747.030029296875,532679,2025-09-23 13:30:00+00:00
747.0,749.00927734375,744.3699951171875,744.4450073242188,262296,2025-09-23 14:30:00+00:00
744.4500122070312,747.9777221679688,743.1699829101562,745.5349731445312,252173,2025-09-23 15:30:00+00:00
746.0634155273438,747.0899047851562,743.510009765625,745.6900024414062,226342,2025-09-23 16:30:00+00:00
745.510009765625,746.6099853515625,744.1500244140625,744.3099975585938,212375,2025-09-23 17:30:00+00:00
744.4099731445312,746.6799926757812,744.3200073242188,744.7100219726562,213767,2025-09-23 18:30:00+00:00
744.8800048828125,748.0900268554688,744.1799926757812,747.2100219726562,359878,2025-09-23 19:30:00+00:00
745.989990234375,746.9400024414062,736.1599731445312,743.0,526463,2025-09-24 13:30:00+00:00
743.22998046875,745.8300170898438,742.6199951171875,745.1599731445312,134183,2025-09-24 14:30:00+00:00
744.8499755859375,744.9600219726562,740.280029296875,740.469970703125,190040,2025-09-24 15:30:00+00:00
740.5599975585938,742.2249755859375,738.3200073242188,739.9500122070312,178649,2025-09-24 16:30:00+00:00
739.9500122070312,740.6900024414062,736.6400146484375,737.969970703125,183793,2025-09-24 17:30:00+00:00
737.9600219726562,740.4199829101562,737.7849731445312,738.780029296875,170524,2025-09-24 18:30:00+00:00
738.9600219726562,742.7100219726562,738.7103881835938,741.9299926757812,313616,2025-09-24 19:30:00+00:00
737.6699829101562,740.0,726.3989868164062,727.489990234375,694729,2025-09-25 13:30:00+00:00
727.6300048828125,728.6599731445312,720.0999755859375,721.0,810981,2025-09-25 14:30:00+00:00
720.9400024414062,722.6690063476562,718.405029296875,720.27001953125,611038,2025-09-25 15:30:00+00:00
720.0499877929688,720.6300048828125,717.0,719.1199951171875,380389,2025-09-25 16:30:00+00:00
719.3099975585938,719.3099975585938,712.8400268554688,713.6099853515625,504879,2025-09-25 17:30:00+00:00
713.6599731445312,715.5800170898438,712.0499877929688,713.75,549146,2025-09-25 18:30:00+00:00
713.5700073242188,715.0,712.1799926757812,714.6799926757812,663502,2025-09-25 19:30:00+00:00
724.1199951171875,729.0,718.6950073242188,719.4400024414062,922855,2025-09-26 13:30:00+00:00
719.2000122070312,723.47998046875,718.5460205078125,720.1099853515625,344960,2025-09-26 14:30:00+00:00
720.0599975585938,722.2926025390625,717.0800170898438,718.6486206054688,280514,2025-09-26 15:30:00+00:00
718.7100219726562,721.4349975585938,718.4000244140625,721.4349975585938,331041,2025-09-26 16:30:00+00:00
721.239990234375,726.4600219726562,721.239990234375,725.2249755859375,291098,2025-09-26 17:30:00+00:00
725.2249755859375,727.2498779296875,723.47998046875,723.9700927734375,338769,2025-09-26 18:30:00+00:00
724.4099731445312,727.2000122070312,722.6699829101562,724.5999755859375,535362,2025-09-26 19:30:00+00:00
725.5499877929688,726.5399780273438,716.0778198242188,724.739990234375,821132,2025-09-29 13:30:00+00:00
724.5,727.8585205078125,722.5900268554688,724.030029296875,404076,2025-09-29 14:30:00+00:00
724.2100219726562,726.489990234375,722.030029296875,725.5183715820312,297644,2025-09-29 15:30:00+00:00
725.605224609375,725.8353271484375,722.5399780273438,722.5599975585938,219331,2025-09-29 16:30:00+00:00
722.5410766601562,725.8499755859375,722.3433837890625,724.2999877929688,232114,2025-09-29 17:30:00+00:00
724.6599731445312,726.4500122070312,724.3499755859375,725.5900268554688,318132,2025-09-29 18:30:00+00:00
725.85498046875,726.75,724.8900146484375,726.510009765625,322963,2025-09-29 19:30:00+00:00
726.9600219726562,737.0,725.3101196289062,732.4047241210938,619170,2025-09-30 13:30:00+00:00
732.6599731445312,734.1099853515625,726.8099975585938,729.5,298887,2025-09-30 14:30:00+00:00
729.780029296875,737.8599243164062,729.780029296875,737.280029296875,311870,2025-09-30 15:30:00+00:00
737.4400024414062,754.3200073242188,737.4400024414062,751.7650146484375,1291638,2025-09-30 16:30:00+00:00
751.760009765625,760.1199951171875,750.360107421875,758.5800170898438,880211,2025-09-30 17:30:00+00:00
759.02001953125,766.3499145507812,758.02001953125,762.3499755859375,1078717,2025-09-30 18:30:00+00:00
762.9199829101562,765.1099853515625,761.3839721679688,762.8599853515625,851240,2025-09-30 19:30:00+00:00
763.2999877929688,800.3400268554688,763.2999877929688,796.6506958007812,2421352,2025-10-01 13:30:00+00:00
796.6599731445312,814.5864868164062,796.3701171875,812.8900146484375,1648998,2025-10-01 14:30:00+00:00
812.4901123046875,816.7000122070312,808.0,814.9456176757812,1008475,2025-10-01 15:30:00+00:00
814.4099731445312,826.4705810546875,813.6243286132812,825.64501953125,1016674,2025-10-01 16:30:00+00:00
825.635009765625,833.2999877929688,824.2999877929688,824.6599731445312,1213960,2025-10-01 17:30:00+00:00
824.625,831.1483764648438,823.3200073242188,828.4249877929688,911845,2025-10-01 18:30:00+00:00
828.4199829101562,829.4299926757812,823.010009765625,825.3400268554688,1038095,2025-10-01 19:30:00+00:00
814.35498046875,834.4600219726562,813.0,819.1074829101562,1334740,2025-10-02 13:30:00+00:00
818.27001953125,821.3270263671875,813.969970703125,817.67529296875,543049,2025-10-02 14:30:00+00:00
817.9600219726562,821.8900146484375,816.4099731445312,820.135009765625,315549,2025-10-02 15:30:00+00:00
820.2999877929688,822.780029296875,812.8099975585938,813.5300903320312,531221,2025-10-02 16:30:00+00:00
813.739990234375,820.8599853515625,813.739990234375,820.52001953125,279119,2025-10-02 17:30:00+00:00
820.6849975585938,821.1799926757812,818.77001953125,819.635009765625,374432,2025-10-02 18:30:00+00:00
819.6799926757812,821.2999877929688,819.2550048828125,819.9600219726562,465979,2025-10-02 19:30:00+00:00
824.9400024414062,836.1099853515625,816.0999755859375,835.1500244140625,1020973,2025-10-03 13:30:00+00:00
835.3200073242188,844.6900024414062,834.5253295898438,837.64501953125,1056931,2025-10-03 14:30:00+00:00
837.6099853515625,838.9425048828125,835.0,835.594970703125,413499,2025-10-03 15:30:00+00:00
835.6599731445312,842.0,834.9259033203125,837.2949829101562,388204,2025-10-03 16:30:00+00:00
837.2849731445312,842.219970703125,835.9400024414062,842.1849975585938,426879,2025-10-03 17:30:00+00:00
842.239990234375,848.1300048828125,840.8499755859375,845.1259765625,625578,2025-10-03 18:30:00+00:00
845.2100219726562,847.5,839.6699829101562,840.02001953125,589883,2025-10-03 19:30:00+00:00
839.9500122070312,853.260009765625,838.6599731445312,849.6599731445312,889131,2025-10-06 13:30:00+00:00
850.1699829101562,856.5700073242188,849.6599731445312,850.8900146484375,542495,2025-10-06 14:30:00+00:00
851.0,852.155029296875,846.719970703125,848.6400146484375,356418,2025-10-06 15:30:00+00:00
847.960205078125,850.0,846.72998046875,847.4724731445312,273195,2025-10-06 16:30:00+00:00
847.3446044921875,848.510009765625,845.8773193359375,846.9000244140625,264144,2025-10-06 17:30:00+00:00
846.780029296875,848.3499755859375,845.1699829101562,846.8131103515625,290819,2025-10-06 18:30:00+00:00
846.52001953125,846.7999267578125,844.0800170898438,845.6300048828125,411376,2025-10-06 19:30:00+00:00
845.0,848.5360717773438,836.6799926757812,842.010009765625,476978,2025-10-07 13:30:00+00:00
842.4450073242188,843.7294921875,836.5800170898438,843.3900146484375,347232,2025-10-07 14:30:00+00:00
843.2150268554688,845.4398803710938,842.02001953125,844.7249755859375,242006,2025-10-07 15:30:00+00:00
845.2000122070312,846.5700073242188,844.25,845.3699951171875,407989,2025-10-07 16:30:00+00:00
845.364990234375,847.1749877929688,842.6500244140625,844.0800170898438,165334,2025-10-07 17:30:00+00:00
844.1400146484375,845.77001953125,843.47998046875,845.760009765625,183265,2025-10-07 18:30:00+00:00
845.8040161132812,847.1400146484375,843.469970703125,843.9400024414062,326944,2025-10-07 19:30:00+00:00
850.0,856.0,847.0,847.75,550058,2025-10-08 13:30:00+00:00
847.6649780273438,853.280029296875,847.6649780273438,850.1099853515625,250950,2025-10-08 14:30:00+00:00
850.1099853515625,852.1699829101562,847.5662841796875,849.1699829101562,219410,2025-10-08 15:30:00+00:00
849.3699951171875,851.0250244140625,847.5399780273438,850.3400268554688,132487,2025-10-08 16:30:00+00:00
850.4000244140625,851.9000244140625,849.1300048828125,851.4223022460938,130214,2025-10-08 17:30:00+00:00
851.1710205078125,851.9500122070312,849.2200927734375,849.2200927734375,198698,2025-10-08 18:30:00+00:00
849.3049926757812,849.4299926757812,844.989990234375,846.0599975585938,228757,2025-10-08 19:30:00+00:00
851.6900024414062,860.25,845.7000122070312,851.3544921875,664114,2025-10-09 13:30:00+00:00
851.22998046875,855.989990234375,850.469970703125,852.02001953125,205048,2025-10-09 14:30:00+00:00
852.25,855.1500244140625,849.1099853515625,853.8986206054688,201411,2025-10-09 15:30:00+00:00
853.489990234375,853.8521728515625,850.25,850.2899780273438,118862,2025-10-09 16:30:00+00:00
850.7698974609375,855.5,849.640625,854.0449829101562,231575,2025-10-09 17:30:00+00:00
854.22998046875,854.7899780273438,851.1199951171875,851.7999877929688,180537,2025-10-09 18:30:00+00:00
851.864990234375,855.2799072265625,851.3900146484375,855.219970703125,297890,2025-10-09 19:30:00+00:00
858.0,864.3499755859375,851.0,859.3099975585938,680036,2025-10-10 13:30:00+00:00
859.0599975585938,861.9600219726562,848.3201293945312,848.5001220703125,345228,2025-10-10 14:30:00+00:00
848.5,850.9500122070312,843.780029296875,847.219970703125,335785,2025-10-10 15:30:00+00:00
847.02001953125,848.4400024414062,838.0,839.489990234375,396770,2025-10-10 16:30:00+00:00
839.1600952148438,839.8250122070312,831.2401123046875,836.1199951171875,303288,2025-10-10 17:30:00+00:00
836.2100219726562,837.0599975585938,830.1099853515625,832.8400268554688,276239,2025-10-10 18:30:00+00:00
833.0900268554688,836.719970703125,832.5599975585938,833.6799926757812,429708,2025-10-10 19:30:00+00:00
832.6799926757812,835.3200073242188,823.8800048828125,824.9500122070312,528379,2025-10-13 13:30:00+00:00
824.9500122070312,830.0,824.75,828.9299926757812,182558,2025-10-13 14:30:00+00:00
828.9600219726562,830.8099975585938,825.2899780273438,826.6600952148438,167761,2025-10-13 15:30:00+00:00
826.6500854492188,828.6199951171875,824.280029296875,826.2120971679688,215822,2025-10-13 16:30:00+00:00
826.1849975585938,826.7199096679688,820.2999877929688,823.6749877929688,197751,2025-10-13 17:30:00+00:00
823.7000122070312,823.989990234375,818.6701049804688,819.7449951171875,251889,2025-10-13 18:30:00+00:00
819.5499877929688,820.1699829101562,817.3499755859375,819.1599731445312,367610,2025-10-13 19:30:00+00:00
822.0900268554688,822.0900268554688,806.0,811.530029296875,464211,2025-10-14 13:30:00+00:00
811.1900024414062,813.3200073242188,806.8499755859375,809.8200073242188,204872,2025-10-14 14:30:00+00:00
810.0549926757812,814.8920288085938,808.1799926757812,814.3380126953125,144936,2025-10-14 15:30:00+00:00
814.52001953125,816.0,810.0,815.0349731445312,184345,2025-10-14 16:30:00+00:00
815.0349731445312,817.4345092773438,813.9199829101562,814.0,100703,2025-10-14 17:30:00+00:00
813.5800170898438,814.469970703125,811.260009765625,811.885009765625,152079,2025-10-14 18:30:00+00:00
811.9099731445312,813.1900024414062,808.6199951171875,812.3699951171875,235234,2025-10-14 19:30:00+00:00
812.5,821.9735107421875,808.5800170898438,820.3370971679688,368950,2025-10-15 13:30:00+00:00
820.2349853515625,826.7899780273438,820.094970703125,824.6199951171875,253797,2025-10-15 14:30:00+00:00
824.7449951171875,828.14599609375,821.7000122070312,827.1199951171875,239485,2025-10-15 15:30:00+00:00
826.9099731445312,828.1199951171875,819.0900268554688,822.0700073242188,240604,2025-10-15 16:30:00+00:00
822.3250122070312,826.0599975585938,821.5,825.3150024414062,140854,2025-10-15 17:30:00+00:00
825.280029296875,830.1900024414062,824.9401245117188,828.6799926757812,267008,2025-10-15 18:30:00+00:00
828.6199951171875,828.6699829101562,824.9299926757812,827.1799926757812,345747,2025-10-15 19:30:00+00:00
825.0700073242188,834.7000122070312,821.1699829101562,831.0,314869,2025-10-16 13:30:00+00:00
831.4400024414062,831.52001953125,826.260009765625,827.0999755859375,154303,2025-10-16 14:30:00+00:00
826.4849853515625,827.2399291992188,820.2645263671875,820.9464721679688,186481,2025-10-16 15:30:00+00:00
820.610595703125,825.2249755859375,818.6500244140625,824.2999877929688,151364,2025-10-16 16:30:00+00:00
824.5,825.219970703125,818.2949829101562,818.6514282226562,140547,2025-10-16 17:30:00+00:00
819.0,820.4998779296875,817.2761840820312,817.4400024414062,226406,2025-10-16 18:30:00+00:00
817.52001953125,819.5,815.3699951171875,819.3200073242188,376350,2025-10-16 19:30:00+00:00
788.9600219726562,802.0,783.8453979492188,800.989990234375,1266196,2025-10-17 13:30:00+00:00
800.72998046875,801.0700073242188,792.739990234375,796.3699951171875,414366,2025-10-17 14:30:00+00:00
796.3699951171875,796.4400024414062,792.5700073242188,794.489990234375,282123,2025-10-17 15:30:00+00:00
794.2000122070312,795.4199829101562,789.8499755859375,791.719970703125,260213,2025-10-17 16:30:00+00:00
791.4000244140625,797.47998046875,790.6599731445312,797.1099853515625,318681,2025-10-17 17:30:00+00:00
796.8699951171875,803.5399780273438,796.3099975585938,803.4000244140625,443285,2025-10-17 18:30:00+00:00
803.3499755859375,804.4400024414062,801.8099975585938,802.5800170898438,430594,2025-10-17 19:30:00+00:00
805.5999755859375,808.0,802.0,804.5750122070312,417720,2025-10-20 13:30:00+00:00
804.5750122070312,805.4199829101562,800.0,801.3900146484375,285528,2025-10-20 14:30:00+00:00
801.2719116210938,801.989990234375,799.77001953125,801.489990234375,133393,2025-10-20 15:30:00+00:00
801.5050048828125,805.5,800.8200073242188,804.6099853515625,218588,2025-10-20 16:30:00+00:00
804.831787109375,807.22998046875,803.5244140625,806.0700073242188,124778,2025-10-20 17:30:00+00:00
806.4500122070312,807.0999755859375,803.9000244140625,805.8599853515625,129240,2025-10-20 18:30:00+00:00
805.9400024414062,809.4099731445312,805.5,809.0800170898438,348612,2025-10-20 19:30:00+00:00
806.9299926757812,810.6099853515625,803.2301025390625,806.4099731445312,239825,2025-10-21 13:30:00+00:00
806.6199951171875,812.989990234375,806.4149780273438,810.5999755859375,186382,2025-10-21 14:30:00+00:00
810.5999755859375,810.5999755859375,806.1400146484375,807.1693115234375,189905,2025-10-21 15:30:00+00:00
808.1099243164062,808.6500244140625,804.2999877929688,804.7999877929688,159404,2025-10-21 16:30:00+00:00
804.780029296875,806.52001953125,804.25,805.5,167081,2025-10-21 17:30:00+00:00
805.5,807.0,804.510009765625,806.2999877929688,216075,2025-10-21 18:30:00+00:00
805.780029296875,805.780029296875,798.7100219726562,799.5800170898438,414882,2025-10-21 19:30:00+00:00
798.4000244140625,807.14501953125,793.8200073242188,804.2125244140625,499418,2025-10-22 13:30:00+00:00
804.5,810.6849975585938,803.3400268554688,808.8800048828125,414626,2025-10-22 14:30:00+00:00
809.3499755859375,814.2319946289062,806.9099731445312,813.4000244140625,245852,2025-10-22 15:30:00+00:00
813.5700073242188,815.6099853515625,808.4500122070312,810.5,457812,2025-10-22 16:30:00+00:00
810.27001953125,811.8300170898438,808.0999755859375,811.0499877929688,175736,2025-10-22 17:30:00+00:00
810.8939819335938,813.4600219726562,809.4500122070312,813.0700073242188,204991,2025-10-22 18:30:00+00:00
813.0700073242188,815.9400024414062,811.6599731445312,812.3900146484375,324405,2025-10-22 19:30:00+00:00
806.4000244140625,823.4749755859375,806.02001953125,817.625,619522,2025-10-23 13:30:00+00:00
817.625,820.239990234375,814.3699951171875,819.885009765625,291578,2025-10-23 14:30:00+00:00
819.5250244140625,821.02001953125,817.6430053710938,819.6199951171875,167599,2025-10-23 15:30:00+00:00
819.9650268554688,821.5,817.6929931640625,818.6950073242188,169561,2025-10-23 16:30:00+00:00
818.6950073242188,822.3300170898438,818.1199951171875,821.510009765625,168667,2025-10-23 17:30:00+00:00
821.9849853515625,824.7000122070312,820.489990234375,821.5,275725,2025-10-23 18:30:00+00:00
821.52001953125,822.6699829101562,818.9199829101562,821.0800170898438,348405,2025-10-23 19:30:00+00:00
815.2100219726562,832.8699951171875,812.5001220703125,827.9199829101562,488554,2025-10-24 13:30:00+00:00
828.4000244140625,833.9500122070312,827.7550048828125,833.8179931640625,279744,2025-10-24 14:30:00+00:00
833.7999877929688,834.1500244140625,829.0800170898438,830.0,196838,2025-10-24 15:30:00+00:00
829.7675170898438,831.6199951171875,828.02001953125,830.7999877929688,169070,2025-10-24 16:30:00+00:00
830.7949829101562,833.5,830.7637939453125,831.614990234375,166749,2025-10-24 17:30:00+00:00
831.614990234375,833.1199951171875,830.9099731445312,830.9099731445312,202898,2025-10-24 18:30:00+00:00
830.9099731445312,831.02001953125,825.1099853515625,825.72998046875,354532,2025-10-24 19:30:00+00:00
825.0,826.0,811.47998046875,817.4151000976562,464704,2025-10-27 13:30:00+00:00
817.5,820.4099731445312,815.2000122070312,820.4099731445312,204386,2025-10-27 14:30:00+00:00
820.3200073242188,822.239990234375,816.5,820.3900146484375,265602,2025-10-27 15:30:00+00:00
820.4099731445312,822.5700073242188,819.6300048828125,821.5999755859375,133625,2025-10-27 16:30:00+00:00
821.6099853515625,825.0,821.2301025390625,823.8200073242188,183829,2025-10-27 17:30:00+00:00
824.010009765625,825.0,822.1500244140625,822.8499755859375,205884,2025-10-27 18:30:00+00:00
823.0,826.4199829101562,822.8900756835938,826.1099853515625,204757,2025-10-27 19:30:00+00:00
826.0,829.4598999023438,818.3900146484375,823.030029296875,341664,2025-10-28 13:30:00+00:00
823.0900268554688,826.639892578125,815.9600219726562,816.8200073242188,386309,2025-10-28 14:30:00+00:00
816.52001953125,821.4099731445312,815.510009765625,821.3699951171875,180455,2025-10-28 15:30:00+00:00
821.2999877929688,822.8759765625,815.8900146484375,816.3150024414062,198493,2025-10-28 16:30:00+00:00
816.2100219726562,818.8109741210938,814.052978515625,816.8699951171875,174127,2025-10-28 17:30:00+00:00
817.0599975585938,824.4998779296875,817.0599975585938,820.489990234375,498834,2025-10-28 18:30:00+00:00
820.6199951171875,822.52001953125,818.5900268554688,820.3049926757812,282699,2025-10-28 19:30:00+00:00
827.3099975585938,828.0,816.3300170898438,821.8699951171875,526735,2025-10-29 13:30:00+00:00
821.905029296875,822.9600219726562,819.1699829101562,820.530029296875,296166,2025-10-29 14:30:00+00:00
820.3900146484375,828.364990234375,820.2999877929688,828.364990234375,276266,2025-10-29 15:30:00+00:00
828.2999877929688,830.2899780273438,826.1801147460938,826.4299926757812,359170,2025-10-29 16:30:00+00:00
826.0,828.3599853515625,824.2899780273438,826.1400146484375,281479,2025-10-29 17:30:00+00:00
826.0900268554688,827.869873046875,810.0800170898438,811.489990234375,676388,2025-10-29 18:30:00+00:00
811.489990234375,817.3699951171875,809.6300048828125,813.3099975585938,703296,2025-10-29 19:30:00+00:00
837.5,840.9500122070312,812.25,818.0101928710938,2054282,2025-10-30 13:30:00+00:00
817.2999877929688,850.1400146484375,816.8599853515625,847.260009765625,980824,2025-10-30 14:30:00+00:00
847.1199951171875,852.5,844.0,849.3499755859375,700249,2025-10-30 15:30:00+00:00
848.7349853515625,849.4998779296875,838.0,848.5599975585938,384136,2025-10-30 16:30:00+00:00
848.6699829101562,851.989990234375,846.6099853515625,850.8049926757812,293941,2025-10-30 17:30:00+00:00
850.8900146484375,853.0,845.780029296875,846.1900024414062,458655,2025-10-30 18:30:00+00:00
847.7498779296875,849.75,841.0,844.8099975585938,588988,2025-10-30 19:30:00+00:00
839.1599731445312,850.5700073242188,834.1900024414062,846.405029296875,744638,2025-10-31 13:30:00+00:00
846.9600219726562,852.2000122070312,841.385009765625,850.9550170898438,441338,2025-10-31 14:30:00+00:00
851.0449829101562,858.3200073242188,847.739990234375,857.4500122070312,637769,2025-10-31 15:30:00+00:00
857.3800048828125,861.8900146484375,855.1500244140625,861.8499755859375,490629,2025-10-31 16:30:00+00:00
861.77001953125,865.7999877929688,858.8800048828125,865.0374755859375,629086,2025-10-31 17:30:00+00:00
864.969970703125,869.9099731445312,861.9199829101562,862.2249755859375,565441,2025-10-31 18:30:00+00:00
862.5499877929688,864.969970703125,861.260009765625,862.8900146484375,654579,2025-10-31 19:30:00+00:00
866.530029296875,885.25,862.6199951171875,878.5568237304688,1098246,2025-11-03 14:30:00+00:00
878.1400146484375,886.760009765625,874.8300170898438,886.14501953125,669586,2025-11-03 15:30:00+00:00
885.805908203125,892.469970703125,882.0,889.8300170898438,672214,2025-11-03 16:30:00+00:00
889.755126953125,894.6602172851562,889.4500122070312,891.1799926757812,418701,2025-11-03 17:30:00+00:00
891.1500244140625,898.5,889.0001220703125,898.3300170898438,456725,2025-11-03 18:30:00+00:00
898.3510131835938,901.3392944335938,893.0,894.3150024414062,844246,2025-11-03 19:30:00+00:00
894.4099731445312,898.760009765625,893.760009765625,896.72998046875,686896,2025-11-03 20:30:00+00:00
891.4099731445312,913.530029296875,883.6400146484375,913.3289794921875,1226493,2025-11-04 14:30:00+00:00
913.1649780273438,915.219970703125,893.9500122070312,906.64501953125,1106003,2025-11-04 15:30:00+00:00
906.64501953125,908.510009765625,903.2000732421875,905.407470703125,423836,2025-11-04 16:30:00+00:00
905.4600219726562,906.2999877929688,890.718994140625,891.9407958984375,465615,2025-11-04 17:30:00+00:00
891.8800048828125,906.5900268554688,888.0,904.375,637497,2025-11-04 18:30:00+00:00
904.5700073242188,905.25,899.02001953125,904.7332153320312,570509,2025-11-04 19:30:00+00:00
904.52001953125,907.8400268554688,902.4342041015625,907.5499877929688,874939,2025-11-04 20:30:00+00:00
911.0,938.5,907.8599853515625,938.5,1756107,2025-11-05 14:30:00+00:00
938.489990234375,948.0,936.9500122070312,944.1500244140625,1351871,2025-11-05 15:30:00+00:00
944.0010986328125,954.1900024414062,943.489990234375,951.72998046875,856321,2025-11-05 16:30:00+00:00
951.72998046875,955.4600219726562,948.0599975585938,948.9299926757812,690550,2025-11-05 17:30:00+00:00
948.9600219726562,949.5700073242188,935.0,936.4000244140625,657057,2025-11-05 18:30:00+00:00
936.4199829101562,939.9199829101562,928.9600219726562,931.8499755859375,578606,2025-11-05 19:30:00+00:00
931.9149780273438,935.4849853515625,925.0,925.8499755859375,694473,2025-11-05 20:30:00+00:00
928.0,934.6199951171875,916.2630004882812,933.1799926757812,1203793,2025-11-06 14:30:00+00:00
932.8975219726562,940.5,921.219970703125,940.469970703125,737314,2025-11-06 15:30:00+00:00
940.27001953125,949.9000244140625,920.02001953125,938.1400146484375,1626986,2025-11-06 16:30:00+00:00
938.1400146484375,941.0,916.8099975585938,919.7664184570312,543840,2025-11-06 17:30:00+00:00
919.77001953125,935.5,918.739990234375,932.9000244140625,474232,2025-11-06 18:30:00+00:00
932.8900146484375,940.5900268554688,932.0999755859375,935.7999877929688,456359,2025-11-06 19:30:00+00:00
936.0599975585938,939.6699829101562,934.8189697265625,937.6500244140625,545917,2025-11-06 20:30:00+00:00
931.1699829101562,932.0,900.9000244140625,914.010009765625,1463484,2025-11-07 14:30:00+00:00
914.0,916.280029296875,906.0900268554688,910.3475952148438,453709,2025-11-07 15:30:00+00:00
910.6900024414062,913.1500244140625,904.469970703125,909.0700073242188,458258,2025-11-07 16:30:00+00:00
909.1849975585938,913.530029296875,905.219970703125,912.3499755859375,388218,2025-11-07 17:30:00+00:00
912.3499755859375,917.2999877929688,910.0499877929688,916.0449829101562,288459,2025-11-07 18:30:00+00:00
916.0800170898438,919.97998046875,915.2899780273438,919.2999877929688,276461,2025-11-07 19:30:00+00:00
919.2999877929688,924.47998046875,917.4400024414062,924.0700073242188,478017,2025-11-07 20:30:00+00:00
939.739990234375,981.989990234375,938.405029296875,973.3300170898438,2481885,2025-11-10 14:30:00+00:00
973.0549926757812,974.0,964.9099731445312,971.9949951171875,614859,2025-11-10 15:30:00+00:00
971.989990234375,974.1400146484375,968.0100708007812,969.010009765625,468376,2025-11-10 16:30:00+00:00
969.3200073242188,971.5,967.1699829101562,969.2750244140625,412373,2025-11-10 17:30:00+00:00
969.2650146484375,969.739990234375,962.0,963.6599731445312,304520,2025-11-10 18:30:00+00:00
963.6599731445312,969.75,963.0,968.2249755859375,345688,2025-11-10 19:30:00+00:00
968.2100219726562,969.1799926757812,964.4600219726562,966.969970703125,417365,2025-11-10 20:30:00+00:00
966.5499877929688,981.4498901367188,965.2849731445312,977.3499755859375,883886,2025-11-11 14:30:00+00:00
977.5599975585938,988.760009765625,977.5499877929688,986.9000244140625,790663,2025-11-11 15:30:00+00:00
986.0527954101562,994.9412841796875,983.610107421875,992.969970703125,554731,2025-11-11 16:30:00+00:00
992.969970703125,999.9500122070312,992.35498046875,997.864990234375,545092,2025-11-11 17:30:00+00:00
997.5700073242188,997.6749877929688,989.1099853515625,990.8900146484375,388444,2025-11-11 18:30:00+00:00
990.5399780273438,992.5640869140625,988.1400146484375,989.1699829101562,287179,2025-11-11 19:30:00+00:00
989.27001953125,992.1900024414062,985.8599853515625,988.5700073242188,434181,2025-11-11 20:30:00+00:00
1001.0,1022.4199829101562,996.0499877929688,1007.5599975585938,1956333,2025-11-12 14:30:00+00:00
1007.72998046875,1008.2999877929688,1000.0399780273438,1003.1007080078125,523096,2025-11-12 15:30:00+00:00
1003.280029296875,1008.4000244140625,1002.8200073242188,1007.4058227539062,302180,2025-11-12 16:30:00+00:00
1007.4299926757812,1015.1300048828125,1003.8900146484375,1015.0,427307,2025-11-12 17:30:00+00:00
1015.0999755859375,1017.405029296875,1007.2603149414062,1009.9299926757812,329911,2025-11-12 18:30:00+00:00
1009.7974853515625,1015.4199829101562,1008.0399780273438,1014.989990234375,411799,2025-11-12 19:30:00+00:00
1014.530029296875,1019.3200073242188,1013.7105712890625,1017.9600219726562,642521,2025-11-12 20:30:00+00:00
1010.0850219726562,1032.949951171875,1010.0850219726562,1028.681884765625,1212064,2025-11-13 14:30:00+00:00
1028.9000244140625,1032.3499755859375,1023.5,1029.6500244140625,605461,2025-11-13 15:30:00+00:00
1029.6500244140625,1029.800048828125,1023.2000732421875,1028.864990234375,283511,2025-11-13 16:30:00+00:00
1028.81494140625,1031.06005859375,1018.0001220703125,1018.3699951171875,493310,2025-11-13 17:30:00+00:00
1018.5549926757812,1028.0,1017.010009765625,1027.5899658203125,328317,2025-11-13 18:30:00+00:00
1027.6300048828125,1029.4200439453125,1021.5300903320312,1021.9299926757812,319303,2025-11-13 19:30:00+00:00
1021.8300170898438,1023.5599975585938,1017.3800048828125,1023.0999755859375,374767,2025-11-13 20:30:00+00:00
1009.0,1029.8699951171875,1007.7849731445312,1029.3599853515625,1125036,2025-11-14 14:30:00+00:00
1029.0,1030.094970703125,1022.0501098632812,1027.2510986328125,435503,2025-11-14 15:30:00+00:00
1027.050048828125,1033.509033203125,1026.1600341796875,1030.43994140625,476627,2025-11-14 16:30:00+00:00
1030.5150146484375,1033.0,1027.131103515625,1029.1199951171875,283713,2025-11-14 17:30:00+00:00
1029.1199951171875,1031.0899658203125,1026.8299560546875,1029.844970703125,247970,2025-11-14 18:30:00+00:00
1030.0999755859375,1033.6185302734375,1028.56005859375,1030.300048828125,316937,2025-11-14 19:30:00+00:00
1030.239990234375,1031.849853515625,1023.1199951171875,1026.2900390625,500128,2025-11-14 20:30:00+00:00
1003.719970703125,1024.43994140625,998.301513671875,1019.3350219726562,1505839,2025-11-17 14:30:00+00:00
1019.3350219726562,1023.0,1015.75,1023.0,345917,2025-11-17 15:30:00+00:00
1023.0,1032.1409912109375,1020.1500244140625,1030.3974609375,360198,2025-11-17 16:30:00+00:00
1030.3599853515625,1030.9599609375,1025.7900390625,1026.60498046875,255025,2025-11-17 17:30:00+00:00
1026.60498046875,1028.0,1023.5700073242188,1026.5150146484375,198965,2025-11-17 18:30:00+00:00
1026.9300537109375,1028.0,1018.510009765625,1021.8300170898438,339227,2025-11-17 19:30:00+00:00
1021.6599731445312,1025.010009765625,1020.2700805664062,1022.6599731445312,367135,2025-11-17 20:30:00+00:00
1014.010009765625,1033.989990234375,1014.010009765625,1028.8900146484375,795140,2025-11-18 14:30:00+00:00
1029.0,1035.0,1022.030029296875,1034.8499755859375,399186,2025-11-18 15:30:00+00:00
1034.85498046875,1040.0,1032.0,1035.4100341796875,410765,2025-11-18 16:30:00+00:00
1035.4200439453125,1040.7244873046875,1031.0400390625,1034.7332763671875,303438,2025-11-18 17:30:00+00:00
1034.68505859375,1037.550048828125,1034.2401123046875,1035.4300537109375,307230,2025-11-18 18:30:00+00:00
1035.1700439453125,1037.8299560546875,1033.47998046875,1034.81005859375,226827,2025-11-18 19:30:00+00:00
1034.6400146484375,1037.72998046875,1029.8299560546875,1031.18994140625,414429,2025-11-18 20:30:00+00:00
1029.6400146484375,1047.719970703125,1026.25,1040.6600341796875,733439,2025-11-19 14:30:00+00:00
1041.0350341796875,1052.25,1040.739990234375,1047.9100341796875,467859,2025-11-19 15:30:00+00:00
1048.2099609375,1053.199951171875,1045.260009765625,1049.8050537109375,311427,2025-11-19 16:30:00+00:00
1049.56005859375,1055.06005859375,1048.81005859375,1052.3599853515625,324190,2025-11-19 17:30:00+00:00
1052.43505859375,1055.5899658203125,1046.5799560546875,1048.4749755859375,336005,2025-11-19 18:30:00+00:00
1048.22998046875,1051.8502197265625,1047.0,1050.9200439453125,325275,2025-11-19 19:30:00+00:00
1050.8349609375,1053.0849609375,1047.5699462890625,1049.6099853515625,386416,2025-11-19 20:30:00+00:00
1045.5,1057.0,1043.0001220703125,1048.4100341796875,846467,2025-11-20 14:30:00+00:00
1048.5679931640625,1056.0,1047.5001220703125,1052.8299560546875,407602,2025-11-20 15:30:00+00:00
1052.6099853515625,1053.43505859375,1039.7099609375,1044.7950439453125,375753,2025-11-20 16:30:00+00:00
1044.7950439453125,1049.416748046875,1039.5,1044.8199462890625,246063,2025-11-20 17:30:00+00:00
1044.739990234375,1049.0,1038.25,1046.6199951171875,275504,2025-11-20 18:30:00+00:00
1046.5970458984375,1049.27001953125,1042.1700439453125,1046.7099609375,195241,2025-11-20 19:30:00+00:00
1046.8399658203125,1048.3800048828125,1039.5,1042.72998046875,349118,2025-11-20 20:30:00+00:00
1041.0,1061.1700439453125,1038.0,1049.010009765625,891224,2025-11-21 14:30:00+00:00
1048.4599609375,1054.5,1046.02001953125,1051.1824951171875,429767,2025-11-21 15:30:00+00:00
1051.18505859375,1061.97998046875,1050.300048828125,1060.22998046875,401765,2025-11-21 16:30:00+00:00
1060.219970703125,1064.9200439453125,1058.6700439453125,1060.125,390515,2025-11-21 17:30:00+00:00
1059.925048828125,1066.6500244140625,1059.87255859375,1063.375,343519,2025-11-21 18:30:00+00:00
1063.1400146484375,1066.0,1060.5999755859375,1060.8199462890625,342647,2025-11-21 19:30:00+00:00
1060.5999755859375,1066.255126953125,1056.9200439453125,1060.010009765625,523450,2025-11-21 20:30:00+00:00
1056.77001953125,1075.719970703125,1049.3800048828125,1068.0732421875,1073545,2025-11-24 14:30:00+00:00
1067.58154296875,1074.4000244140625,1060.5899658203125,1068.5699462890625,591820,2025-11-24 15:30:00+00:00
1068.5,1070.449951171875,1064.68505859375,1065.550048828125,325987,2025-11-24 16:30:00+00:00
1065.8699951171875,1065.9100341796875,1060.4300537109375,1063.719482421875,274950,2025-11-24 17:30:00+00:00
1063.56005859375,1066.10498046875,1061.9200439453125,1065.06005859375,228423,2025-11-24 18:30:00+00:00
1065.1700439453125,1067.2249755859375,1062.1099853515625,1064.5799560546875,293986,2025-11-24 19:30:00+00:00
1064.8050537109375,1069.4100341796875,1061.1300048828125,1067.260009765625,650948,2025-11-24 20:30:00+00:00
1075.824951171875,1095.0,1073.25,1091.8389892578125,909052,2025-11-25 14:30:00+00:00
1091.425048828125,1095.0,1089.8199462890625,1091.9849853515625,346168,2025-11-25 15:30:00+00:00
1092.27001953125,1104.280029296875,1090.8399658203125,1100.7750244140625,450656,2025-11-25 16:30:00+00:00
1100.7750244140625,1106.158935546875,1099.324951171875,1099.9849853515625,358360,2025-11-25 17:30:00+00:00
1099.9951171875,1102.0450439453125,1096.8499755859375,1097.9599609375,356001,2025-11-25 18:30:00+00:00
1097.969970703125,1108.5,1097.969970703125,1107.719970703125,448450,2025-11-25 19:30:00+00:00
1107.489990234375,1111.1099853515625,1106.4300537109375,1109.8699951171875,550385,2025-11-25 20:30:00+00:00
1102.0,1111.989990234375,1100.0,1103.068115234375,776405,2025-11-26 14:30:00+00:00
1103.7650146484375,1108.75,1098.0999755859375,1103.8399658203125,330498,2025-11-26 15:30:00+00:00
1103.8399658203125,1106.0,1101.5999755859375,1105.5,210026,2025-11-26 16:30:00+00:00
1105.375,1106.5799560546875,1102.510009765625,1105.5350341796875,188504,2025-11-26 17:30:00+00:00
1105.489990234375,1106.0,1101.010009765625,1105.56494140625,232363,2025-11-26 18:30:00+00:00
1105.57080078125,1107.5135498046875,1103.8199462890625,1106.614990234375,365269,2025-11-26 19:30:00+00:00
1106.4300537109375,1108.5699462890625,1104.52001953125,1104.530029296875,291836,2025-11-26 20:30:00+00:00
1096.719970703125,1099.050048828125,1067.68994140625,1079.81494140625,1153092,2025-11-28 14:30:00+00:00
1079.72998046875,1081.2916259765625,1072.0,1074.1199951171875,383331,2025-11-28 15:30:00+00:00
1074.219970703125,1079.56005859375,1071.5899658203125,1072.8299560546875,391341,2025-11-28 16:30:00+00:00
1074.3800048828125,1084.1500244140625,1063.6300048828125,1067.583740234375,763087,2025-12-01 14:30:00+00:00
1067.4100341796875,1072.875,1063.9300537109375,1065.875,303972,2025-12-01 15:30:00+00:00
1065.957763671875,1070.43994140625,1062.5699462890625,1062.8399658203125,197933,2025-12-01 16:30:00+00:00
1062.8399658203125,1064.739990234375,1058.7401123046875,1063.2099609375,239666,2025-12-01 17:30:00+00:00
1063.4449462890625,1066.02001953125,1056.06005859375,1056.6300048828125,252987,2025-12-01 18:30:00+00:00
1056.6500244140625,1060.2900390625,1055.0,1058.760009765625,288712,2025-12-01 19:30:00+00:00
1058.8763427734375,1060.0,1055.9300537109375,1058.0899658203125,466303,2025-12-01 20:30:00+00:00
1052.5699462890625,1067.9698486328125,1051.6500244140625,1061.1029052734375,653039,2025-12-02 14:30:00+00:00
1061.1600341796875,1068.1800537109375,1057.0,1060.77001953125,337865,2025-12-02 15:30:00+00:00
1060.77001953125,1064.47998046875,1057.6099853515625,1057.81005859375,240535,2025-12-02 16:30:00+00:00
1057.9599609375,1058.8699951171875,1054.219970703125,1054.22998046875,209818,2025-12-02 17:30:00+00:00
1054.3800048828125,1055.0,1046.0,1048.9749755859375,279796,2025-12-02 18:30:00+00:00
1049.13232421875,1050.68994140625,1045.31005859375,1045.4300537109375,297274,2025-12-02 19:30:00+00:00
1045.5799560546875,1047.93994140625,1040.3599853515625,1045.77001953125,470669,2025-12-02 20:30:00+00:00
1046.3900146484375,1051.4781494140625,1022.3200073242188,1037.0775146484375,792413,2025-12-03 14:30:00+00:00
1037.074951171875,1041.6298828125,1034.280029296875,1038.60498046875,367565,2025-12-03 15:30:00+00:00
1038.6373291015625,1041.4100341796875,1034.489990234375,1037.3399658203125,290927,2025-12-03 16:30:00+00:00
1037.6800537109375,1037.8499755859375,1031.3499755859375,1036.5999755859375,229967,2025-12-03 17:30:00+00:00
1036.6099853515625,1040.5999755859375,1034.8599853515625,1038.7349853515625,193676,2025-12-03 18:30:00+00:00
1038.739990234375,1038.9300537109375,1032.530029296875,1032.530029296875,260018,2025-12-03 19:30:00+00:00
1032.7550048828125,1033.760009765625,1029.81005859375,1033.550048828125,446655,2025-12-03 20:30:00+00:00
1032.625,1032.625,1016.614990234375,1018.8300170898438,842596,2025-12-04 14:30:00+00:00
1018.6400146484375,1019.030029296875,1010.219970703125,1010.5,652390,2025-12-04 15:30:00+00:00
1010.52001953125,1015.8400268554688,1007.1828002929688,1015.1599731445312,330051,2025-12-04 16:30:00+00:00
1015.2000122070312,1016.8900146484375,1012.780029296875,1015.739990234375,244877,2025-12-04 17:30:00+00:00
1015.739990234375,1016.4899291992188,1012.0,1014.1400146484375,228387,2025-12-04 18:30:00+00:00
1014.260009765625,1015.72998046875,1012.5700073242188,1013.64501953125,250011,2025-12-04 19:30:00+00:00
1013.3599853515625,1014.6500244140625,1010.0001220703125,1014.27001953125,569935,2025-12-04 20:30:00+00:00
1023.8400268554688,1027.389892578125,1012.5,1014.0900268554688,415879,2025-12-05 14:30:00+00:00
1013.9299926757812,1019.97998046875,1010.9000244140625,1013.1942138671875,206231,2025-12-05 15:30:00+00:00
1013.25,1014.125,1009.3200073242188,1011.7449951171875,175986,2025-12-05 16:30:00+00:00
1011.9349975585938,1012.506591796875,1006.5,1008.7150268554688,214091,2025-12-05 17:30:00+00:00
1008.719970703125,1011.489990234375,1005.530029296875,1010.0,265896,2025-12-05 18:30:00+00:00
1010.0,1010.239990234375,1005.3300170898438,1005.3300170898438,201596,2025-12-05 19:30:00+00:00
1005.3400268554688,1010.6199951171875,1004.0,1009.77001953125,488095,2025-12-05 20:30:00+00:00
1010.739990234375,1014.2000122070312,988.8800048828125,991.2750244140625,800586,2025-12-08 14:30:00+00:00
991.280029296875,998.989990234375,989.2899780273438,993.52001953125,392753,2025-12-08 15:30:00+00:00
993.5250244140625,997.5999755859375,991.0399780273438,995.6099853515625,228362,2025-12-08 16:30:00+00:00
995.5549926757812,997.1898803710938,991.77001953125,993.1099853515625,230683,2025-12-08 17:30:00+00:00
992.9299926757812,995.4298706054688,989.5999755859375,993.280029296875,228891,2025-12-08 18:30:00+00:00
993.2559814453125,999.0,992.0549926757812,996.280029296875,220007,2025-12-08 19:30:00+00:00
996.469970703125,998.5,993.0,997.75,313868,2025-12-08 20:30:00+00:00
1002.8400268554688,1011.9998779296875,998.0,1000.6068725585938,585686,2025-12-09 14:30:00+00:00
1000.6500244140625,1002.8599243164062,993.0,997.0150146484375,262437,2025-12-09 15:30:00+00:00
997.5599975585938,998.4299926757812,991.0399780273438,994.114990234375,229646,2025-12-09 16:30:00+00:00
994.1900024414062,994.9299926757812,992.0800170898438,993.7000122070312,148761,2025-12-09 17:30:00+00:00
993.7050170898438,994.0,989.260009765625,991.27001953125,161980,2025-12-09 18:30:00+00:00
991.3375244140625,992.0700073242188,986.3900146484375,987.614990234375,245487,2025-12-09 19:30:00+00:00
987.6099853515625,987.6099853515625,979.1801147460938,982.1500244140625,458764,2025-12-09 20:30:00+00:00
985.0,992.0,977.1199951171875,984.3499755859375,644329,2025-12-10 14:30:00+00:00
984.3499755859375,990.6099853515625,983.489990234375,989.1199951171875,269169,2025-12-10 15:30:00+00:00
988.9099731445312,990.4199829101562,986.5999755859375,989.9403076171875,142347,2025-12-10 16:30:00+00:00
989.3350219726562,994.9998779296875,988.530029296875,993.4299926757812,161183,2025-12-10 17:30:00+00:00
993.3900146484375,1003.0,992.8900146484375,996.030029296875,524903,2025-12-10 18:30:00+00:00
995.405029296875,999.010009765625,993.630126953125,995.1900024414062,299390,2025-12-10 19:30:00+00:00
995.0,996.22998046875,992.5399780273438,993.3499755859375,351169,2025-12-10 20:30:00+00:00
1008.1500244140625,1026.5,987.0,1025.989990234375,1459825,2025-12-11 14:30:00+00:00
1024.719970703125,1031.560791015625,1021.0,1028.6800537109375,841835,2025-12-11 15:30:00+00:00
1029.659912109375,1030.0,1013.9099731445312,1017.657470703125,417704,2025-12-11 16:30:00+00:00
1017.64501953125,1020.8800048828125,1017.2100219726562,1018.56201171875,251244,2025-12-11 17:30:00+00:00
1018.6599731445312,1019.280029296875,1011.0800170898438,1012.60498046875,273128,2025-12-11 18:30:00+00:00
1012.60498046875,1013.4600219726562,1005.6849975585938,1006.8599853515625,342535,2025-12-11 19:30:00+00:00
1006.8925170898438,1010.75,1005.1400146484375,1009.1400146484375,363434,2025-12-11 20:30:00+00:00
1008.760009765625,1026.199951171875,1003.5,1021.0,771763,2025-12-12 14:30:00+00:00
1020.85498046875,1028.9000244140625,1013.4199829101562,1018.25,545620,2025-12-12 15:30:00+00:00
1018.5311889648438,1022.1500244140625,1014.5601196289062,1019.8049926757812,231772,2025-12-12 16:30:00+00:00
1019.8099975585938,1023.7100219726562,1019.4500122070312,1022.4749755859375,202665,2025-12-12 17:30:00+00:00
1022.4749755859375,1027.760009765625,1021.0399780273438,1026.3699951171875,192755,2025-12-12 18:30:00+00:00
1026.800048828125,1027.5899658203125,1021.5800170898438,1022.6099853515625,290679,2025-12-12 19:30:00+00:00
1022.8800048828125,1028.4599609375,1021.3699951171875,1027.760009765625,485462,2025-12-12 20:30:00+00:00
1032.550048828125,1058.72998046875,1032.550048828125,1049.625,1114552,2025-12-15 14:30:00+00:00
1049.550048828125,1061.6199951171875,1048.43505859375,1057.7650146484375,551976,2025-12-15 15:30:00+00:00
1057.52001953125,1059.8299560546875,1052.875,1053.75,421059,2025-12-15 16:30:00+00:00
1053.89501953125,1062.409912109375,1053.541015625,1060.93994140625,306361,2025-12-15 17:30:00+00:00
1061.22998046875,1061.800048828125,1056.030029296875,1058.7850341796875,338145,2025-12-15 18:30:00+00:00
1058.8800048828125,1063.4000244140625,1057.174560546875,1062.56005859375,413759,2025-12-15 19:30:00+00:00
1062.6199951171875,1065.0,1056.800048828125,1062.0899658203125,808152,2025-12-15 20:30:00+00:00
1063.5,1068.25,1043.280029296875,1056.489990234375,1016692,2025-12-16 14:30:00+00:00
1056.489990234375,1057.02001953125,1046.510009765625,1049.4549560546875,369771,2025-12-16 15:30:00+00:00
1049.530029296875,1050.1199951171875,1040.0,1043.699951171875,464251,2025-12-16 16:30:00+00:00
1043.9300537109375,1046.5999755859375,1036.22998046875,1039.8900146484375,293455,2025-12-16 17:30:00+00:00
1039.9749755859375,1048.739990234375,1039.9749755859375,1045.9100341796875,260057,2025-12-16 18:30:00+00:00
1045.699951171875,1049.0,1043.1300048828125,1046.9671630859375,332426,2025-12-16 19:30:00+00:00
1047.0150146484375,1055.4100341796875,1046.9100341796875,1054.0999755859375,461763,2025-12-16 20:30:00+00:00
1064.300048828125,1064.300048828125,1051.219970703125,1057.219970703125,618464,2025-12-17 14:30:00+00:00
1057.074951171875,1060.989990234375,1050.0133056640625,1051.43994140625,379404,2025-12-17 15:30:00+00:00
1051.2850341796875,1057.31005859375,1048.510009765625,1052.4000244140625,336228,2025-12-17 16:30:00+00:00
1052.050048828125,1055.0,1046.1500244140625,1050.489990234375,359726,2025-12-17 17:30:00+00:00
1050.18994140625,1050.3800048828125,1039.06005859375,1042.8299560546875,326202,2025-12-17 18:30:00+00:00
1043.0,1044.9200439453125,1036.4100341796875,1041.8800048828125,305176,2025-12-17 19:30:00+00:00
1041.8800048828125,1045.760009765625,1040.3499755859375,1041.6099853515625,344225,2025-12-17 20:30:00+00:00
1041.800048828125,1079.260009765625,1039.5400390625,1058.2020263671875,1122885,2025-12-18 14:30:00+00:00
1056.1099853515625,1070.0,1055.280029296875,1061.8900146484375,419566,2025-12-18 15:30:00+00:00
1061.74755859375,1069.969970703125,1059.4749755859375,1061.4100341796875,294454,2025-12-18 16:30:00+00:00
1060.969970703125,1070.8599853515625,1060.9000244140625,1069.375,245055,2025-12-18 17:30:00+00:00
1069.5799560546875,1069.9599609375,1061.4300537109375,1064.43505859375,352044,2025-12-18 18:30:00+00:00
1064.43994140625,1064.8599853515625,1060.8399658203125,1062.8199462890625,255993,2025-12-18 19:30:00+00:00
1063.0999755859375,1063.5799560546875,1055.0,1056.8699951171875,462687,2025-12-18 20:30:00+00:00
1059.010009765625,1070.8699951171875,1059.010009765625,1064.4000244140625,1293512,2025-12-19 14:30:00+00:00
1064.510009765625,1067.8499755859375,1062.624755859375,1065.10498046875,456482,2025-12-19 15:30:00+00:00
1064.8499755859375,1072.8299560546875,1059.56005859375,1070.14501953125,377671,2025-12-19 16:30:00+00:00
1070.27001953125,1073.219970703125,1066.5400390625,1070.949951171875,321473,2025-12-19 17:30:00+00:00
1070.949951171875,1073.699951171875,1069.18994140625,1070.157470703125,234979,2025-12-19 18:30:00+00:00
1070.2650146484375,1073.699951171875,1068.8599853515625,1073.1700439453125,319094,2025-12-19 19:30:00+00:00
1072.6800537109375,1075.3800048828125,1067.675048828125,1070.550048828125,422019,2025-12-19 20:30:00+00:00
1076.719970703125,1083.47998046875,1064.5699462890625,1068.699951171875,616640,2025-12-22 14:30:00+00:00
1068.5150146484375,1070.3798828125,1063.0,1065.7149658203125,273530,2025-12-22 15:30:00+00:00
1065.7149658203125,1069.1400146484375,1063.489990234375,1065.704345703125,222678,2025-12-22 16:30:00+00:00
1065.6500244140625,1069.77001953125,1065.106689453125,1067.5799560546875,149470,2025-12-22 17:30:00+00:00
1067.68505859375,1071.409912109375,1067.030029296875,1070.9150390625,149282,2025-12-22 18:30:00+00:00
1071.1500244140625,1075.43994140625,1069.2301025390625,1074.450927734375,1134564,2025-12-22 19:30:00+00:00
1074.530029296875,1077.1700439453125,1073.489990234375,1076.1099853515625,1134564,2025-12-22 20:30:00+00:00
1063.5,1088.47998046875,1063.5,1077.1202392578125,607126,2025-12-23 14:30:00+00:00
1077.2650146484375,1078.9898681640625,1073.4100341796875,1075.25,251720,2025-12-23 15:30:00+00:00
1075.010009765625,1075.5799560546875,1069.5899658203125,1071.39013671875,137918,2025-12-23 16:30:00+00:00
1071.68505859375,1075.989990234375,1071.5400390625,1074.31005859375,96147,2025-12-23 17:30:00+00:00
1074.2650146484375,1075.0699462890625,1071.8800048828125,1073.6800537109375,140999,2025-12-23 18:30:00+00:00
1073.517578125,1073.97998046875,1069.3299560546875,1070.1800537109375,170715,2025-12-23 19:30:00+00:00
1070.5400390625,1072.4599609375,1069.5799560546875,1071.0400390625,254242,2025-12-23 20:30:00+00:00
1074.6400146484375,1085.72998046875,1073.0001220703125,1078.7099609375,320672,2025-12-24 14:30:00+00:00
1078.8599853515625,1080.25,1074.8050537109375,1077.0150146484375,144703,2025-12-24 15:30:00+00:00
1076.949951171875,1077.43994140625,1072.7099609375,1073.8349609375,155645,2025-12-24 16:30:00+00:00
1076.97998046875,1081.3900146484375,1068.300048828125,1071.8399658203125,214793,2025-12-26 14:30:00+00:00
1071.446044921875,1075.31005859375,1070.9010009765625,1074.57763671875,100517,2025-12-26 15:30:00+00:00
1074.5250244140625,1074.9200439453125,1071.6099853515625,1073.4300537109375,74451,2025-12-26 16:30:00+00:00
1073.72998046875,1074.989990234375,1072.39013671875,1074.6920166015625,76510,2025-12-26 17:30:00+00:00
1074.7249755859375,1076.010009765625,1073.93994140625,1074.5799560546875,80293,2025-12-26 18:30:00+00:00
1074.7449951171875,1075.6199951171875,1072.5,1074.739990234375,131173,2025-12-26 19:30:00+00:00
1074.6600341796875,1078.760009765625,1074.219970703125,1077.52001953125,155812,2025-12-26 20:30:00+00:00
1077.949951171875,1084.5098876953125,1074.3800048828125,1078.5899658203125,345776,2025-12-29 14:30:00+00:00
1078.93994140625,1084.489990234375,1077.4000244140625,1080.9449462890625,189085,2025-12-29 15:30:00+00:00
1081.33935546875,1084.47998046875,1080.9449462890625,1083.3499755859375,135499,2025-12-29 16:30:00+00:00
1083.449951171875,1084.5,1082.0899658203125,1083.4000244140625,93819,2025-12-29 17:30:00+00:00
1083.2449951171875,1085.5,1082.5999755859375,1084.344970703125,113466,2025-12-29 18:30:00+00:00
1084.219970703125,1085.0799560546875,1083.3699951171875,1083.7069091796875,140497,2025-12-29 19:30:00+00:00
1083.7950439453125,1084.3499755859375,1077.9599609375,1079.47998046875,232061,2025-12-29 20:30:00+00:00
1078.9599609375,1081.052978515625,1072.0699462890625,1076.72998046875,240220,2025-12-30 14:30:00+00:00
1076.1500244140625,1082.0,1075.5001220703125,1077.300048828125,155699,2025-12-30 15:30:00+00:00
1076.949951171875,1077.8800048828125,1074.6700439453125,1076.625,126385,2025-12-30 16:30:00+00:00
1077.0999755859375,1079.6700439453125,1077.0899658203125,1079.0699462890625,79339,2025-12-30 17:30:00+00:00
1079.2900390625,1080.3900146484375,1077.969970703125,1079.760009765625,90593,2025-12-30 18:30:00+00:00
1079.800048828125,1082.3699951171875,1079.5201416015625,1081.1199951171875,129868,2025-12-30 19:30:00+00:00
1080.97998046875,1081.510009765625,1079.6099853515625,1080.050048828125,176752,2025-12-30 20:30:00+00:00
1079.760009765625,1083.5,1076.2801513671875,1080.31005859375,182312,2025-12-31 14:30:00+00:00
1080.510009765625,1082.27001953125,1076.6600341796875,1078.8699951171875,165946,2025-12-31 15:30:00+00:00
1078.919921875,1080.47998046875,1077.1099853515625,1079.5899658203125,112878,2025-12-31 16:30:00+00:00
1079.6099853515625,1080.119873046875,1077.820068359375,1078.68505859375,86316,2025-12-31 17:30:00+00:00
1078.715087890625,1081.1199951171875,1078.7049560546875,1080.56005859375,97207,2025-12-31 18:30:00+00:00
1080.56005859375,1080.800048828125,1074.489990234375,1075.4100341796875,136512,2025-12-31 19:30:00+00:00
1075.199951171875,1077.6600341796875,1074.4300537109375,1075.050048828125,206178,2025-12-31 20:30:00+00:00
1076.4000244140625,1076.7449951171875,1052.0799560546875,1066.8299560546875,626167,2026-01-02 14:30:00+00:00
1066.8299560546875,1071.989990234375,1066.010009765625,1066.010009765625,192136,2026-01-02 15:30:00+00:00
1066.22998046875,1069.800048828125,1064.0,1069.0999755859375,179367,2026-01-02 16:30:00+00:00
1069.0999755859375,1073.530029296875,1067.550048828125,1070.3699951171875,154037,2026-01-02 17:30:00+00:00
1070.57470703125,1073.3599853515625,1067.47998046875,1073.3599853515625,148780,2026-01-02 18:30:00+00:00
1073.1588134765625,1074.699951171875,1072.31005859375,1073.739990234375,156866,2026-01-02 19:30:00+00:00
1073.8885498046875,1080.6600341796875,1073.8885498046875,1080.3499755859375,341325,2026-01-02 20:30:00+00:00
1069.22998046875,1085.3800048828125,1037.5,1040.8800048828125,990626,2026-01-05 14:30:00+00:00
1040.280029296875,1046.4124755859375,1036.3499755859375,1041.31005859375,488677,2026-01-05 15:30:00+00:00
1041.3060302734375,1046.989990234375,1033.380126953125,1039.5699462890625,388699,2026-01-05 16:30:00+00:00
1039.56494140625,1043.0999755859375,1039.0301513671875,1040.7550048828125,290121,2026-01-05 17:30:00+00:00
1040.850341796875,1041.8800048828125,1036.5,1039.3699951171875,296308,2026-01-05 18:30:00+00:00
1039.3680419921875,1042.5899658203125,1037.3900146484375,1040.1700439453125,320043,2026-01-05 19:30:00+00:00
1040.3699951171875,1044.2269287109375,1038.1300048828125,1041.5,605313,2026-01-05 20:30:00+00:00
1043.9300537109375,1070.8299560546875,1039.9300537109375,1063.6099853515625,711676,2026-01-06 14:30:00+00:00
1062.0799560546875,1062.0799560546875,1051.949951171875,1052.81005859375,288409,2026-01-06 15:30:00+00:00
1054.780029296875,1055.56494140625,1050.199951171875,1050.81005859375,239241,2026-01-06 16:30:00+00:00
1050.614990234375,1060.0,1049.969970703125,1056.449951171875,205846,2026-01-06 17:30:00+00:00
1056.8199462890625,1062.969970703125,1055.0,1060.574951171875,195420,2026-01-06 18:30:00+00:00
1060.4599609375,1062.7347412109375,1060.0,1061.949951171875,148497,2026-01-06 19:30:00+00:00
1061.699951171875,1064.1700439453125,1060.0,1063.949951171875,294979,2026-01-06 20:30:00+00:00
1077.0,1117.6600341796875,1075.9599609375,1103.0550537109375,1650987,2026-01-07 14:30:00+00:00
1102.9725341796875,1105.169921875,1096.5999755859375,1099.885986328125,501100,2026-01-07 15:30:00+00:00
1099.7149658203125,1114.1949462890625,1098.6949462890625,1108.1600341796875,475153,2026-01-07 16:30:00+00:00
1107.3800048828125,1107.5,1101.530029296875,1102.114990234375,240068,2026-01-07 17:30:00+00:00
1102.1199951171875,1104.1949462890625,1099.699951171875,1101.1650390625,234096,2026-01-07 18:30:00+00:00
1101.1650390625,1108.1766357421875,1096.28076171875,1102.800048828125,346187,2026-01-07 19:30:00+00:00
1102.3800048828125,1109.489990234375,1101.280029296875,1108.1099853515625,530670,2026-01-07 20:30:00+00:00
1119.0,1133.949951171875,1103.800048828125,1106.7650146484375,750799,2026-01-08 14:30:00+00:00
1106.3800048828125,1110.7105712890625,1095.8499755859375,1102.0899658203125,436222,2026-01-08 15:30:00+00:00
1102.199951171875,1104.989990234375,1096.4300537109375,1097.2850341796875,210265,2026-01-08 16:30:00+00:00
1097.300048828125,1098.27001953125,1088.6319580078125,1091.18994140625,218080,2026-01-08 17:30:00+00:00
1091.2099609375,1091.2099609375,1076.570068359375,1078.5,309404,2026-01-08 18:30:00+00:00
1078.1650390625,1083.449951171875,1070.1500244140625,1081.969970703125,345514,2026-01-08 19:30:00+00:00
1081.9599609375,1089.5899658203125,1081.25,1084.6600341796875,357858,2026-01-08 20:30:00+00:00
1086.824951171875,1104.52001953125,1083.8599853515625,1096.280029296875,481127,2026-01-09 14:30:00+00:00
1096.280029296875,1097.7698974609375,1077.010009765625,1079.2950439453125,354766,2026-01-09 15:30:00+00:00
1079.1650390625,1084.2750244140625,1077.030029296875,1078.3299560546875,221378,2026-01-09 16:30:00+00:00
1078.3800048828125,1081.9935302734375,1076.0799560546875,1079.3199462890625,161182,2026-01-09 17:30:00+00:00
1079.010009765625,1079.800048828125,1075.800048828125,1075.93994140625,160518,2026-01-09 18:30:00+00:00
1076.0699462890625,1077.27001953125,1070.7099609375,1070.7099609375,272079,2026-01-09 19:30:00+00:00
1070.81005859375,1071.25,1063.050048828125,1063.5699462890625,448647,2026-01-09 20:30:00+00:00
1058.0,1078.0,1058.0,1068.0799560546875,571645,2026-01-12 14:30:00+00:00
1067.7149658203125,1075.3499755859375,1067.7149658203125,1070.56005859375,319689,2026-01-12 15:30:00+00:00
1070.550048828125,1073.3800048828125,1064.8800048828125,1065.2735595703125,145687,2026-01-12 16:30:00+00:00
1066.051513671875,1069.39990234375,1064.698486328125,1068.9949951171875,119965,2026-01-12 17:30:00+00:00
1068.9599609375,1077.4000244140625,1068.1588134765625,1076.5799560546875,173716,2026-01-12 18:30:00+00:00
1076.787841796875,1083.0,1075.1700439453125,1078.0,238915,2026-01-12 19:30:00+00:00
1077.9300537109375,1083.3599853515625,1077.0,1080.5400390625,216629,2026-01-12 20:30:00+00:00
1083.0,1084.8299560546875,1069.0899658203125,1079.06005859375,375473,2026-01-13 14:30:00+00:00
1080.0,1089.050048828125,1077.8699951171875,1082.0250244140625,317514,2026-01-13 15:30:00+00:00
1082.229248046875,1090.222900390625,1081.02001953125,1083.14501953125,211044,2026-01-13 16:30:00+00:00
1083.1400146484375,1083.1400146484375,1075.3900146484375,1079.8299560546875,120924,2026-01-13 17:30:00+00:00
1079.844970703125,1083.8050537109375,1076.4697265625,1083.5999755859375,156850,2026-01-13 18:30:00+00:00
1083.25,1084.671142578125,1075.010009765625,1075.22998046875,259756,2026-01-13 19:30:00+00:00
1075.3800048828125,1078.175048828125,1072.0,1076.6500244140625,359426,2026-01-13 20:30:00+00:00
1081.75,1083.9998779296875,1063.0,1068.0,482977,2026-01-14 14:30:00+00:00
1067.719970703125,1074.8514404296875,1065.93994140625,1072.0,184064,2026-01-14 15:30:00+00:00
1072.31005859375,1074.699951171875,1067.8299560546875,1069.3399658203125,146802,2026-01-14 16:30:00+00:00
1068.969970703125,1069.239990234375,1065.2099609375,1066.844970703125,120725,2026-01-14 17:30:00+00:00
1067.1800537109375,1068.8399658203125,1061.1199951171875,1068.52001953125,158448,2026-01-14 18:30:00+00:00
1068.5699462890625,1072.449951171875,1068.0899658203125,1071.6500244140625,170155,2026-01-14 19:30:00+00:00
1071.60498046875,1074.56005859375,1069.5699462890625,1074.1500244140625,218981,2026-01-14 20:30:00+00:00
1062.56005859375,1067.6500244140625,1012.5700073242188,1018.6400146484375,1308778,2026-01-15 14:30:00+00:00
1017.7000122070312,1024.3399658203125,1017.7000122070312,1019.6599731445312,779682,2026-01-15 15:30:00+00:00
1019.7249755859375,1032.68505859375,1018.0,1031.43994140625,473950,2026-01-15 16:30:00+00:00
1031.949951171875,1037.9898681640625,1029.739990234375,1030.6400146484375,271410,2026-01-15 17:30:00+00:00
1030.489990234375,1035.589111328125,1030.2701416015625,1032.4849853515625,241972,2026-01-15 18:30:00+00:00
1032.3671875,1035.010009765625,1027.8599853515625,1031.9200439453125,267510,2026-01-15 19:30:00+00:00
1032.3599853515625,1032.969970703125,1029.5999755859375,1032.9300537109375,376126,2026-01-15 20:30:00+00:00
1024.4300537109375,1039.25,1018.0,1037.574951171875,912479,2026-01-16 14:30:00+00:00
1037.4749755859375,1046.989990234375,1033.3499755859375,1045.489990234375,391676,2026-01-16 15:30:00+00:00
1045.510009765625,1049.2099609375,1042.699951171875,1045.5,284687,2026-01-16 16:30:00+00:00
1045.68505859375,1049.93994140625,1043.3399658203125,1048.2449951171875,284067,2026-01-16 17:30:00+00:00
1048.25,1049.1600341796875,1046.68994140625,1047.9300537109375,215488,2026-01-16 18:30:00+00:00
1048.0400390625,1049.1600341796875,1039.5,1039.5,418042,2026-01-16 19:30:00+00:00
1039.2900390625,1043.0,1037.3299560546875,1038.93994140625,344133,2026-01-16 20:30:00+00:00
1028.14501953125,1044.7598876953125,1015.9600219726562,1042.68505859375,576529,2026-01-20 14:30:00+00:00
1042.75,1044.8900146484375,1039.012939453125,1041.9844970703125,269908,2026-01-20 15:30:00+00:00
1041.699951171875,1044.0,1036.02001953125,1039.9825439453125,191089,2026-01-20 16:30:00+00:00
1039.9849853515625,1039.9849853515625,1036.219970703125,1037.36376953125,146848,2026-01-20 17:30:00+00:00
1037.4599609375,1041.27197265625,1036.9100341796875,1039.72998046875,149600,2026-01-20 18:30:00+00:00
1040.1099853515625,1044.72998046875,1039.530029296875,1044.1300048828125,210854,2026-01-20 19:30:00+00:00
1044.22998046875,1045.8499755859375,1038.050048828125,1041.8699951171875,294630,2026-01-20 20:30:00+00:00
1043.8599853515625,1073.300048828125,1042.02001953125,1067.75,866061,2026-01-21 14:30:00+00:00
1067.9300537109375,1070.72998046875,1062.219970703125,1067.8800048828125,306273,2026-01-21 15:30:00+00:00
1067.947998046875,1071.18994140625,1064.0,1070.1700439453125,314296,2026-01-21 16:30:00+00:00
1069.68994140625,1079.02001953125,1069.52001953125,1076.5450439453125,353369,2026-01-21 17:30:00+00:00
1076.9599609375,1077.5150146484375,1066.3701171875,1073.074951171875,260294,2026-01-21 18:30:00+00:00
1072.8199462890625,1081.0,1071.6650390625,1080.18994140625,360572,2026-01-21 19:30:00+00:00
1079.9849853515625,1081.3299560546875,1077.89501953125,1079.3199462890625,536493,2026-01-21 20:30:00+00:00
1078.52001953125,1095.47998046875,1071.739990234375,1093.6500244140625,627982,2026-01-22 14:30:00+00:00
1094.0899658203125,1094.6099853515625,1082.3299560546875,1083.9000244140625,233162,2026-01-22 15:30:00+00:00
1084.010009765625,1086.0,1079.52001953125,1085.925048828125,212081,2026-01-22 16:30:00+00:00
1086.0799560546875,1090.6600341796875,1083.6400146484375,1089.77001953125,243926,2026-01-22 17:30:00+00:00
1089.864990234375,1092.800048828125,1089.31005859375,1090.72900390625,156893,2026-01-22 18:30:00+00:00
1091.1285400390625,1092.8199462890625,1088.1199951171875,1090.3199462890625,273517,2026-01-22 19:30:00+00:00
1090.3299560546875,1091.0899658203125,1087.3800048828125,1087.6500244140625,288753,2026-01-22 20:30:00+00:00
1083.72998046875,1084.3199462890625,1063.0218505859375,1078.5350341796875,530625,2026-01-23 14:30:00+00:00
1078.5350341796875,1079.2099609375,1073.625,1077.35498046875,189504,2026-01-23 15:30:00+00:00
1077.35498046875,1080.760009765625,1070.3800048828125,1070.719970703125,237699,2026-01-23 16:30:00+00:00
1070.72998046875,1071.8599853515625,1063.06005859375,1066.550048828125,225314,2026-01-23 17:30:00+00:00
1066.47998046875,1074.52001953125,1064.8499755859375,1072.510009765625,184554,2026-01-23 18:30:00+00:00
1072.114990234375,1074.8699951171875,1067.989990234375,1070.050048828125,187153,2026-01-23 19:30:00+00:00
1070.18994140625,1070.72998046875,1063.8699951171875,1064.31005859375,334270,2026-01-23 20:30:00+00:00
1062.2099609375,1065.5999755859375,1043.3199462890625,1061.27001953125,488916,2026-01-26 14:30:00+00:00
1061.1300048828125,1066.3800048828125,1060.300048828125,1064.93994140625,169763,2026-01-26 15:30:00+00:00
1064.9300537109375,1065.3699951171875,1061.1800537109375,1061.780029296875,146168,2026-01-26 16:30:00+00:00
1061.780029296875,1065.3199462890625,1061.5999755859375,1063.8599853515625,166082,2026-01-26 17:30:00+00:00
1063.93994140625,1067.0799560546875,1061.8800048828125,1062.955810546875,122515,2026-01-26 18:30:00+00:00
1062.9549560546875,1064.22998046875,1061.5699462890625,1064.2130126953125,147316,2026-01-26 19:30:00+00:00
1064.0087890625,1064.72998046875,1061.43994140625,1063.0699462890625,204877,2026-01-26 20:30:00+00:00
1064.1099853515625,1073.3900146484375,1053.3299560546875,1061.18994140625,406651,2026-01-27 14:30:00+00:00
1060.6199951171875,1071.8499755859375,1059.9549560546875,1063.6400146484375,200954,2026-01-27 15:30:00+00:00
1063.5789794921875,1063.8199462890625,1058.25,1058.6500244140625,134483,2026-01-27 16:30:00+00:00
1059.0499267578125,1059.050048828125,1049.780029296875,1052.5,247469,2026-01-27 17:30:00+00:00
1052.4100341796875,1053.31494140625,1044.72998046875,1045.8465576171875,225561,2026-01-27 18:30:00+00:00
1045.7349853515625,1046.3499755859375,1034.81005859375,1035.8175048828125,442572,2026-01-27 19:30:00+00:00
1035.7049560546875,1041.0975341796875,1035.3900146484375,1038.469970703125,526686,2026-01-27 20:30:00+00:00
1029.1099853515625,1029.68994140625,1012.1099853515625,1015.75,838743,2026-01-28 14:30:00+00:00
1015.0,1021.8900146484375,1012.8200073242188,1016.10498046875,375512,2026-01-28 15:30:00+00:00
1016.3699951171875,1017.1400146484375,1009.5,1009.7617797851562,302626,2026-01-28 16:30:00+00:00
1009.7449951171875,1012.14501953125,1005.02001953125,1006.5399780273438,386643,2026-01-28 17:30:00+00:00
1006.47998046875,1011.8200073242188,1004.1400146484375,1010.5399780273438,298246,2026-01-28 18:30:00+00:00
1010.2999877929688,1018.0499877929688,1010.2999877929688,1016.77001953125,300372,2026-01-28 19:30:00+00:00
1016.8049926757812,1024.719970703125,1016.6500244140625,1023.75,367457,2026-01-28 20:30:00+00:00
1025.3599853515625,1039.9998779296875,1018.0,1032.7900390625,452644,2026-01-29 14:30:00+00:00
1032.699951171875,1035.5699462890625,1025.969970703125,1027.9150390625,290281,2026-01-29 15:30:00+00:00
1027.9100341796875,1030.4549560546875,1024.3399658203125,1024.4000244140625,173986,2026-01-29 16:30:00+00:00
1024.3199462890625,1026.2149658203125,1022.0800170898438,1024.2099609375,158212,2026-01-29 17:30:00+00:00
1024.2900390625,1029.1290283203125,1023.4500122070312,1028.657958984375,149420,2026-01-29 18:30:00+00:00
1028.614990234375,1032.5550537109375,1024.8299560546875,1025.4649658203125,198578,2026-01-29 19:30:00+00:00
1025.6500244140625,1026.1290283203125,1021.4199829101562,1023.5800170898438,320346,2026-01-29 20:30:00+00:00
1033.300048828125,1039.22998046875,1020.0,1022.7650146484375,341673,2026-01-30 14:30:00+00:00
1049.1700439453125,1049.6199951171875,1040.300048828125,1043.6600341796875,1159571,2026-02-02 18:30:00+00:00
1043.72998046875,1044.8599853515625,1040.8699951171875,1043.9654541015625,368273,2026-02-02 19:30:00+00:00
1043.93994140625,1046.6400146484375,1040.8349609375,1043.0899658203125,419976,2026-02-02 20:30:00+00:00
1040.75,1048.800048828125,1029.1500244140625,1040.68994140625,538397,2026-02-03 14:30:00+00:00
1039.5899658203125,1045.5198974609375,1030.800048828125,1031.9300537109375,293667,2026-02-03 15:30:00+00:00
1031.4100341796875,1042.0,1005.3400268554688,1006.8250122070312,1211268,2026-02-03 16:30:00+00:00
1006.8300170898438,1007.6599731445312,995.47998046875,997.97998046875,834176,2026-02-03 17:30:00+00:00
998.4500122070312,1006.4699096679688,993.5800170898438,1002.3499755859375,483717,2026-02-03 18:30:00+00:00
1002.7650146484375,1009.8099975585938,999.4000244140625,999.77001953125,491012,2026-02-03 19:30:00+00:00
999.7999877929688,1007.75,997.260009765625,1002.8800048828125,611072,2026-02-03 20:30:00+00:00
1075.1199951171875,1103.8699951171875,1065.0,1089.550048828125,2687806,2026-02-04 14:30:00+00:00
1089.10498046875,1111.0799560546875,1088.197265625,1095.0,1125451,2026-02-04 15:30:00+00:00
1095.18994140625,1105.6800537109375,1089.0,1091.0799560546875,486909,2026-02-04 16:30:00+00:00
1091.0799560546875,1099.419921875,1089.18994140625,1093.949951171875,338452,2026-02-04 17:30:00+00:00
1093.4300537109375,1107.43505859375,1090.3299560546875,1095.18994140625,439987,2026-02-04 18:30:00+00:00
1095.031005859375,1114.0,1092.1800537109375,1107.5450439453125,595638,2026-02-04 19:30:00+00:00
1107.5400390625,1113.7698974609375,1103.5,1107.31005859375,718822,2026-02-04 20:30:00+00:00
1065.5,1075.0,1027.4449462890625,1027.4449462890625,2205136,2026-02-05 14:30:00+00:00
1027.4449462890625,1036.0,1018.8200073242188,1030.0799560546875,1104211,2026-02-05 15:30:00+00:00
1030.0799560546875,1041.9300537109375,1019.1900024414062,1028.5870361328125,684180,2026-02-05 16:30:00+00:00
1028.4849853515625,1038.47998046875,1028.2850341796875,1034.97998046875,336033,2026-02-05 17:30:00+00:00
1034.89501953125,1038.8299560546875,1020.4299926757812,1020.7999877929688,393615,2026-02-05 18:30:00+00:00
1020.75,1021.9660034179688,1005.8300170898438,1014.0800170898438,667600,2026-02-05 19:30:00+00:00
1014.0499877929688,1024.22998046875,1013.52001953125,1019.97998046875,867365,2026-02-05 20:30:00+00:00
1050.0,1058.75,1033.27001953125,1043.554443359375,1025975,2026-02-06 14:30:00+00:00
1054.8299560546875,1056.1800537109375,1048.0,1051.5499267578125,468257,2026-02-06 15:30:00+00:00
1050.1500244140625,1052.8800048828125,1041.239990234375,1041.9375,355227,2026-02-06 16:30:00+00:00
1041.989990234375,1046.8199462890625,1040.1109619140625,1044.949951171875,287440,2026-02-06 17:30:00+00:00
1044.5899658203125,1049.050048828125,1044.0400390625,1048.52001953125,280466,2026-02-06 18:30:00+00:00
1048.52001953125,1060.02001953125,1047.0,1056.1300048828125,409700,2026-02-06 19:30:00+00:00
1056.199951171875,1058.56005859375,1051.5799560546875,1057.8900146484375,534570,2026-02-06 20:30:00+00:00
1077.0899658203125,1106.93994140625,1060.4200439453125,1062.06005859375,979073,2026-02-09 14:30:00+00:00
1062.85986328125,1065.159912109375,1057.0,1058.4100341796875,325167,2026-02-09 15:30:00+00:00
1058.5250244140625,1059.5799560546875,1050.4232177734375,1052.5400390625,250572,2026-02-09 16:30:00+00:00
1052.4000244140625,1053.6099853515625,1048.1600341796875,1050.824951171875,216468,2026-02-09 17:30:00+00:00
1050.824951171875,1053.27001953125,1048.010009765625,1051.239990234375,215147,2026-02-09 18:30:00+00:00
1051.5899658203125,1056.2750244140625,1048.7099609375,1052.6099853515625,238264,2026-02-09 19:30:00+00:00
1052.4300537109375,1052.780029296875,1042.9200439453125,1044.3399658203125,495518,2026-02-09 20:30:00+00:00
1050.6600341796875,1055.6500244140625,1030.8800048828125,1035.0999755859375,569888,2026-02-10 14:30:00+00:00
1035.592529296875,1038.3399658203125,1032.65771484375,1034.1650390625,278749,2026-02-10 15:30:00+00:00
1034.5899658203125,1036.53125,1029.0,1032.1319580078125,275710,2026-02-10 16:30:00+00:00
1032.4100341796875,1037.9998779296875,1030.6700439453125,1031.989990234375,236055,2026-02-10 17:30:00+00:00
1032.469970703125,1035.719970703125,1032.0,1035.25,158676,2026-02-10 18:30:00+00:00
1035.25,1035.89990234375,1029.9100341796875,1030.9625244140625,228734,2026-02-10 19:30:00+00:00
1030.699951171875,1031.18994140625,1023.875,1024.800048828125,477571,2026-02-10 20:30:00+00:00
1026.5,1030.0999755859375,1020.5900268554688,1026.760009765625,514225,2026-02-11 14:30:00+00:00
1026.4300537109375,1028.14990234375,1023.0599975585938,1023.731689453125,169408,2026-02-11 15:30:00+00:00
1023.6900024414062,1025.3798828125,1022.010009765625,1024.260009765625,159063,2026-02-11 16:30:00+00:00
1024.1199951171875,1024.449951171875,1019.3200073242188,1022.5,145546,2026-02-11 17:30:00+00:00
1022.5,1026.659912109375,1022.0900268554688,1023.1500244140625,179767,2026-02-11 18:30:00+00:00
1023.1500244140625,1023.4299926757812,1013.3699951171875,1014.6099853515625,235598,2026-02-11 19:30:00+00:00
1014.6749877929688,1020.22998046875,1012.617919921875,1014.6400146484375,532962,2026-02-11 20:30:00+00:00
1024.8699951171875,1035.530029296875,1012.0,1034.8800048828125,540608,2026-02-12 14:30:00+00:00
1034.93505859375,1041.1600341796875,1024.72998046875,1036.4200439453125,359013,2026-02-12 15:30:00+00:00
1036.4100341796875,1045.530029296875,1033.77001953125,1043.1099853515625,390927,2026-02-12 16:30:00+00:00
1043.489990234375,1049.4000244140625,1041.77001953125,1046.405029296875,296369,2026-02-12 17:30:00+00:00
1046.405029296875,1048.800048828125,1042.6600341796875,1045.6099853515625,248868,2026-02-12 18:30:00+00:00
1045.9200439453125,1059.8399658203125,1044.469970703125,1052.8499755859375,470338,2026-02-12 19:30:00+00:00
1052.8299560546875,1053.75,1037.5999755859375,1038.949951171875,529487,2026-02-12 20:30:00+00:00
1039.97998046875,1064.3399658203125,1038.8800048828125,1052.5457763671875,581493,2026-02-13 14:30:00+00:00
1053.28857421875,1057.8699951171875,1046.6300048828125,1046.7900390625,305375,2026-02-13 15:30:00+00:00
1047.425048828125,1049.199951171875,1043.324951171875,1045.0400390625,181923,2026-02-13 16:30:00+00:00
1045.0400390625,1051.550048828125,1044.6199951171875,1048.864990234375,145722,2026-02-13 17:30:00+00:00
1048.7750244140625,1050.8900146484375,1045.322021484375,1050.0,158930,2026-02-13 18:30:00+00:00
1050.0,1050.3699951171875,1033.68994140625,1044.1800537109375,341970,2026-02-13 19:30:00+00:00
1044.1600341796875,1045.2900390625,1038.489990234375,1040.4100341796875,384999,2026-02-13 20:30:00+00:00
1045.6099853515625,1067.0,1042.0,1051.969970703125,763725,2026-02-17 14:30:00+00:00
1051.9649658203125,1053.5,1046.010009765625,1048.8599853515625,253930,2026-02-17 15:30:00+00:00
1049.3900146484375,1049.3900146484375,1040.0,1042.469970703125,217870,2026-02-17 16:30:00+00:00
1042.52001953125,1046.2099609375,1041.25,1045.1300048828125,152647,2026-02-17 17:30:00+00:00
1045.25,1047.4200439453125,1043.0,1044.9849853515625,185980,2026-02-17 18:30:00+00:00
1044.9849853515625,1046.31005859375,1039.757080078125,1040.39501953125,187426,2026-02-17 19:30:00+00:00
1040.239990234375,1040.239990234375,1034.8900146484375,1036.43994140625,363270,2026-02-17 20:30:00+00:00
1032.3599853515625,1037.5400390625,1014.0,1018.780029296875,661906,2026-02-18 14:30:00+00:00
1018.780029296875,1022.1799926757812,1016.5999755859375,1017.6599731445312,354375,2026-02-18 15:30:00+00:00
1017.6599731445312,1021.4998779296875,1017.2000122070312,1020.0800170898438,224694,2026-02-18 16:30:00+00:00
1020.0850219726562,1020.510009765625,1017.510009765625,1018.0399780273438,196368,2026-02-18 17:30:00+00:00
1017.9500122070312,1019.4390258789062,1016.6900024414062,1017.8900146484375,223114,2026-02-18 18:30:00+00:00
1017.875,1018.2490234375,1011.77001953125,1011.77001953125,265311,2026-02-18 19:30:00+00:00
1011.77001953125,1021.9199829101562,1011.3099975585938,1020.1599731445312,490418,2026-02-18 20:30:00+00:00
1010.8200073242188,1019.9199829101562,1007.0,1017.030029296875,387210,2026-02-19 14:30:00+00:00
1017.030029296875,1019.2150268554688,1014.2000122070312,1015.3200073242188,147602,2026-02-19 15:30:00+00:00
1015.864990234375,1016.780029296875,1009.010009765625,1015.8699951171875,193884,2026-02-19 16:30:00+00:00
1015.8442993164062,1019.47998046875,1013.6900024414062,1017.3499755859375,143966,2026-02-19 17:30:00+00:00
1017.3499755859375,1021.6389770507812,1017.1599731445312,1019.89501953125,164291,2026-02-19 18:30:00+00:00
1020.2789916992188,1021.7899780273438,1016.7550048828125,1021.1300048828125,154225,2026-02-19 19:30:00+00:00
1021.22998046875,1025.2249755859375,1020.3001098632812,1023.260009765625,346540,2026-02-19 20:30:00+00:00
1023.8599853515625,1028.6500244140625,1002.4600219726562,1006.719970703125,714532,2026-02-20 14:30:00+00:00
1006.6649780273438,1014.6090087890625,1004.010009765625,1013.4600219726562,399776,2026-02-20 15:30:00+00:00
1013.25439453125,1017.5900268554688,1011.3599853515625,1015.4533081054688,191988,2026-02-20 16:30:00+00:00
1015.739990234375,1017.2100219726562,1013.4949951171875,1015.7999877929688,260183,2026-02-20 17:30:00+00:00
1015.489990234375,1017.739990234375,1010.77001953125,1012.0750122070312,214577,2026-02-20 18:30:00+00:00
1012.2100219726562,1014.6163940429688,1009.010009765625,1013.5549926757812,244929,2026-02-20 19:30:00+00:00
1013.5549926757812,1015.739990234375,1007.0,1010.1599731445312,397173,2026-02-20 20:30:00+00:00
1047.02001953125,1055.469970703125,1034.0001220703125,1044.52001953125,1147009,2026-02-23 14:30:00+00:00
1044.8125,1057.7698974609375,1043.2900390625,1055.550048828125,486949,2026-02-23 15:30:00+00:00
1057.219970703125,1064.449951171875,1053.280029296875,1060.989990234375,432859,2026-02-23 16:30:00+00:00
1060.7900390625,1060.989990234375,1051.5799560546875,1051.5799560546875,315626,2026-02-23 17:30:00+00:00
1052.1600341796875,1055.300048828125,1048.1700439453125,1049.7900390625,238417,2026-02-23 18:30:00+00:00
1049.9300537109375,1052.6600341796875,1045.31494140625,1048.375,400826,2026-02-23 19:30:00+00:00
1048.760009765625,1058.5999755859375,1047.989990234375,1058.510009765625,690608,2026-02-23 20:30:00+00:00
1042.949951171875,1055.0,1024.0799560546875,1044.93994140625,825932,2026-02-24 14:30:00+00:00
1045.0550537109375,1058.9000244140625,1045.0550537109375,1055.8499755859375,318597,2026-02-24 15:30:00+00:00
1056.0,1057.219970703125,1049.239990234375,1050.4449462890625,191593,2026-02-24 16:30:00+00:00
1050.0,1053.25,1044.0699462890625,1045.8525390625,141012,2026-02-24 17:30:00+00:00
1045.760009765625,1048.429931640625,1042.75,1042.989990234375,193676,2026-02-24 18:30:00+00:00
1043.574951171875,1047.949951171875,1041.9000244140625,1043.0999755859375,193049,2026-02-24 19:30:00+00:00
1042.7650146484375,1046.6300048828125,1041.3199462890625,1042.5999755859375,301661,2026-02-24 20:30:00+00:00
1036.5799560546875,1053.625,1033.52001953125,1040.97998046875,544550,2026-02-25 14:30:00+00:00
1040.4599609375,1043.3299560546875,1034.5999755859375,1039.5,210629,2026-02-25 15:30:00+00:00
1039.25,1039.8262939453125,1030.55615234375,1033.5,238905,2026-02-25 16:30:00+00:00
1033.68994140625,1036.199951171875,1031.6600341796875,1032.5,162021,2026-02-25 17:30:00+00:00
1032.5,1034.3900146484375,1027.0,1027.2550048828125,216052,2026-02-25 18:30:00+00:00
1027.2449951171875,1034.139892578125,1027.02001953125,1033.074951171875,205671,2026-02-25 19:30:00+00:00
1032.8900146484375,1033.092529296875,1028.780029296875,1029.5400390625,361478,2026-02-25 20:30:00+00:00
1024.0799560546875,1026.9150390625,1011.6599731445312,1013.0800170898438,536314,2026-02-26 14:30:00+00:00
1012.5599975585938,1015.9199829101562,1008.3599853515625,1013.3400268554688,342898,2026-02-26 15:30:00+00:00
1013.5,1014.6400146484375,1010.6599731445312,1011.0,196880,2026-02-26 16:30:00+00:00
1010.9600219726562,1011.0,1007.380126953125,1008.75,227140,2026-02-26 17:30:00+00:00
1008.7150268554688,1018.5,1008.6599731445312,1018.2000122070312,292535,2026-02-26 18:30:00+00:00
1018.1799926757812,1019.5299072265625,1016.9099731445312,1018.219970703125,195439,2026-02-26 19:30:00+00:00
1018.3200073242188,1022.510009765625,1017.9249877929688,1022.1099853515625,289586,2026-02-26 20:30:00+00:00
1019.1699829101562,1033.0499267578125,1017.3599853515625,1022.5800170898438,429601,2026-02-27 14:30:00+00:00
1022.9249877929688,1031.43994140625,1022.0,1030.614990234375,224880,2026-02-27 15:30:00+00:00
1030.6199951171875,1034.2449951171875,1029.989990234375,1032.1600341796875,221764,2026-02-27 16:30:00+00:00
1032.3900146484375,1035.3699951171875,1028.81005859375,1035.3199462890625,173720,2026-02-27 17:30:00+00:00
1035.050048828125,1039.2099609375,1033.5001220703125,1037.969970703125,221751,2026-02-27 18:30:00+00:00
1038.0400390625,1042.8900146484375,1037.47998046875,1042.43994140625,293101,2026-02-27 19:30:00+00:00
1042.5,1052.800048828125,1042.3900146484375,1051.7099609375,891070,2026-02-27 20:30:00+00:00
1044.6199951171875,1056.199951171875,1033.0001220703125,1034.5150146484375,516364,2026-03-02 14:30:00+00:00
1034.7490234375,1038.4100341796875,1030.43994140625,1033.5,258753,2026-03-02 15:30:00+00:00
1033.530029296875,1035.0999755859375,1027.9000244140625,1027.9100341796875,262380,2026-03-02 16:30:00+00:00
1028.0400390625,1032.3699951171875,1023.5399780273438,1027.340576171875,240973,2026-03-02 17:30:00+00:00
1027.4014892578125,1029.31005859375,1024.2099609375,1029.199951171875,200162,2026-03-02 18:30:00+00:00
1029.199951171875,1029.9891357421875,1013.0,1018.4299926757812,415589,2026-03-02 19:30:00+00:00
1018.3099975585938,1019.5499877929688,1014.489990234375,1017.3400268554688,476304,2026-03-02 20:30:00+00:00
1015.0,1020.010009765625,996.2899780273438,1001.8150024414062,507588,2026-03-03 14:30:00+00:00
1001.89501953125,1006.9598999023438,995.0700073242188,1001.4400024414062,288578,2026-03-03 15:30:00+00:00
1002.0,1007.510009765625,998.8599853515625,1004.2000122070312,218074,2026-03-03 16:30:00+00:00
1003.9400024414062,1007.9899291992188,999.7899780273438,1005.090087890625,206308,2026-03-03 17:30:00+00:00
1005.0900268554688,1009.9664916992188,1003.875,1007.3099975585938,206656,2026-03-03 18:30:00+00:00
1007.8900146484375,1010.6300048828125,1005.5399780273438,1009.8200073242188,197242,2026-03-03 19:30:00+00:00
1009.530029296875,1011.3300170898438,1004.989990234375,1007.510009765625,277804,2026-03-03 20:30:00+00:00
1011.6300048828125,1015.659912109375,993.6599731445312,999.635009765625,470111,2026-03-04 14:30:00+00:00
999.3200073242188,1007.8800048828125,998.0,1001.6649780273438,257228,2026-03-04 15:30:00+00:00
1001.4000244140625,1004.7000122070312,1000.60009765625,1001.489990234375,118752,2026-03-04 16:30:00+00:00
1001.4340209960938,1005.4400024414062,1000.1400146484375,1004.0,132715,2026-03-04 17:30:00+00:00
1004.510009765625,1005.0,999.5,1001.1300048828125,168631,2026-03-04 18:30:00+00:00
1000.7100219726562,1006.9998779296875,1000.510009765625,1006.6099853515625,199685,2026-03-04 19:30:00+00:00
1006.6950073242188,1008.5499877929688,1003.3099975585938,1003.3200073242188,244342,2026-03-04 20:30:00+00:00
990.0,993.5599975585938,980.27001953125,985.0700073242188,681877,2026-03-05 14:30:00+00:00
985.3499755859375,985.3499755859375,967.4299926757812,970.6719970703125,557817,2026-03-05 15:30:00+00:00
970.8499755859375,975.6798706054688,965.5999755859375,971.260009765625,364415,2026-03-05 16:30:00+00:00
971.0599975585938,974.0700073242188,969.3099975585938,970.3596801757812,232341,2026-03-05 17:30:00+00:00
970.4299926757812,975.0399780273438,969.0,972.39501953125,256625,2026-03-05 18:30:00+00:00
972.0,979.0,969.60498046875,976.3699951171875,275930,2026-03-05 19:30:00+00:00
976.27001953125,984.6199951171875,976.010009765625,982.9099731445312,498223,2026-03-05 20:30:00+00:00
975.0,982.489990234375,966.090087890625,976.1649780273438,457623,2026-03-06 14:30:00+00:00
976.2000732421875,980.619873046875,973.3701171875,973.9700927734375,223033,2026-03-06 15:30:00+00:00
974.3800048828125,981.8800048828125,973.4099731445312,976.219970703125,198798,2026-03-06 16:30:00+00:00
975.97998046875,987.239990234375,975.8200073242188,985.9500122070312,232488,2026-03-06 17:30:00+00:00
986.0,987.9899291992188,983.1199951171875,987.6099853515625,171842,2026-03-06 18:30:00+00:00
987.3900146484375,991.219970703125,986.510009765625,986.510009765625,246345,2026-03-06 19:30:00+00:00
986.4500122070312,991.0700073242188,985.030029296875,989.8400268554688,335286,2026-03-06 20:30:00+00:00
986.8900146484375,992.719970703125,980.5800170898438,988.6199951171875,405415,2026-03-09 13:30:00+00:00
988.75,1006.4400024414062,987.4199829101562,1000.8275146484375,525887,2026-03-09 14:30:00+00:00
1001.0999755859375,1002.2899780273438,993.8499755859375,1001.72998046875,201017,2026-03-09 15:30:00+00:00
1001.3900146484375,1002.2755126953125,993.340087890625,994.52001953125,170723,2026-03-09 16:30:00+00:00
994.1950073242188,999.9299926757812,993.280029296875,998.739990234375,174591,2026-03-09 17:30:00+00:00
998.4450073242188,1002.8800048828125,996.6099853515625,1002.6799926757812,179114,2026-03-09 18:30:00+00:00
1002.6500244140625,1008.9299926757812,1001.614990234375,1008.4400024414062,362127,2026-03-09 19:30:00+00:00
1006.0,1012.0,994.0,1003.2999877929688,305217,2026-03-10 13:30:00+00:00
1003.2000122070312,1006.1500244140625,999.0418701171875,1004.4849853515625,135648,2026-03-10 14:30:00+00:00
1004.8049926757812,1009.1199951171875,1003.4896850585938,1004.094970703125,154686,2026-03-10 15:30:00+00:00
1003.989990234375,1008.8400268554688,1003.8958740234375,1007.4000244140625,94970,2026-03-10 16:30:00+00:00
1007.3150024414062,1007.3800048828125,1001.5,1004.9199829101562,107185,2026-03-10 17:30:00+00:00
1004.9199829101562,1005.2150268554688,999.635009765625,1001.7310180664062,188969,2026-03-10 18:30:00+00:00
1001.780029296875,1002.2399291992188,998.75,1001.3300170898438,244890,2026-03-10 19:30:00+00:00
1000.030029296875,1002.9299926757812,990.2999877929688,995.375,275356,2026-03-11 13:30:00+00:00
995.9500122070312,1001.9400024414062,994.6500244140625,995.780029296875,153218,2026-03-11 14:30:00+00:00
995.6799926757812,997.58642578125,991.510009765625,995.760009765625,137938,2026-03-11 15:30:00+00:00
996.0900268554688,1001.47998046875,994.9700927734375,1000.5999755859375,95360,2026-03-11 16:30:00+00:00
1000.5700073242188,1001.35498046875,996.2755126953125,998.3350219726562,85475,2026-03-11 17:30:00+00:00
998.3300170898438,998.97998046875,994.5,995.239990234375,100087,2026-03-11 18:30:00+00:00
995.3699951171875,999.989990234375,994.0,999.6099853515625,185342,2026-03-11 19:30:00+00:00
992.02001953125,993.0670776367188,981.9600219726562,982.1599731445312,443203,2026-03-12 13:30:00+00:00
982.2899780273438,987.7000122070312,977.89892578125,980.2100219726562,247684,2026-03-12 14:30:00+00:00
980.7150268554688,981.9099731445312,973.1599731445312,976.0900268554688,257654,2026-03-12 15:30:00+00:00
976.1599731445312,979.7100219726562,975.52001953125,977.875,194347,2026-03-12 16:30:00+00:00
977.8049926757812,980.2349853515625,976.0,976.719970703125,167942,2026-03-12 17:30:00+00:00
976.719970703125,978.0,973.4500122070312,976.9949951171875,213481,2026-03-12 18:30:00+00:00
977.155029296875,981.989990234375,975.9149780273438,976.9199829101562,290857,2026-03-12 19:30:00+00:00
980.1300048828125,1003.219970703125,978.0,995.1400146484375,443224,2026-03-13 13:30:00+00:00
995.3400268554688,997.8599853515625,987.5499877929688,988.9949951171875,286013,2026-03-13 14:30:00+00:00
989.1900024414062,990.9500122070312,985.0,987.3350219726562,190483,2026-03-13 15:30:00+00:00
986.8220825195312,994.125,986.6199951171875,990.739990234375,152989,2026-03-13 16:30:00+00:00
990.9249877929688,992.780029296875,988.1099853515625,988.5150146484375,100981,2026-03-13 17:30:00+00:00
988.5150146484375,992.0,986.0700073242188,986.75,133703,2026-03-13 18:30:00+00:00
986.6199951171875,987.7100219726562,983.3200073242188,985.510009765625,241817,2026-03-13 19:30:00+00:00
991.97998046875,998.1699829101562,981.4500732421875,981.6400146484375,351566,2026-03-16 13:30:00+00:00
981.8599853515625,986.2000122070312,975.510009765625,981.1300048828125,257106,2026-03-16 14:30:00+00:00
981.1500244140625,984.2000122070312,980.239990234375,981.4600219726562,144484,2026-03-16 15:30:00+00:00
981.47998046875,990.5,981.47998046875,989.1099853515625,169325,2026-03-16 16:30:00+00:00
989.1099853515625,989.6400146484375,984.7700805664062,986.0599975585938,143340,2026-03-16 17:30:00+00:00
986.0399780273438,987.0399780273438,983.7000122070312,987.0399780273438,130890,2026-03-16 18:30:00+00:00
987.0499877929688,988.8699951171875,983.9301147460938,988.8599853515625,239690,2026-03-16 19:30:00+00:00
978.9199829101562,981.1649780273438,958.0,960.1273803710938,841661,2026-03-17 13:30:00+00:00
960.02001953125,963.125,944.1201171875,946.619873046875,650510,2026-03-17 14:30:00+00:00
945.9650268554688,949.0,933.0,935.75,617373,2026-03-17 15:30:00+00:00
935.4450073242188,941.3200073242188,928.0,934.989990234375,598025,2026-03-17 16:30:00+00:00
935.0,936.4813842773438,928.1099853515625,934.0150146484375,627689,2026-03-17 17:30:00+00:00
934.0150146484375,934.3900146484375,925.25,926.1199951171875,601233,2026-03-17 18:30:00+00:00
926.3099975585938,932.219970703125,925.5200805664062,930.510009765625,683148,2026-03-17 19:30:00+00:00
925.0,929.0,905.1099853515625,908.6500244140625,985268,2026-03-18 13:30:00+00:00
908.0,918.4500122070312,906.5399780273438,917.3099975585938,465839,2026-03-18 14:30:00+00:00
917.3099975585938,922.0,914.5819091796875,921.5800170898438,240479,2026-03-18 15:30:00+00:00
921.5,925.3856811523438,913.0700073242188,913.77001953125,288327,2026-03-18 16:30:00+00:00
913.89501953125,917.3699951171875,912.5,914.4600219726562,187270,2026-03-18 17:30:00+00:00
914.4600219726562,916.8300170898438,911.2800903320312,912.89501953125,248993,2026-03-18 18:30:00+00:00
912.52001953125,919.0,912.4400024414062,918.02001953125,343866,2026-03-18 19:30:00+00:00
914.0,924.530029296875,910.8599853515625,912.9500122070312,510858,2026-03-19 13:30:00+00:00
912.6400146484375,919.489990234375,912.4400024414062,918.8585815429688,244667,2026-03-19 14:30:00+00:00
918.7899780273438,921.4550170898438,917.0001220703125,920.97998046875,193581,2026-03-19 15:30:00+00:00
920.6199951171875,922.4998779296875,917.0401000976562,920.530029296875,178090,2026-03-19 16:30:00+00:00
920.780029296875,921.5050048828125,915.9299926757812,916.0999755859375,209921,2026-03-19 17:30:00+00:00
915.9299926757812,922.5449829101562,913.6500244140625,919.1699829101562,231392,2026-03-19 18:30:00+00:00
919.1300048828125,920.02001953125,916.6199951171875,917.5700073242188,260946,2026-03-19 19:30:00+00:00
910.5499877929688,925.375,910.5499877929688,917.0,1026325,2026-03-20 13:30:00+00:00
917.0,921.4299926757812,914.0001220703125,919.0399780273438,234691,2026-03-20 14:30:00+00:00
918.469970703125,920.3699951171875,916.6199951171875,919.3049926757812,156144,2026-03-20 15:30:00+00:00
919.0499877929688,919.780029296875,915.7899780273438,917.64501953125,144634,2026-03-20 16:30:00+00:00
917.64501953125,918.1649780273438,904.010009765625,905.8250122070312,350358,2026-03-20 17:30:00+00:00
905.6500244140625,906.3099975585938,899.2899780273438,901.4299926757812,470380,2026-03-20 18:30:00+00:00
901.385009765625,906.6500244140625,899.52001953125,906.6400146484375,363316,2026-03-20 19:30:00+00:00
913.489990234375,921.0999755859375,907.22998046875,916.5800170898438,537070,2026-03-23 13:30:00+00:00
916.1599731445312,925.0,913.7999877929688,924.260009765625,313795,2026-03-23 14:30:00+00:00
924.1799926757812,926.7750244140625,917.2999877929688,917.6699829101562,234273,2026-03-23 15:30:00+00:00
917.8800048828125,919.6799926757812,912.655029296875,913.4500122070312,206592,2026-03-23 16:30:00+00:00
913.4600219726562,916.1400146484375,908.8499755859375,912.739990234375,267898,2026-03-23 17:30:00+00:00
913.1500244140625,915.489990234375,909.9099731445312,910.4500122070312,197883,2026-03-23 18:30:00+00:00
910.489990234375,914.6900024414062,909.3599853515625,910.77001953125,371860,2026-03-23 19:30:00+00:00
907.0,908.669921875,895.6099853515625,900.9500122070312,390984,2026-03-24 13:30:00+00:00
900.9500122070312,904.4000244140625,897.5,900.47998046875,347274,2026-03-24 14:30:00+00:00
900.7899780273438,903.5894165039062,898.4099731445312,903.0449829101562,176454,2026-03-24 15:30:00+00:00
902.9450073242188,903.4299926757812,900.5900268554688,901.010009765625,134849,2026-03-24 16:30:00+00:00
901.1699829101562,902.8699951171875,898.24169921875,901.219970703125,165805,2026-03-24 17:30:00+00:00
901.22998046875,905.8198852539062,901.0,903.875,211309,2026-03-24 18:30:00+00:00
903.9400024414062,904.1199951171875,900.0800170898438,902.77001953125,301381,2026-03-24 19:30:00+00:00
912.489990234375,921.969970703125,909.7365112304688,913.030029296875,359419,2026-03-25 13:30:00+00:00
912.2105102539062,916.3300170898438,909.0900268554688,915.7100219726562,201799,2026-03-25 14:30:00+00:00
915.5150146484375,920.0,913.219970703125,918.6950073242188,162540,2026-03-25 15:30:00+00:00
918.4199829101562,922.1500244140625,916.0599975585938,916.9000244140625,194222,2026-03-25 16:30:00+00:00
916.77001953125,918.0,914.5499877929688,916.47998046875,197641,2026-03-25 17:30:00+00:00
915.9400024414062,917.8200073242188,912.260009765625,912.4600219726562,209826,2026-03-25 18:30:00+00:00
912.4600219726562,916.4500122070312,911.030029296875,916.4199829101562,275408,2026-03-25 19:30:00+00:00
912.3800048828125,916.3499145507812,905.2100219726562,906.3599853515625,372283,2026-03-26 13:30:00+00:00
906.5800170898438,907.530029296875,903.0999755859375,903.8099975585938,206081,2026-03-26 14:30:00+00:00
903.2899780273438,904.135009765625,899.5999755859375,903.4849853515625,162097,2026-03-26 15:30:00+00:00
903.8300170898438,906.5499877929688,901.1500854492188,906.2249755859375,174455,2026-03-26 16:30:00+00:00
905.9500122070312,906.2249755859375,901.0,901.2775268554688,164445,2026-03-26 17:30:00+00:00
901.0601196289062,903.5700073242188,899.0499877929688,900.530029296875,176121,2026-03-26 18:30:00+00:00
900.5700073242188,900.5700073242188,896.2899780273438,896.6199951171875,329443,2026-03-26 19:30:00+00:00
896.0,900.8298950195312,887.4199829101562,887.5750122070312,475903,2026-03-27 13:30:00+00:00
887.7000122070312,893.5443115234375,885.5,892.4965209960938,222743,2026-03-27 14:30:00+00:00
892.6599731445312,893.5,887.0,888.8900146484375,254349,2026-03-27 15:30:00+00:00
889.739990234375,890.5349731445312,886.3300170898438,888.0,199507,2026-03-27 16:30:00+00:00
888.1599731445312,889.27001953125,886.1350708007812,887.7750244140625,227085,2026-03-27 17:30:00+00:00
887.4874877929688,888.5098876953125,881.0,881.2249755859375,259952,2026-03-27 18:30:00+00:00
881.4500122070312,882.3200073242188,877.1099853515625,877.6900024414062,486517,2026-03-27 19:30:00+00:00
888.47998046875,897.4299926757812,884.010009765625,891.7100219726562,499678,2026-03-30 13:30:00+00:00
891.8250122070312,893.4600219726562,885.5599975585938,888.260009765625,362548,2026-03-30 14:30:00+00:00
888.0900268554688,889.260009765625,883.1099853515625,886.5449829101562,241220,2026-03-30 15:30:00+00:00
886.8900146484375,894.5,886.114990234375,893.6649780273438,327916,2026-03-30 16:30:00+00:00
893.6749877929688,896.989990234375,887.1400146484375,887.1400146484375,202212,2026-03-30 17:30:00+00:00
887.1400146484375,889.3300170898438,885.9099731445312,887.6799926757812,195290,2026-03-30 18:30:00+00:00
887.1400146484375,888.125,884.7615966796875,886.6699829101562,392788,2026-03-30 19:30:00+00:00
893.489990234375,924.1439208984375,892.1400146484375,916.3250122070312,594771,2026-03-31 13:30:00+00:00
916.3300170898438,917.1500244140625,907.5,912.5999755859375,342794,2026-03-31 14:30:00+00:00
912.1900024414062,914.7650146484375,909.4099731445312,913.5750122070312,193191,2026-03-31 15:30:00+00:00
913.5750122070312,917.7000122070312,911.0526733398438,915.469970703125,212256,2026-03-31 16:30:00+00:00
915.489990234375,918.5,913.64501953125,917.0399780273438,199320,2026-03-31 17:30:00+00:00
917.27001953125,918.8499755859375,915.1799926757812,918.8499755859375,218565,2026-03-31 18:30:00+00:00
918.75,921.4400024414062,914.0399780273438,920.0800170898438,510577,2026-03-31 19:30:00+00:00
926.8800048828125,936.3300170898438,925.989990234375,932.7050170898438,609085,2026-04-01 13:30:00+00:00
932.7050170898438,955.5900268554688,931.77001953125,950.7550048828125,633740,2026-04-01 14:30:00+00:00
950.0999755859375,972.8300170898438,949.1005859375,955.5,1593143,2026-04-01 15:30:00+00:00
955.0650024414062,976.5800170898438,953.9099731445312,976.0,632968,2026-04-01 16:30:00+00:00
975.9949951171875,976.6798706054688,956.8350219726562,957.6649780273438,574253,2026-04-01 17:30:00+00:00
957.6649780273438,960.8200073242188,954.1599731445312,957.219970703125,383273,2026-04-01 18:30:00+00:00
957.4400024414062,960.6099853515625,953.9600219726562,954.8400268554688,563554,2026-04-01 19:30:00+00:00
945.0,957.6875,937.530029296875,944.8099975585938,677026,2026-04-02 13:30:00+00:00
944.8099975585938,949.6099243164062,937.375,938.8699951171875,310587,2026-04-02 14:30:00+00:00
938.8699951171875,940.5499877929688,931.219970703125,932.239990234375,254179,2026-04-02 15:30:00+00:00
932.2449951171875,934.989990234375,930.02001953125,933.5700073242188,205571,2026-04-02 16:30:00+00:00
933.5700073242188,937.75,933.1699829101562,935.7000122070312,211785,2026-04-02 17:30:00+00:00
936.0999755859375,937.3699951171875,934.1799926757812,934.6199951171875,241052,2026-04-02 18:30:00+00:00
934.52001953125,936.85498046875,933.0850219726562,935.5800170898438,291484,2026-04-02 19:30:00+00:00
932.0399780273438,936.0,924.1400146484375,931.9949951171875,321078,2026-04-06 13:30:00+00:00
931.989990234375,934.0700073242188,924.969970703125,925.7000122070312,280692,2026-04-06 14:30:00+00:00
925.1400146484375,926.97998046875,923.489990234375,926.35498046875,139051,2026-04-06 15:30:00+00:00
926.35498046875,928.4799194335938,923.7999877929688,924.3300170898438,143296,2026-04-06 16:30:00+00:00
924.344970703125,924.3499755859375,919.780029296875,921.25,142056,2026-04-06 17:30:00+00:00
921.2550048828125,925.8499755859375,921.2550048828125,925.0900268554688,192742,2026-04-06 18:30:00+00:00
925.010009765625,927.1300048828125,921.3699951171875,926.8099975585938,248297,2026-04-06 19:30:00+00:00
924.5,926.0449829101562,898.4500732421875,909.8400268554688,455672,2026-04-07 13:30:00+00:00
909.5999755859375,922.489990234375,909.0800170898438,919.3300170898438,469100,2026-04-07 14:30:00+00:00
919.3099975585938,931.2899780273438,919.030029296875,930.4000244140625,445259,2026-04-07 15:30:00+00:00
930.2899780273438,932.6400146484375,925.4072875976562,926.5599975585938,177929,2026-04-07 16:30:00+00:00
926.2999877929688,932.655029296875,925.7999877929688,930.135009765625,171213,2026-04-07 17:30:00+00:00
930.25,932.14501953125,922.6199951171875,926.4749755859375,234274,2026-04-07 18:30:00+00:00
926.2100219726562,931.9899291992188,925.4249877929688,930.9099731445312,383033,2026-04-07 19:30:00+00:00
941.52001953125,949.47998046875,933.1300048828125,947.739990234375,516400,2026-04-08 13:30:00+00:00
947.739990234375,956.8200073242188,944.5,954.0,371612,2026-04-08 14:30:00+00:00
954.3400268554688,959.489990234375,952.1400146484375,957.7449951171875,273832,2026-04-08 15:30:00+00:00
957.7449951171875,961.1351928710938,956.6400146484375,956.7949829101562,169160,2026-04-08 16:30:00+00:00
956.7999877929688,957.9400024414062,954.9199829101562,957.010009765625,171062,2026-04-08 17:30:00+00:00
957.0,957.3098754882812,948.760009765625,948.9000244140625,222317,2026-04-08 18:30:00+00:00
949.0700073242188,953.780029296875,948.0900268554688,953.3099975585938,302110,2026-04-08 19:30:00+00:00
948.469970703125,951.3900146484375,939.2899780273438,947.9349975585938,316318,2026-04-09 13:30:00+00:00
947.9349975585938,954.8800048828125,947.5800170898438,954.3099975585938,179832,2026-04-09 14:30:00+00:00
954.0499877929688,957.6599731445312,953.6599731445312,957.4600219726562,170929,2026-04-09 15:30:00+00:00
957.6400146484375,962.260009765625,957.1799926757812,962.2100219726562,138099,2026-04-09 16:30:00+00:00
961.9299926757812,963.7550048828125,955.8109130859375,957.989990234375,155153,2026-04-09 17:30:00+00:00
957.97998046875,958.8599853515625,955.1699829101562,956.5999755859375,127940,2026-04-09 18:30:00+00:00
956.6099853515625,958.2695922851562,955.0001220703125,955.1799926757812,200749,2026-04-09 19:30:00+00:00
963.6900024414062,963.9400024414062,935.864990234375,943.625,390383,2026-04-10 13:30:00+00:00
943.625,944.5700073242188,937.25,938.9949951171875,283668,2026-04-10 14:30:00+00:00
938.989990234375,942.5,937.260009765625,940.5,159381,2026-04-10 15:30:00+00:00
940.489990234375,942.4899291992188,939.3699951171875,939.5900268554688,107802,2026-04-10 16:30:00+00:00
939.5800170898438,941.9400024414062,936.77001953125,938.52001953125,122060,2026-04-10 17:30:00+00:00
938.4650268554688,939.0399780273438,935.97998046875,937.0,152550,2026-04-10 18:30:00+00:00
937.0900268554688,940.0,935.5399780273438,939.5700073242188,263975,2026-04-10 19:30:00+00:00
939.969970703125,945.9000244140625,930.510009765625,936.6699829101562,327866,2026-04-13 13:30:00+00:00
936.5700073242188,938.1400146484375,929.8599853515625,932.4500122070312,212872,2026-04-13 14:30:00+00:00
932.719970703125,933.8699951171875,929.0,930.4149780273438,170011,2026-04-13 15:30:00+00:00
930.3300170898438,931.1798706054688,927.2182006835938,929.635009765625,189573,2026-04-13 16:30:00+00:00
929.7999877929688,931.669921875,927.5499877929688,929.2899780273438,144334,2026-04-13 17:30:00+00:00
929.510009765625,930.780029296875,927.1699829101562,929.97998046875,196954,2026-04-13 18:30:00+00:00
930.010009765625,930.8099975585938,927.7266845703125,929.1599731445312,326543,2026-04-13 19:30:00+00:00
925.0,939.9299926757812,918.6400146484375,937.3599853515625,367419,2026-04-14 13:30:00+00:00
937.8150024414062,938.3200073242188,932.6500244140625,934.0399780273438,194138,2026-04-14 14:30:00+00:00
934.3499755859375,939.655029296875,933.4500122070312,938.2728881835938,150777,2026-04-14 15:30:00+00:00
938.2999877929688,938.2999877929688,934.27001953125,935.1599731445312,124092,2026-04-14 16:30:00+00:00
935.1599731445312,935.469970703125,924.0029907226562,926.7949829101562,340362,2026-04-14 17:30:00+00:00
926.8900146484375,926.9000244140625,915.0399780273438,925.1799926757812,385670,2026-04-14 18:30:00+00:00
925.2100219726562,925.4199829101562,920.2000122070312,922.719970703125,283395,2026-04-14 19:30:00+00:00
923.5,930.0,920.0,924.4550170898438,373551,2026-04-15 13:30:00+00:00
924.4550170898438,924.4550170898438,906.6599731445312,910.8400268554688,401662,2026-04-15 14:30:00+00:00
910.7650146484375,914.2598876953125,888.030029296875,895.6599731445312,674878,2026-04-15 15:30:00+00:00
895.5,904.6199951171875,893.6500244140625,899.0900268554688,355720,2026-04-15 16:30:00+00:00
899.239990234375,905.239990234375,896.4199829101562,903.7100219726562,348196,2026-04-15 17:30:00+00:00
903.8200073242188,907.8200073242188,901.2899780273438,907.8200073242188,345400,2026-04-15 18:30:00+00:00
907.8200073242188,909.4500122070312,904.8099975585938,904.8499755859375,539309,2026-04-15 19:30:00+00:00
911.6649780273438,920.0,907.5,909.25,533766,2026-04-16 13:30:00+00:00
909.25,913.1900024414062,905.6699829101562,912.7899780273438,293799,2026-04-16 14:30:00+00:00
912.739990234375,913.0,898.1500244140625,902.75,384680,2026-04-16 15:30:00+00:00
902.7999877929688,904.4500122070312,900.5,903.5700073242188,148645,2026-04-16 16:30:00+00:00
903.5700073242188,904.9199829101562,901.1099853515625,903.7050170898438,170220,2026-04-16 17:30:00+00:00
903.510009765625,904.75,901.0,903.6500244140625,190950,2026-04-16 18:30:00+00:00
903.6400146484375,906.0900268554688,903.27001953125,903.4299926757812,296020,2026-04-16 19:30:00+00:00
917.7999877929688,929.5900268554688,917.7999877929688,927.760009765625,944720,2026-04-17 13:30:00+00:00
927.5999755859375,929.989990234375,922.344970703125,924.4724731445312,345642,2026-04-17 14:30:00+00:00
924.9456176757812,927.4959106445312,923.10498046875,923.510498046875,265072,2026-04-17 15:30:00+00:00
923.3350219726562,925.27001953125,920.510009765625,921.030029296875,150409,2026-04-17 16:30:00+00:00
920.530029296875,922.6599731445312,919.0999755859375,921.27001953125,143372,2026-04-17 17:30:00+00:00
921.260009765625,922.9199829101562,919.72998046875,920.25,242834,2026-04-17 18:30:00+00:00
920.3350219726562,927.5,920.3350219726562,926.72998046875,340959,2026-04-17 19:30:00+00:00
926.9000244140625,928.9998779296875,912.5,924.4199829101562,411925,2026-04-20 13:30:00+00:00
924.719970703125,929.2899780273438,924.4299926757812,929.0,208935,2026-04-20 14:30:00+00:00
928.6699829101562,929.6400146484375,925.5,926.1699829101562,141530,2026-04-20 15:30:00+00:00
926.5250244140625,927.7000122070312,924.330078125,926.5,103766,2026-04-20 16:30:00+00:00
926.272216796875,928.1099853515625,925.9000244140625,926.64501953125,106289,2026-04-20 17:30:00+00:00
926.6400146484375,927.6099853515625,922.4199829101562,923.2899780273438,156928,2026-04-20 18:30:00+00:00
923.2899780273438,923.2899780273438,919.47998046875,920.4000244140625,314559,2026-04-20 19:30:00+00:00
910.2000122070312,913.0499877929688,881.1099853515625,897.1300048828125,1324283,2026-04-21 13:30:00+00:00
897.2899780273438,901.5,883.0,894.4625244140625,818858,2026-04-21 14:30:00+00:00
894.4349975585938,902.8800048828125,893.6599731445312,900.7150268554688,300597,2026-04-21 15:30:00+00:00
900.7100219726562,903.3400268554688,898.780029296875,901.7050170898438,212048,2026-04-21 16:30:00+00:00
901.7750244140625,904.6900024414062,899.760009765625,902.4949951171875,201559,2026-04-21 17:30:00+00:00
902.5499877929688,909.969970703125,900.5800170898438,908.5800170898438,281827,2026-04-21 18:30:00+00:00
908.5750122070312,909.489990234375,902.3200073242188,903.02001953125,352090,2026-04-21 19:30:00+00:00
906.4000244140625,921.280029296875,902.2301025390625,920.6500244140625,566617,2026-04-22 13:30:00+00:00
920.8699951171875,921.97998046875,915.0001220703125,917.9099731445312,272100,2026-04-22 14:30:00+00:00
917.5599975585938,920.2000122070312,916.2305297851562,919.0900268554688,167563,2026-04-22 15:30:00+00:00
919.02001953125,921.8400268554688,918.5900268554688,920.75,168846,2026-04-22 16:30:00+00:00
920.905029296875,921.14990234375,916.5999755859375,919.0900268554688,192695,2026-04-22 17:30:00+00:00
918.8200073242188,919.7349853515625,917.6799926757812,918.9400024414062,249115,2026-04-22 18:30:00+00:00
918.8400268554688,922.5399780273438,918.4400024414062,921.280029296875,420219,2026-04-22 19:30:00+00:00
929.489990234375,930.0,921.10009765625,921.75,396568,2026-04-23 13:30:00+00:00
921.9724731445312,923.75,917.8400268554688,919.3400268554688,238078,2026-04-23 14:30:00+00:00
919.1599731445312,921.4600219726562,914.22998046875,914.4849853515625,189378,2026-04-23 15:30:00+00:00
914.4849853515625,916.4400024414062,911.8900146484375,912.0499877929688,165080,2026-04-23 16:30:00+00:00
912.2000122070312,918.6199951171875,912.0900268554688,917.6849975585938,179751,2026-04-23 17:30:00+00:00
917.8499755859375,920.1199951171875,917.52001953125,919.6099853515625,194089,2026-04-23 18:30:00+00:00
919.5599975585938,920.2999877929688,915.75,917.219970703125,273430,2026-04-23 19:30:00+00:00
900.010009765625,900.4199829101562,876.0,878.27001953125,1111052,2026-04-24 13:30:00+00:00
878.4749755859375,883.0349731445312,871.7310180664062,880.47998046875,865582,2026-04-24 14:30:00+00:00
880.47998046875,885.8800048828125,879.5100708007812,882.880126953125,413996,2026-04-24 15:30:00+00:00
883.114990234375,883.5599975585938,879.0,881.094970703125,266238,2026-04-24 16:30:00+00:00
880.9600830078125,882.4000244140625,876.8599853515625,878.1254272460938,293675,2026-04-24 17:30:00+00:00
878.260009765625,887.0700073242188,876.0800170898438,885.5800170898438,471119,2026-04-24 18:30:00+00:00
885.5399780273438,887.3400268554688,883.9199829101562,884.27001953125,466395,2026-04-24 19:30:00+00:00
878.1300048828125,891.202880859375,872.2000122070312,878.469970703125,569833,2026-04-27 13:30:00+00:00
878.6898803710938,882.989990234375,878.2200927734375,880.60498046875,204695,2026-04-27 14:30:00+00:00
881.02001953125,883.72998046875,879.5499877929688,881.7680053710938,166842,2026-04-27 15:30:00+00:00
881.7069091796875,882.9500122070312,879.9400024414062,880.8300170898438,188097,2026-04-27 16:30:00+00:00
880.8099975585938,881.0999755859375,876.510009765625,877.1199951171875,186091,2026-04-27 17:30:00+00:00
876.9550170898438,878.6599731445312,873.8060302734375,874.0700073242188,263563,2026-04-27 18:30:00+00:00
874.0999755859375,874.1674194335938,868.0499877929688,868.239990234375,487490,2026-04-27 19:30:00+00:00
871.9000244140625,878.1500244140625,869.8800048828125,872.7098999023438,449916,2026-04-28 13:30:00+00:00
872.5900268554688,877.0,871.0999755859375,871.5499877929688,243507,2026-04-28 14:30:00+00:00
871.8098754882812,871.97998046875,866.6900024414062,867.0900268554688,354477,2026-04-28 15:30:00+00:00
867.219970703125,867.4099731445312,863.3499755859375,865.1500244140625,163720,2026-04-28 16:30:00+00:00
865.1500244140625,867.5,864.2999877929688,866.0,159747,2026-04-28 17:30:00+00:00
865.989990234375,873.2550048828125,864.0900268554688,872.2750244140625,291031,2026-04-28 18:30:00+00:00
872.2899780273438,875.0,872.0407104492188,874.4299926757812,374826,2026-04-28 19:30:00+00:00
866.0399780273438,869.023193359375,857.3800048828125,858.0499877929688,636426,2026-04-29 13:30:00+00:00
857.9400024414062,858.6799926757812,850.8433227539062,856.7750244140625,561982,2026-04-29 14:30:00+00:00
857.1400146484375,857.3099975585938,851.0,854.989990234375,437918,2026-04-29 15:30:00+00:00
854.9749755859375,856.0700073242188,851.6500244140625,852.4650268554688,283605,2026-04-29 16:30:00+00:00
852.375,854.4298706054688,851.5,852.2349853515625,338211,2026-04-29 17:30:00+00:00
852.22998046875,855.9199829101562,850.510009765625,852.0900268554688,414877,2026-04-29 18:30:00+00:00
852.010009765625,856.010009765625,850.7999877929688,851.3099975585938,618588,2026-04-29 19:30:00+00:00
898.780029296875,928.1500244140625,896.7999877929688,925.9500122070312,2888830,2026-04-30 13:30:00+00:00
926.5,930.9400024414062,917.010009765625,921.14501953125,885478,2026-04-30 14:30:00+00:00
921.3150024414062,936.1500244140625,920.0,933.3049926757812,620812,2026-04-30 15:30:00+00:00
933.3049926757812,941.8800048828125,931.3800048828125,939.2449951171875,550495,2026-04-30 16:30:00+00:00
939.5698852539062,941.6599731445312,937.8499755859375,940.4299926757812,444762,2026-04-30 17:30:00+00:00
940.75,945.4998779296875,936.2200927734375,939.9199829101562,582439,2026-04-30 18:30:00+00:00
941.0999755859375,943.3250122070312,931.3599853515625,934.3099975585938,1040056,2026-04-30 19:30:00+00:00
955.219970703125,984.4500122070312,943.7999877929688,973.25,1382789,2026-05-01 13:30:00+00:00
973.2249755859375,977.1749877929688,964.6574096679688,965.030029296875,486236,2026-05-01 14:30:00+00:00
965.0349731445312,968.0349731445312,959.02001953125,963.6799926757812,468065,2026-05-01 15:30:00+00:00
963.6699829101562,964.5598754882812,960.0800170898438,962.5499877929688,249554,2026-05-01 16:30:00+00:00
963.0399780273438,969.4400024414062,962.1801147460938,966.3200073242188,278579,2026-05-01 17:30:00+00:00
965.8900146484375,967.0798950195312,960.8599853515625,961.7999877929688,299690,2026-05-01 18:30:00+00:00
961.6900024414062,966.5399780273438,959.27001953125,963.7100219726562,485183,2026-05-01 19:30:00+00:00
960.0,969.9437866210938,951.760009765625,960.4199829101562,786062,2026-05-04 13:30:00+00:00
960.8198852539062,963.02001953125,958.2999877929688,960.0599975585938,344972,2026-05-04 14:30:00+00:00
960.0549926757812,965.7000122070312,959.8900146484375,961.1300048828125,361397,2026-05-04 15:30:00+00:00
961.010009765625,966.5700073242188,959.9199829101562,965.4099731445312,212538,2026-05-04 16:30:00+00:00
965.5999755859375,968.1599731445312,962.739990234375,966.8800048828125,246578,2026-05-04 17:30:00+00:00
966.655029296875,974.2150268554688,964.72998046875,965.530029296875,643836,2026-05-04 18:30:00+00:00
965.530029296875,970.8900146484375,965.0,968.489990234375,534343,2026-05-04 19:30:00+00:00
971.885009765625,982.0,964.4099731445312,979.5,542795,2026-05-05 13:30:00+00:00
977.719970703125,985.9600219726562,975.3250122070312,978.780029296875,386791,2026-05-05 14:30:00+00:00
978.77001953125,982.5499877929688,978.2000122070312,981.7750244140625,227800,2026-05-05 15:30:00+00:00
981.7249755859375,989.6599731445312,981.5,989.5700073242188,297793,2026-05-05 16:30:00+00:00
989.5850219726562,992.7999877929688,988.0,989.1900024414062,246829,2026-05-05 17:30:00+00:00
989.594970703125,990.8099975585938,984.719970703125,987.3200073242188,226571,2026-05-05 18:30:00+00:00
987.6099853515625,989.77001953125,985.8200073242188,988.4600219726562,398040,2026-05-05 19:30:00+00:00
991.3499755859375,995.010009765625,983.5,994.8400268554688,473938,2026-05-06 13:30:00+00:00
994.6900024414062,996.4849853515625,990.0,990.1300048828125,303027,2026-05-06 14:30:00+00:00
990.8429565429688,993.0,986.5599975585938,989.2100219726562,213126,2026-05-06 15:30:00+00:00
989.3198852539062,990.5999755859375,986.5900268554688,990.3250122070312,158433,2026-05-06 16:30:00+00:00
990.1596069335938,993.510009765625,989.9000244140625,992.2050170898438,187168,2026-05-06 17:30:00+00:00
992.0,994.469970703125,989.739990234375,993.7098999023438,182370,2026-05-06 18:30:00+00:00
993.27001953125,994.7999267578125,986.4500122070312,987.0499877929688,346861,2026-05-06 19:30:00+00:00
985.3699951171875,989.0,973.0,976.0599975585938,367941,2026-05-07 13:30:00+00:00
976.510009765625,981.5499877929688,973.7999877929688,973.9199829101562,259447,2026-05-07 14:30:00+00:00
973.7999877929688,974.4000244140625,967.0999755859375,971.530029296875,254460,2026-05-07 15:30:00+00:00
971.4199829101562,975.4299926757812,970.27001953125,972.719970703125,222093,2026-05-07 16:30:00+00:00
972.22998046875,979.5859985351562,970.75,977.8300170898438,166594,2026-05-07 17:30:00+00:00
977.02001953125,978.8699951171875,974.3200073242188,975.1400756835938,245036,2026-05-07 18:30:00+00:00
975.135009765625,975.719970703125,968.0,975.719970703125,391317,2026-05-07 19:30:00+00:00
974.0700073242188,980.0,951.0800170898438,957.52001953125,576309,2026-05-08 13:30:00+00:00
957.739990234375,964.6500244140625,954.0,954.9600219726562,278690,2026-05-08 14:30:00+00:00
954.9199829101562,957.3499755859375,947.510009765625,957.0250244140625,312518,2026-05-08 15:30:00+00:00
957.1699829101562,957.9149780273438,951.5900268554688,956.6500244140625,182295,2026-05-08 16:30:00+00:00
956.989990234375,959.0499877929688,951.5,951.590087890625,193123,2026-05-08 17:30:00+00:00
951.89501953125,953.8798828125,948.2849731445312,949.6400146484375,280662,2026-05-08 18:30:00+00:00
949.6400146484375,952.469970703125,947.530029296875,948.3699951171875,421405,2026-05-08 19:30:00+00:00
949.0,987.5,943.260009765625,987.5,786253,2026-05-11 13:30:00+00:00
987.1199951171875,995.0,985.1599731445312,985.5549926757812,468608,2026-05-11 14:30:00+00:00
985.5800170898438,986.02001953125,973.2000122070312,974.260009765625,241170,2026-05-11 15:30:00+00:00
974.489990234375,977.905029296875,970.1599731445312,970.969970703125,289442,2026-05-11 16:30:00+00:00
971.2000122070312,974.97998046875,965.2100219726562,966.5,177452,2026-05-11 17:30:00+00:00
966.7100219726562,968.8400268554688,965.469970703125,967.369873046875,175459,2026-05-11 18:30:00+00:00
966.9099731445312,968.75,965.0399780273438,967.1400146484375,280399,2026-05-11 19:30:00+00:00
974.4400024414062,990.9799194335938,971.1749877929688,985.9000244140625,544728,2026-05-12 13:30:00+00:00
984.6600952148438,996.8300170898438,981.030029296875,994.4349975585938,443187,2026-05-12 14:30:00+00:00
994.5,995.1500244140625,989.0,994.1500244140625,271903,2026-05-12 15:30:00+00:00
994.1300048828125,997.52001953125,991.780029296875,996.0999755859375,236741,2026-05-12 16:30:00+00:00
996.0800170898438,997.0399780273438,989.3599853515625,990.375,176163,2026-05-12 17:30:00+00:00
990.280029296875,993.0,988.0599975585938,990.4099731445312,226744,2026-05-12 18:30:00+00:00
989.8150024414062,992.8300170898438,988.3699951171875,990.0399780273438,330554,2026-05-12 19:30:00+00:00
994.75,1009.5,992.0,999.1900024414062,737134,2026-05-13 13:30:00+00:00
999.5399780273438,1005.75,996.010009765625,1005.0800170898438,443089,2026-05-13 14:30:00+00:00
1004.8599853515625,1008.1199951171875,999.0,1008.0999755859375,279863,2026-05-13 15:30:00+00:00
1008.0900268554688,1015.280029296875,1005.1500244140625,1015.1599731445312,371742,2026-05-13 16:30:00+00:00
1014.5100708007812,1022.8209838867188,1014.1199951171875,1019.1900024414062,345356,2026-05-13 17:30:00+00:00
1019.6500244140625,1022.0,1016.0399780273438,1017.8200073242188,269700,2026-05-13 18:30:00+00:00
1017.7100219726562,1018.030029296875,1013.9199829101562,1015.9400024414062,364672,2026-05-13 19:30:00+00:00
1017.489990234375,1018.1699829101562,996.010009765625,1005.5900268554688,427225,2026-05-14 13:30:00+00:00
1006.1799926757812,1009.1099853515625,1001.0,1002.1749877929688,166747,2026-05-14 14:30:00+00:00
1002.3300170898438,1008.510009765625,1001.489990234375,1005.6799926757812,149115,2026-05-14 15:30:00+00:00
1005.6699829101562,1010.97998046875,1004.9299926757812,1009.489990234375,124890,2026-05-14 16:30:00+00:00
1009.6199951171875,1010.8270263671875,1005.0,1005.219970703125,136372,2026-05-14 17:30:00+00:00
1005.2949829101562,1009.0,1004.5300903320312,1007.3800048828125,137473,2026-05-14 18:30:00+00:00
1007.280029296875,1008.739990234375,1005.2999877929688,1007.7949829101562,214865,2026-05-14 19:30:00+00:00
1004.969970703125,1014.3800048828125,1003.9199829101562,1010.49560546875,564944,2026-05-15 13:30:00+00:00
1011.3900146484375,1012.989990234375,1006.9099731445312,1008.969970703125,255834,2026-05-15 14:30:00+00:00
1009.489990234375,1009.8533325195312,1001.0,1004.4199829101562,140591,2026-05-15 15:30:00+00:00
1004.0,1004.6649780273438,998.4099731445312,1001.635009765625,185735,2026-05-15 16:30:00+00:00
1001.5150146484375,1002.8200073242188,998.6199951171875,1000.02001953125,118658,2026-05-15 17:30:00+00:00
999.9949951171875,1002.1898803710938,997.4099731445312,1000.0825805664062,178141,2026-05-15 18:30:00+00:00
999.469970703125,1006.4000244140625,999.0999755859375,1005.2100219726562,264780,2026-05-15 19:30:00+00:00
1000.6099853515625,1003.0,981.7000122070312,988.5499877929688,407362,2026-05-18 13:30:00+00:00
988.7823486328125,990.0,980.3262939453125,980.4581298828125,216254,2026-05-18 14:30:00+00:00
980.739990234375,989.6500244140625,978.8699951171875,989.3900146484375,185681,2026-05-18 15:30:00+00:00
989.6300048828125,993.280029296875,986.969970703125,992.6699829101562,152077,2026-05-18 16:30:00+00:00
992.6699829101562,992.8699951171875,984.9600219726562,986.27001953125,155733,2026-05-18 17:30:00+00:00
986.27001953125,986.4498901367188,980.8499755859375,982.8099975585938,244332,2026-05-18 18:30:00+00:00
982.9749755859375,989.7000122070312,981.9901123046875,988.1900024414062,241996,2026-05-18 19:30:00+00:00
989.510009765625,1014.89990234375,984.5999755859375,1010.3400268554688,838385,2026-05-19 13:30:00+00:00
1010.3400268554688,1021.583984375,1005.8200073242188,1014.4299926757812,403984,2026-05-19 14:30:00+00:00
1014.2999877929688,1014.5750122070312,1009.010009765625,1012.655029296875,225077,2026-05-19 15:30:00+00:00
1012.655029296875,1015.7000122070312,1010.0999755859375,1010.9500122070312,152077,2026-05-19 16:30:00+00:00
1010.9500122070312,1016.3599853515625,1010.0,1015.7098999023438,170594,2026-05-19 17:30:00+00:00
1015.510009765625,1017.4000244140625,1012.4100952148438,1015.3599853515625,242267,2026-05-19 18:30:00+00:00
1015.3699951171875,1021.6599731445312,1010.0900268554688,1021.4099731445312,500504,2026-05-19 19:30:00+00:00
1024.7349853515625,1037.8800048828125,1019.5,1024.25,658827,2026-05-20 13:30:00+00:00
1023.6799926757812,1027.5,1012.510009765625,1013.3499755859375,290157,2026-05-20 14:30:00+00:00
1013.760009765625,1014.3300170898438,1003.7100219726562,1005.8900146484375,253657,2026-05-20 15:30:00+00:00
1005.4600219726562,1009.8198852539062,1003.6900024414062,1009.0,137095,2026-05-20 16:30:00+00:00
1009.260009765625,1010.8099975585938,1005.8900146484375,1006.9600219726562,131879,2026-05-20 17:30:00+00:00
1007.0399780273438,1013.9500122070312,1006.1400146484375,1013.6099853515625,210478,2026-05-20 18:30:00+00:00
1013.8499755859375,1018.7100219726562,1013.6600952148438,1018.469970703125,346335,2026-05-20 19:30:00+00:00
1024.300048828125,1036.5179443359375,1022.0,1031.0799560546875,688355,2026-05-21 13:30:00+00:00
1030.587890625,1039.0,1030.280029296875,1035.280029296875,299029,2026-05-21 14:30:00+00:00
1035.280029296875,1043.3819580078125,1032.6199951171875,1039.64501953125,253628,2026-05-21 15:30:00+00:00
1039.64501953125,1045.81005859375,1036.510009765625,1041.031005859375,231778,2026-05-21 16:30:00+00:00
1041.2550048828125,1044.1500244140625,1037.3599853515625,1040.68994140625,187865,2026-05-21 17:30:00+00:00
1040.1800537109375,1046.4150390625,1039.760009765625,1043.0,226680,2026-05-21 18:30:00+00:00
1042.800048828125,1047.2950439453125,1040.760009765625,1041.6800537109375,399286,2026-05-21 19:30:00+00:00
1049.81005859375,1069.1099853515625,1047.0699462890625,1067.3299560546875,909039,2026-05-22 13:30:00+00:00
1066.93994140625,1067.4200439453125,1056.43994140625,1060.666015625,303228,2026-05-22 14:30:00+00:00
1060.7049560546875,1066.47998046875,1058.75,1064.56005859375,247273,2026-05-22 15:30:00+00:00
1064.7099609375,1064.989990234375,1060.2301025390625,1064.0799560546875,193081,2026-05-22 16:30:00+00:00
1064.0799560546875,1067.7049560546875,1062.739990234375,1065.0450439453125,228091,2026-05-22 17:30:00+00:00
1065.0450439453125,1069.300048828125,1063.2900390625,1068.760009765625,320220,2026-05-22 18:30:00+00:00
1068.864990234375,1070.33984375,1063.947509765625,1065.6500244140625,549076,2026-05-22 19:30:00+00:00
1075.0,1082.0,1060.3599853515625,1063.1500244140625,624562,2026-05-26 13:30:00+00:00
1063.199951171875,1079.300048828125,1062.5,1077.93994140625,401075,2026-05-26 14:30:00+00:00
1077.614990234375,1081.75,1074.5799560546875,1078.4300537109375,294265,2026-05-26 15:30:00+00:00
1078.75,1081.93994140625,1076.510009765625,1076.75,231729,2026-05-26 16:30:00+00:00
1076.75,1079.6650390625,1073.1510009765625,1074.8800048828125,170429,2026-05-26 17:30:00+00:00
1074.7099609375,1076.0799560546875,1070.510009765625,1072.27001953125,168714,2026-05-26 18:30:00+00:00
1072.27001953125,1074.2750244140625,1065.31005859375,1066.1800537109375,242758,2026-05-26 19:30:00+00:00
1072.260009765625,1092.489990234375,1069.9000244140625,1091.8050537109375,649674,2026-05-27 13:30:00+00:00
1091.9599609375,1093.0,1085.199951171875,1087.8258056640625,317454,2026-05-27 14:30:00+00:00
1087.5699462890625,1089.8699951171875,1084.550048828125,1087.5150146484375,205693,2026-05-27 15:30:00+00:00
1087.614990234375,1088.18994140625,1080.3900146484375,1080.739990234375,154753,2026-05-27 16:30:00+00:00
1080.699951171875,1085.8800048828125,1080.06005859375,1083.5,141104,2026-05-27 17:30:00+00:00
1083.2401123046875,1087.260009765625,1082.4000244140625,1087.1300048828125,178643,2026-05-27 18:30:00+00:00
1087.1600341796875,1088.0,1083.39501953125,1083.72998046875,306653,2026-05-27 19:30:00+00:00
1096.6400146484375,1145.4300537109375,1092.010009765625,1145.094970703125,1359425,2026-05-28 13:30:00+00:00
1145.4100341796875,1149.0999755859375,1126.0799560546875,1127.800048828125,723547,2026-05-28 14:30:00+00:00
1127.72998046875,1131.47802734375,1126.1500244140625,1127.739990234375,347702,2026-05-28 15:30:00+00:00
1127.7449951171875,1128.3699951171875,1116.52001953125,1122.344970703125,263383,2026-05-28 16:30:00+00:00
1122.375,1128.280029296875,1120.02001953125,1126.9344482421875,258597,2026-05-28 17:30:00+00:00
1126.93994140625,1132.739990234375,1125.5400390625,1129.0213623046875,412033,2026-05-28 18:30:00+00:00
1128.9599609375,1134.1298828125,1126.280029296875,1127.4599609375,515542,2026-05-28 19:30:00+00:00
1127.0,1132.6600341796875,1106.6500244140625,1112.1300048828125,566818,2026-05-29 13:30:00+00:00
1111.760009765625,1111.885009765625,1093.219970703125,1094.0,368491,2026-05-29 14:30:00+00:00
1094.0,1098.9100341796875,1090.0,1093.157470703125,272932,2026-05-29 15:30:00+00:00
1092.9949951171875,1098.0,1092.8050537109375,1093.31005859375,220998,2026-05-29 16:30:00+00:00
1093.7850341796875,1099.949951171875,1090.0999755859375,1090.9000244140625,365106,2026-05-29 17:30:00+00:00
1091.0699462890625,1102.969970703125,1089.0050048828125,1102.239990234375,372874,2026-05-29 18:30:00+00:00
1101.81005859375,1107.02001953125,1101.469970703125,1105.364990234375,436083,2026-05-29 19:30:00+00:00
1095.0,1106.1700439453125,1075.47998046875,1078.1099853515625,523705,2026-06-01 13:30:00+00:00
1078.43505859375,1082.599853515625,1074.489990234375,1076.0,309851,2026-06-01 14:30:00+00:00
1075.4100341796875,1081.7099609375,1071.5999755859375,1077.7099609375,239142,2026-06-01 15:30:00+00:00
1078.1199951171875,1078.446044921875,1073.010009765625,1075.75,195012,2026-06-01 16:30:00+00:00
1076.0150146484375,1085.7298583984375,1072.8800048828125,1084.3800048828125,228129,2026-06-01 17:30:00+00:00
1084.3800048828125,1086.010009765625,1078.300048828125,1081.7950439453125,230515,2026-06-01 18:30:00+00:00
1081.8199462890625,1083.72998046875,1076.010009765625,1082.0,314573,2026-06-01 19:30:00+00:00
1067.3699951171875,1078.219970703125,1052.1500244140625,1065.030029296875,499570,2026-06-02 13:30:00+00:00
1065.3299560546875,1074.369873046875,1062.0,1071.5999755859375,218782,2026-06-02 14:30:00+00:00
1071.0,1071.7049560546875,1065.06298828125,1067.0374755859375,165426,2026-06-02 15:30:00+00:00
1067.125,1068.85986328125,1063.5001220703125,1067.3499755859375,155736,2026-06-02 16:30:00+00:00
1067.4599609375,1068.98876953125,1062.8499755859375,1068.93505859375,210815,2026-06-02 17:30:00+00:00
1068.75,1072.3499755859375,1067.8599853515625,1070.344970703125,193582,2026-06-02 18:30:00+00:00
1070.35498046875,1070.5849609375,1063.5899658203125,1064.6300048828125,330595,2026-06-02 19:30:00+00:00
1059.5,1083.905029296875,1053.510009765625,1080.4901123046875,577712,2026-06-03 13:30:00+00:00
1080.489990234375,1088.6400146484375,1079.8199462890625,1085.56005859375,245112,2026-06-03 14:30:00+00:00
1085.7049560546875,1088.0,1083.0201416015625,1087.280029296875,147497,2026-06-03 15:30:00+00:00
1087.1060791015625,1088.7900390625,1085.2449951171875,1087.449951171875,130567,2026-06-03 16:30:00+00:00
1087.3929443359375,1093.2774658203125,1087.0009765625,1089.8800048828125,183956,2026-06-03 17:30:00+00:00
1089.8800048828125,1091.5,1084.6700439453125,1086.8499755859375,305827,2026-06-03 18:30:00+00:00
1086.844970703125,1087.0699462890625,1079.030029296875,1083.4599609375,380605,2026-06-03 19:30:00+00:00
1108.5999755859375,1130.0,1101.6199951171875,1125.4000244140625,1034151,2026-06-04 13:30:00+00:00
1126.1700439453125,1140.0,1126.0,1138.31494140625,522143,2026-06-04 14:30:00+00:00
1138.31494140625,1140.4599609375,1133.5,1138.175048828125,344664,2026-06-04 15:30:00+00:00
1138.0,1139.9000244140625,1132.1099853515625,1134.22998046875,233756,2026-06-04 16:30:00+00:00
1134.260009765625,1135.780029296875,1123.7401123046875,1127.2950439453125,319630,2026-06-04 17:30:00+00:00
1127.9000244140625,1129.0,1120.43994140625,1120.9000244140625,297374,2026-06-04 18:30:00+00:00
1120.780029296875,1128.0,1119.4000244140625,1125.3800048828125,429755,2026-06-04 19:30:00+00:00
1142.969970703125,1155.7398681640625,1135.300048828125,1152.5001220703125,1012951,2026-06-05 13:30:00+00:00
1153.3399658203125,1166.2900390625,1153.3199462890625,1164.0150146484375,635819,2026-06-05 14:30:00+00:00
1163.8599853515625,1164.5399169921875,1149.0,1155.7349853515625,465653,2026-06-05 15:30:00+00:00
1155.4849853515625,1155.5050048828125,1146.35009765625,1147.7750244140625,265022,2026-06-05 16:30:00+00:00
1147.81005859375,1149.0,1141.8299560546875,1143.4598388671875,292990,2026-06-05 17:30:00+00:00
1143.9300537109375,1147.219970703125,1134.3089599609375,1135.7349853515625,390270,2026-06-05 18:30:00+00:00
1135.72998046875,1136.957763671875,1131.030029296875,1132.530029296875,425905,2026-06-05 19:30:00+00:00
1159.0,1182.72998046875,1150.8499755859375,1176.1600341796875,1267963,2026-06-08 13:30:00+00:00
1176.1600341796875,1176.1600341796875,1161.0,1166.5400390625,422572,2026-06-08 14:30:00+00:00
1165.7099609375,1167.010009765625,1158.0,1159.260009765625,310102,2026-06-08 15:30:00+00:00
1158.875,1161.989990234375,1154.090087890625,1158.68994140625,236382,2026-06-08 16:30:00+00:00
1158.6500244140625,1163.31005859375,1154.10009765625,1156.4000244140625,455224,2026-06-08 17:30:00+00:00
1156.489990234375,1159.989990234375,1148.6199951171875,1149.6500244140625,466337,2026-06-08 18:30:00+00:00
1149.5,1152.0999755859375,1143.594970703125,1148.5699462890625,535983,2026-06-08 19:30:00+00:00
1165.0,1174.594970703125,1146.012939453125,1161.18994140625,703372,2026-06-09 13:30:00+00:00
1162.1700439453125,1166.3499755859375,1153.0,1154.10498046875,389759,2026-06-09 14:30:00+00:00
1154.10498046875,1157.4000244140625,1142.7501220703125,1144.1400146484375,427379,2026-06-09 15:30:00+00:00
1143.9925537109375,1145.8399658203125,1137.7530517578125,1142.9599609375,492879,2026-06-09 16:30:00+00:00
1142.9000244140625,1151.6300048828125,1142.8748779296875,1150.22998046875,252396,2026-06-09 17:30:00+00:00
1150.5050048828125,1152.9100341796875,1146.7000732421875,1147.3800048828125,285090,2026-06-09 18:30:00+00:00
1147.4100341796875,1147.425048828125,1138.030029296875,1143.8599853515625,631173,2026-06-09 19:30:00+00:00
1152.5,1158.5,1138.0,1157.2550048828125,597951,2026-06-10 13:30:00+00:00
1156.550048828125,1166.4150390625,1152.1300048828125,1159.1949462890625,391055,2026-06-10 14:30:00+00:00
1158.47998046875,1159.9796142578125,1140.229736328125,1148.6199951171875,299014,2026-06-10 15:30:00+00:00
1148.75,1150.469970703125,1133.530029296875,1139.75,197640,2026-06-10 16:30:00+00:00
1139.60498046875,1140.909912109375,1134.530029296875,1137.52001953125,188283,2026-06-10 17:30:00+00:00
1137.260009765625,1140.5150146484375,1136.300048828125,1136.68994140625,234408,2026-06-10 18:30:00+00:00
1136.699951171875,1140.8199462890625,1136.0,1136.5899658203125,313751,2026-06-10 19:30:00+00:00
1139.7099609375,1154.179931640625,1125.6400146484375,1153.469970703125,445703,2026-06-11 13:30:00+00:00
1153.3599853515625,1170.1199951171875,1148.81005859375,1163.3299560546875,540127,2026-06-11 14:30:00+00:00
1162.97998046875,1167.260009765625,1159.9000244140625,1160.6300048828125,217972,2026-06-11 15:30:00+00:00
1160.260009765625,1162.30712890625,1152.760009765625,1162.199951171875,172226,2026-06-11 16:30:00+00:00
1162.675048828125,1168.780517578125,1159.9150390625,1164.260009765625,193985,2026-06-11 17:30:00+00:00
1164.25,1169.5899658203125,1162.8199462890625,1166.8050537109375,220476,2026-06-11 18:30:00+00:00
1167.3800048828125,1169.780029296875,1159.5849609375,1160.2900390625,318758,2026-06-11 19:30:00+00:00
1165.0,1169.989990234375,1146.3126220703125,1149.626953125,438734,2026-06-12 13:30:00+00:00
1149.510009765625,1156.5899658203125,1146.31005859375,1147.56005859375,298407,2026-06-12 14:30:00+00:00
1147.4000244140625,1150.239990234375,1143.010009765625,1143.3699951171875,177496,2026-06-12 15:30:00+00:00
1142.81005859375,1146.85986328125,1142.510009765625,1144.8299560546875,179122,2026-06-12 16:30:00+00:00
1144.5999755859375,1146.3099365234375,1139.510009765625,1140.199951171875,158578,2026-06-12 17:30:00+00:00
1139.905029296875,1141.8299560546875,1134.5999755859375,1135.4449462890625,220568,2026-06-12 18:30:00+00:00
1135.2099609375,1139.931884765625,1132.81005859375,1133.0,474700,2026-06-12 19:30:00+00:00
1134.0,1134.8199462890625,1112.010009765625,1129.5400390625,637717,2026-06-15 13:30:00+00:00
1129.7850341796875,1137.4923095703125,1125.8900146484375,1133.300048828125,348243,2026-06-15 14:30:00+00:00
1133.2149658203125,1134.14501953125,1126.2750244140625,1127.7950439453125,228259,2026-06-15 15:30:00+00:00
1127.9100341796875,1132.4100341796875,1127.0,1129.9849853515625,200476,2026-06-15 16:30:00+00:00
1130.0,1130.9300537109375,1123.5999755859375,1126.10498046875,219990,2026-06-15 17:30:00+00:00
1126.1099853515625,1131.9649658203125,1123.22998046875,1126.77001953125,221531,2026-06-15 18:30:00+00:00
1126.510009765625,1131.8800048828125,1123.489990234375,1130.655029296875,442744,2026-06-15 19:30:00+00:00
1138.8199462890625,1146.68505859375,1115.5,1129.75,464778,2026-06-16 13:30:00+00:00
1129.3199462890625,1133.699951171875,1122.68994140625,1125.0250244140625,192141,2026-06-16 14:30:00+00:00
1124.6099853515625,1131.77001953125,1124.5999755859375,1129.4150390625,153221,2026-06-16 15:30:00+00:00
1128.989990234375,1130.199951171875,1126.6099853515625,1128.77001953125,126767,2026-06-16 16:30:00+00:00
1128.77001953125,1130.22998046875,1127.3699951171875,1128.1199951171875,132532,2026-06-16 17:30:00+00:00
1128.050048828125,1128.3199462890625,1118.3299560546875,1119.1500244140625,270014,2026-06-16 18:30:00+00:00
1118.8199462890625,1124.77001953125,1118.280029296875,1123.1099853515625,327034,2026-06-16 19:30:00+00:00
1116.699951171875,1121.2847900390625,1104.9024658203125,1114.1600341796875,355940,2026-06-17 13:30:00+00:00
1114.4949951171875,1121.489990234375,1113.530029296875,1118.3800048828125,264966,2026-06-17 14:30:00+00:00
1118.5400390625,1119.239990234375,1113.4100341796875,1114.969970703125,168459,2026-06-17 15:30:00+00:00
1115.385009765625,1118.62646484375,1113.300048828125,1114.5050048828125,193554,2026-06-17 16:30:00+00:00
1114.5699462890625,1118.010009765625,1110.0101318359375,1114.510009765625,213267,2026-06-17 17:30:00+00:00
1114.2099609375,1115.58447265625,1109.4100341796875,1110.239990234375,307562,2026-06-17 18:30:00+00:00
1110.1199951171875,1113.4100341796875,1107.3199462890625,1111.6600341796875,334242,2026-06-17 19:30:00+00:00
1120.489990234375,1122.3299560546875,1099.25,1100.8499755859375,1054874,2026-06-18 13:30:00+00:00
1101.9000244140625,1101.9000244140625,1088.655029296875,1092.5,396860,2026-06-18 14:30:00+00:00
1092.510009765625,1096.8499755859375,1089.780029296875,1095.9150390625,229639,2026-06-18 15:30:00+00:00
1095.6099853515625,1102.9998779296875,1095.4801025390625,1102.0849609375,175263,2026-06-18 16:30:00+00:00
1102.3299560546875,1103.6800537109375,1099.300048828125,1103.449951171875,151472,2026-06-18 17:30:00+00:00
1102.8800048828125,1104.5,1098.0,1098.6300048828125,250079,2026-06-18 18:30:00+00:00
1098.780029296875,1102.5999755859375,1094.8299560546875,1098.02001953125,510261,2026-06-18 19:30:00+00:00
1112.239990234375,1119.449951171875,1095.22998046875,1099.3349609375,440760,2026-06-22 13:30:00+00:00
1099.0301513671875,1106.81005859375,1093.1500244140625,1095.7950439453125,276491,2026-06-22 14:30:00+00:00
1095.9749755859375,1112.3299560546875,1095.51904296875,1109.66748046875,221330,2026-06-22 15:30:00+00:00
1109.6800537109375,1114.1199951171875,1108.0899658203125,1108.85498046875,194129,2026-06-22 16:30:00+00:00
1109.1175537109375,1111.760009765625,1106.300048828125,1106.8199462890625,303379,2026-06-22 17:30:00+00:00
1107.010009765625,1107.3199462890625,1102.1600341796875,1102.3924560546875,252873,2026-06-22 18:30:00+00:00
1102.1800537109375,1108.3499755859375,1102.06005859375,1103.68994140625,471524,2026-06-22 19:30:00+00:00
1117.0,1122.02001953125,1100.550048828125,1107.199951171875,505236,2026-06-23 13:30:00+00:00
1107.6700439453125,1107.8349609375,1079.219970703125,1097.8399658203125,384289,2026-06-23 14:30:00+00:00
1098.22998046875,1101.199951171875,1092.280029296875,1099.8299560546875,244022,2026-06-23 15:30:00+00:00
1100.2850341796875,1106.27099609375,1099.56005859375,1105.1300048828125,401449,2026-06-23 16:30:00+00:00
1105.4000244140625,1112.5,1104.635009765625,1108.800048828125,339395,2026-06-23 17:30:00+00:00
1108.469970703125,1117.52001953125,1105.300048828125,1110.31005859375,355121,2026-06-23 18:30:00+00:00
1110.6199951171875,1111.6700439453125,1107.0,1107.8299560546875,444645,2026-06-23 19:30:00+00:00
1129.4100341796875,1135.1400146484375,1110.010009765625,1113.199951171875,642590,2026-06-24 13:30:00+00:00
1113.1400146484375,1114.0799560546875,1105.31005859375,1108.97998046875,209542,2026-06-24 14:30:00+00:00
1109.0400390625,1114.510009765625,1103.3499755859375,1109.4200439453125,164467,2026-06-24 15:30:00+00:00
1109.5799560546875,1111.75,1103.1600341796875,1103.4200439453125,166643,2026-06-24 16:30:00+00:00
1103.375,1111.8099365234375,1100.97998046875,1111.114990234375,172449,2026-06-24 17:30:00+00:00
1111.469970703125,1115.969970703125,1111.469970703125,1113.3599853515625,304331,2026-06-24 18:30:00+00:00
1113.3599853515625,1118.0,1110.375,1117.949951171875,382501,2026-06-24 19:30:00+00:00
1126.989990234375,1133.030029296875,1114.0,1128.6650390625,475449,2026-06-25 13:30:00+00:00
1128.6650390625,1145.4300537109375,1126.405029296875,1137.3299560546875,353195,2026-06-25 14:30:00+00:00
1137.4024658203125,1142.0,1130.0,1130.06005859375,222349,2026-06-25 15:30:00+00:00
1130.06005859375,1131.2900390625,1122.969970703125,1123.6700439453125,157078,2026-06-25 16:30:00+00:00
1123.719970703125,1126.3299560546875,1115.4100341796875,1125.6199951171875,186431,2026-06-25 17:30:00+00:00
1125.6099853515625,1134.989990234375,1125.199951171875,1132.8800048828125,344972,2026-06-25 18:30:00+00:00
1132.469970703125,1136.739990234375,1126.0699462890625,1129.300048828125,447687,2026-06-25 19:30:00+00:00
1128.800048828125,1200.550048828125,1128.0,1192.300048828125,1362419,2026-06-26 13:30:00+00:00
1192.6600341796875,1199.8800048828125,1180.4000244140625,1189.780029296875,1047477,2026-06-26 14:30:00+00:00
1189.8299560546875,1207.5889892578125,1189.280029296875,1199.050048828125,795228,2026-06-26 15:30:00+00:00
1198.64501953125,1208.1800537109375,1197.5699462890625,1202.8900146484375,308613,2026-06-26 16:30:00+00:00
1202.9599609375,1210.8798828125,1200.0,1207.72998046875,425327,2026-06-26 17:30:00+00:00
1207.8800048828125,1210.43994140625,1200.8900146484375,1208.699951171875,509659,2026-06-26 18:30:00+00:00
1208.6400146484375,1215.760009765625,1205.0799560546875,1206.4599609375,808062,2026-06-26 19:30:00+00:00
1222.780029296875,1238.0,1216.0,1222.43505859375,929379,2026-06-29 13:30:00+00:00
1222.010009765625,1231.0999755859375,1204.0,1207.2900390625,562395,2026-06-29 14:30:00+00:00
1206.8050537109375,1218.7099609375,1203.14306640625,1216.1300048828125,305717,2026-06-29 15:30:00+00:00
1216.06005859375,1218.06005859375,1210.4300537109375,1212.86083984375,160391,2026-06-29 16:30:00+00:00
1213.18505859375,1228.0,1212.3299560546875,1225.1817626953125,209335,2026-06-29 17:30:00+00:00
1226.0,1234.0,1220.0,1228.97998046875,376157,2026-06-29 18:30:00+00:00
1229.1400146484375,1230.83984375,1224.760009765625,1229.050048828125,351536,2026-06-29 19:30:00+00:00
1228.8800048828125,1230.050048828125,1190.199951171875,1190.68505859375,659601,2026-06-30 13:30:00+00:00
1190.699951171875,1217.6500244140625,1190.668212890625,1211.687255859375,412164,2026-06-30 14:30:00+00:00
1211.8050537109375,1212.2698974609375,1207.0,1209.469970703125,209162,2026-06-30 15:30:00+00:00
1209.4749755859375,1214.349853515625,1208.0,1213.280029296875,199383,2026-06-30 16:30:00+00:00
1213.280029296875,1216.260009765625,1208.0,1210.0350341796875,215480,2026-06-30 17:30:00+00:00
1210.3800048828125,1213.68994140625,1209.0,1210.9949951171875,258573,2026-06-30 18:30:00+00:00
1211.1099853515625,1211.219970703125,1199.1099853515625,1199.3800048828125,476189,2026-06-30 19:30:00+00:00
1217.5050048828125,1217.5050048828125,1181.800048828125,1191.81005859375,474548,2026-07-01 13:30:00+00:00
1191.489990234375,1192.7054443359375,1180.010009765625,1185.9100341796875,278895,2026-07-01 14:30:00+00:00
1185.8800048828125,1194.0250244140625,1185.0,1191.949951171875,207335,2026-07-01 15:30:00+00:00
1192.0,1192.889892578125,1180.6900634765625,1181.2850341796875,152033,2026-07-01 16:30:00+00:00
1181.2850341796875,1184.9100341796875,1173.9300537109375,1181.18994140625,288208,2026-07-01 17:30:00+00:00
1181.18994140625,1187.0,1180.949951171875,1185.5799560546875,221673,2026-07-01 18:30:00+00:00
1186.449951171875,1193.8299560546875,1184.22998046875,1192.1800537109375,307851,2026-07-01 19:30:00+00:00
1193.010009765625,1224.8299560546875,1180.300048828125,1223.5450439453125,511097,2026-07-02 13:30:00+00:00
1224.458251953125,1232.0,1215.52001953125,1218.16259765625,401253,2026-07-02 14:30:00+00:00
1218.010009765625,1218.2850341796875,1203.3699951171875,1208.7049560546875,231756,2026-07-02 15:30:00+00:00
1208.905029296875,1209.949951171875,1204.0,1206.5,183347,2026-07-02 16:30:00+00:00
1206.0699462890625,1211.9208984375,1205.405029296875,1211.02001953125,186710,2026-07-02 17:30:00+00:00
1211.030029296875,1213.375,1207.050048828125,1207.1600341796875,262759,2026-07-02 18:30:00+00:00
1207.0,1212.6300048828125,1202.6478271484375,1210.47998046875,481296,2026-07-02 19:30:00+00:00
1208.0,1213.7900390625,1183.3399658203125,1204.9200439453125,527262,2026-07-06 13:30:00+00:00
1204.6600341796875,1207.97998046875,1196.0,1202.969970703125,225406,2026-07-06 14:30:00+00:00
1202.9549560546875,1204.77001953125,1194.0999755859375,1202.1500244140625,169443,2026-07-06 15:30:00+00:00
1201.6099853515625,1209.3299560546875,1201.010009765625,1207.969970703125,137286,2026-07-06 16:30:00+00:00
1207.7784423828125,1210.7049560546875,1204.2099609375,1205.43505859375,157374,2026-07-06 17:30:00+00:00
1205.43505859375,1207.5999755859375,1202.510009765625,1205.5650634765625,231325,2026-07-06 18:30:00+00:00
1205.6949462890625,1208.199951171875,1198.719970703125,1202.56005859375,300770,2026-07-06 19:30:00+00:00
1232.8800048828125,1249.449951171875,1222.77001953125,1238.4539794921875,834607,2026-07-07 13:30:00+00:00
1237.125,1241.81005859375,1230.9100341796875,1234.1400146484375,364825,2026-07-07 14:30:00+00:00
1235.25,1238.0,1227.3299560546875,1229.9725341796875,213410,2026-07-07 15:30:00+00:00
1230.0,1234.0,1227.5,1231.06005859375,167254,2026-07-07 16:30:00+00:00
1231.06005859375,1234.7349853515625,1228.090087890625,1234.574951171875,146567,2026-07-07 17:30:00+00:00
1234.574951171875,1236.5550537109375,1232.125,1234.530029296875,314043,2026-07-07 18:30:00+00:00
1234.5400390625,1237.64990234375,1231.5101318359375,1235.6400146484375,319854,2026-07-07 19:30:00+00:00
1221.094970703125,1232.9100341796875,1204.1600341796875,1228.5450439453125,568678,2026-07-08 13:30:00+00:00
1227.2650146484375,1241.8900146484375,1225.050048828125,1226.8699951171875,336448,2026-07-08 14:30:00+00:00
1227.34326171875,1234.550048828125,1224.655029296875,1232.1300048828125,188100,2026-07-08 15:30:00+00:00
1232.175048828125,1234.5,1222.469970703125,1224.5150146484375,195566,2026-07-08 16:30:00+00:00
1224.6600341796875,1227.5,1219.0,1226.0,189902,2026-07-08 17:30:00+00:00
1225.6624755859375,1228.0799560546875,1217.06005859375,1217.06005859375,232281,2026-07-08 18:30:00+00:00
1217.2900390625,1220.6099853515625,1214.219970703125,1215.8699951171875,397232,2026-07-08 19:30:00+00:00
1211.6400146484375,1230.0,1210.1099853515625,1219.3499755859375,344384,2026-07-09 13:30:00+00:00
1219.300048828125,1220.4599609375,1210.47998046875,1211.5250244140625,154879,2026-07-09 14:30:00+00:00
1210.7900390625,1212.93994140625,1200.3699951171875,1204.239990234375,214616,2026-07-09 15:30:00+00:00
1203.72998046875,1215.530029296875,1201.0,1214.280029296875,226653,2026-07-09 16:30:00+00:00
1214.2349853515625,1217.6600341796875,1212.050048828125,1213.4449462890625,131660,2026-07-09 17:30:00+00:00
1213.25,1213.7852783203125,1208.1600341796875,1213.699951171875,160289,2026-07-09 18:30:00+00:00
1213.800048828125,1218.25,1208.630126953125,1216.699951171875,278070,2026-07-09 19:30:00+00:00
1210.31005859375,1212.9599609375,1178.3199462890625,1191.949951171875,474641,2026-07-10 13:30:00+00:00
1192.625,1193.1700439453125,1184.06005859375,1187.239990234375,214164,2026-07-10 14:30:00+00:00
1187.1199951171875,1190.489990234375,1180.219970703125,1184.364990234375,225745,2026-07-10 15:30:00+00:00
1184.473876953125,1187.739990234375,1180.2000732421875,1183.4100341796875,188917,2026-07-10 16:30:00+00:00
1183.300048828125,1188.099853515625,1182.0400390625,1185.522705078125,139210,2026-07-10 17:30:00+00:00
1187.219970703125,1192.489990234375,1186.1700439453125,1192.119873046875,135166,2026-07-10 18:30:00+00:00
1191.864990234375,1193.0,1186.3599853515625,1188.25,219671,2026-07-10 19:30:00+00:00
1180.1099853515625,1196.2900390625,1166.010009765625,1182.2049560546875,440263,2026-07-13 13:30:00+00:00
1182.2049560546875,1189.9422607421875,1181.489990234375,1189.760009765625,159813,2026-07-13 14:30:00+00:00
1189.6650390625,1192.5350341796875,1186.4599609375,1187.760009765625,150949,2026-07-13 15:30:00+00:00
1187.52001953125,1192.0899658203125,1187.47998046875,1190.22998046875,97130,2026-07-13 16:30:00+00:00
1190.2249755859375,1191.364990234375,1181.0001220703125,1186.5810546875,150984,2026-07-13 17:30:00+00:00
1186.7249755859375,1190.75,1185.6300048828125,1187.97998046875,141665,2026-07-13 18:30:00+00:00
1188.2099609375,1190.1500244140625,1182.760009765625,1184.8399658203125,387775,2026-07-13 19:30:00+00:00
1166.010009765625,1166.010009765625,1140.739990234375,1147.7850341796875,685422,2026-07-14 13:30:00+00:00
1147.780029296875,1153.81005859375,1146.0400390625,1153.18994140625,281459,2026-07-14 14:30:00+00:00
1153.0,1157.8699951171875,1151.0,1151.6199951171875,182235,2026-07-14 15:30:00+00:00
1151.9300537109375,1158.239990234375,1150.18994140625,1156.9599609375,123466,2026-07-14 16:30:00+00:00
1157.0400390625,1158.22998046875,1154.320068359375,1154.8299560546875,127217,2026-07-14 17:30:00+00:00
1154.614990234375,1156.094970703125,1152.5,1154.3902587890625,175871,2026-07-14 18:30:00+00:00
1154.1700439453125,1160.1400146484375,1152.6500244140625,1153.5799560546875,439563,2026-07-14 19:30:00+00:00
1145.5,1150.050048828125,1134.4000244140625,1140.6199951171875,528604,2026-07-15 13:30:00+00:00
1140.6199951171875,1145.375,1137.31005859375,1140.1700439453125,236900,2026-07-15 14:30:00+00:00
1140.989990234375,1149.0,1138.8800048828125,1139.2099609375,161683,2026-07-15 15:30:00+00:00
1139.5400390625,1146.5699462890625,1138.5,1145.27001953125,182139,2026-07-15 16:30:00+00:00
1145.60498046875,1156.4000244140625,1145.5050048828125,1156.0,173258,2026-07-15 17:30:00+00:00
1156.18994140625,1160.8199462890625,1154.2088623046875,1155.35498046875,194535,2026-07-15 18:30:00+00:00
1155.2249755859375,1156.93994140625,1152.1800537109375,1156.6064453125,255220,2026-07-15 19:30:00+00:00
1162.27001953125,1179.529296875,1141.199951171875,1176.199951171875,446233,2026-07-16 13:30:00+00:00
1176.22998046875,1189.0699462890625,1169.1099853515625,1186.3299560546875,343865,2026-07-16 14:30:00+00:00
1187.0400390625,1187.6600341796875,1173.8800048828125,1176.3800048828125,317961,2026-07-16 15:30:00+00:00
1177.3101806640625,1177.874755859375,1168.0,1171.969970703125,196378,2026-07-16 16:30:00+00:00
1171.9849853515625,1177.4300537109375,1170.4000244140625,1171.425048828125,165957,2026-07-16 17:30:00+00:00
1171.43505859375,1174.8900146484375,1163.2490234375,1167.39501953125,254809,2026-07-16 18:30:00+00:00
1167.449951171875,1175.22998046875,1165.5699462890625,1169.699951171875,433769,2026-07-16 19:30:00+00:00
1159.4449462890625,1186.169921875,1151.010009765625,1184.2900390625,711155,2026-07-17 13:30:00+00:00
1184.3800048828125,1187.800048828125,1178.489990234375,1187.780029296875,215431,2026-07-17 14:30:00+00:00
1187.4300537109375,1187.949951171875,1177.0,1178.344970703125,319352,2026-07-17 15:30:00+00:00
1178.3199462890625,1180.77001953125,1175.405029296875,1175.4200439453125,143586,2026-07-17 16:30:00+00:00
1175.260009765625,1177.280029296875,1171.60009765625,1172.97998046875,270181,2026-07-17 17:30:00+00:00
1172.8499755859375,1178.22998046875,1171.949951171875,1176.0098876953125,171134,2026-07-17 18:30:00+00:00
1175.625,1179.8900146484375,1172.989990234375,1178.5799560546875,332036,2026-07-17 19:30:00+00:00
1179.6500244140625,1187.1199951171875,1165.4599609375,1172.9849853515625,420607,2026-07-20 13:30:00+00:00
1172.97998046875,1182.9599609375,1171.9300537109375,1172.625,189272,2026-07-20 14:30:00+00:00
1172.6199951171875,1173.5,1163.1700439453125,1167.8900146484375,208164,2026-07-20 15:30:00+00:00
1167.43994140625,1169.4100341796875,1162.3499755859375,1162.989990234375,128047,2026-07-20 16:30:00+00:00
1162.844970703125,1164.050048828125,1154.030029296875,1155.9100341796875,204405,2026-07-20 17:30:00+00:00
1155.719970703125,1159.02001953125,1151.5899658203125,1151.9599609375,288504,2026-07-20 18:30:00+00:00
1152.0050048828125,1153.27001953125,1144.4300537109375,1146.8499755859375,358444,2026-07-20 19:30:00+00:00
1143.0,1167.3599853515625,1139.0,1162.469482421875,371632,2026-07-21 13:30:00+00:00
1162.1400146484375,1165.030029296875,1157.5699462890625,1164.0799560546875,186018,2026-07-21 14:30:00+00:00
1164.239990234375,1164.239990234375,1160.3199462890625,1162.6099853515625,136233,2026-07-21 15:30:00+00:00
1162.4100341796875,1164.699951171875,1158.0,1162.119873046875,172178,2026-07-21 16:30:00+00:00
1161.72998046875,1165.6300048828125,1158.8399658203125,1163.8900146484375,119977,2026-07-21 17:30:00+00:00
1164.81005859375,1167.5,1162.06005859375,1166.074951171875,151352,2026-07-21 18:30:00+00:00
1166.0799560546875,1177.5799560546875,1165.85498046875,1175.1500244140625,285552,2026-07-21 19:30:00+00:00
1173.905029296875,1175.0,1155.1400146484375,1158.719970703125,244469,2026-07-22 13:30:00+00:00
1159.1500244140625,1166.68994140625,1157.3900146484375,1165.9599609375,188311,2026-07-22 14:30:00+00:00
1165.75,1168.9698486328125,1164.449951171875,1164.9549560546875,120893,2026-07-22 15:30:00+00:00
1164.9549560546875,1165.7900390625,1160.949951171875,1162.9100341796875,118001,2026-07-22 16:30:00+00:00
1162.219970703125,1164.8349609375,1161.0001220703125,1162.47998046875,84827,2026-07-22 17:30:00+00:00
1162.8050537109375,1162.8050537109375,1154.02001953125,1155.02001953125,164568,2026-07-22 18:30:00+00:00
1155.3800048828125,1164.81005859375,1153.5,1163.010009765625,240564,2026-07-22 19:30:00+00:00
1146.614990234375,1176.1199951171875,1141.780029296875,1176.1199951171875,371258,2026-07-23 13:30:00+00:00
1176.0999755859375,1188.8699951171875,1175.1710205078125,1185.2550048828125,259960,2026-07-23 14:30:00+00:00
1185.2550048828125,1188.97998046875,1180.699951171875,1182.5389404296875,168649,2026-07-23 15:30:00+00:00
1182.074951171875,1188.8499755859375,1179.7801513671875,1188.614990234375,127645,2026-07-23 16:30:00+00:00
1188.8399658203125,1189.5899658203125,1180.02001953125,1181.675048828125,126134,2026-07-23 17:30:00+00:00
1181.6700439453125,1184.5,1179.719970703125,1182.1800537109375,109793,2026-07-23 18:30:00+00:00
1182.3900146484375,1186.3699951171875,1178.449951171875,1185.0699462890625,254750,2026-07-23 19:30:00+00:00
1194.3499755859375,1206.93994140625,1187.498291015625,1203.0999755859375,480670,2026-07-24 13:30:00+00:00
1202.5001220703125,1204.949951171875,1193.3399658203125,1199.114990234375,251543,2026-07-24 14:30:00+00:00
1198.949951171875,1203.449951171875,1197.469970703125,1202.2900390625,176024,2026-07-24 15:30:00+00:00
1202.3399658203125,1202.8499755859375,1200.1800537109375,1201.22998046875,112405,2026-07-24 16:30:00+00:00
1201.1400146484375,1201.2900390625,1192.425048828125,1193.4649658203125,148956,2026-07-24 17:30:00+00:00
1193.558837890625,1193.9100341796875,1190.0201416015625,1192.2900390625,153642,2026-07-24 18:30:00+00:00
1192.2900390625,1196.93994140625,1191.09326171875,1196.0400390625,267802,2026-07-24 19:30:00+00:00
1201.0,1204.97998046875,1183.4454345703125,1201.550048828125,270696,2026-07-27 13:30:00+00:00
1201.5400390625,1204.1600341796875,1195.06005859375,1199.4200439453125,267109,2026-07-27 14:30:00+00:00
1198.5,1200.22998046875,1196.0999755859375,1198.1800537109375,98062,2026-07-27 15:30:00+00:00
1198.56005859375,1199.81005859375,1195.4300537109375,1197.530029296875,96152,2026-07-27 16:30:00+00:00
1197.5250244140625,1200.739990234375,1194.22998046875,1199.010009765625,99945,2026-07-27 17:30:00+00:00
1199.0799560546875,1200.9100341796875,1197.02001953125,1199.75,92134,2026-07-27 18:30:00+00:00
1199.510009765625,1200.5400390625,1196.3199462890625,1197.875,178053,2026-07-27 19:30:00+00:00
1217.5999755859375,1230.27001953125,1205.010009765625,1227.27001953125,551551,2026-07-28 13:30:00+00:00
1226.875,1232.0,1218.56005859375,1219.6199951171875,289918,2026-07-28 14:30:00+00:00
1219.93505859375,1220.885986328125,1214.25,1218.375,140003,2026-07-28 15:30:00+00:00
1218.1800537109375,1222.719970703125,1217.2977294921875,1220.7349853515625,153282,2026-07-28 16:30:00+00:00
1220.7249755859375,1224.22998046875,1217.27001953125,1219.2049560546875,155510,2026-07-28 17:30:00+00:00
1219.1099853515625,1226.18994140625,1218.989990234375,1225.3599853515625,173956,2026-07-28 18:30:00+00:00
1225.35498046875,1227.43994140625,1220.5999755859375,1222.6500244140625,327130,2026-07-28 19:30:00+00:00
1215.1800537109375,1227.9599609375,1211.010009765625,1224.0799560546875,361901,2026-07-29 13:30:00+00:00
1223.6099853515625,1227.9100341796875,1219.67333984375,1222.9599609375,195398,2026-07-29 14:30:00+00:00
1222.9549560546875,1229.18994140625,1216.6099853515625,1217.77001953125,144776,2026-07-29 15:30:00+00:00
1217.77001953125,1221.989990234375,1215.5,1219.6650390625,133314,2026-07-29 16:30:00+00:00
1219.655029296875,1221.6800537109375,1212.77001953125,1218.760009765625,195587,2026-07-29 17:30:00+00:00
1219.0,1221.239990234375,1210.7750244140625,1211.0,173012,2026-07-29 18:30:00+00:00
1210.8499755859375,1215.4599609375,1204.800048828125,1210.719970703125,365626,2026-07-29 19:30:00+00:00
1174.030029296875,1186.6500244140625,1158.0,1159.1800537109375,677767,2026-07-30 13:30:00+00:00
1159.489990234375,1165.550048828125,1155.720458984375,1158.3399658203125,352125,2026-07-30 14:30:00+00:00
1158.239990234375,1164.739990234375,1155.489990234375,1164.6400146484375,285008,2026-07-30 15:30:00+00:00
1164.6199951171875,1167.5799560546875,1159.27001953125,1161.5699462890625,209742,2026-07-30 16:30:00+00:00
1161.4150390625,1164.8275146484375,1159.5616455078125,1164.550048828125,198894,2026-07-30 17:30:00+00:00
1164.3699951171875,1164.6700439453125,1158.1300048828125,1158.31005859375,238356,2026-07-30 18:30:00+00:00
1158.2325439453125,1159.8299560546875,1154.199951171875,1155.4200439453125,514443,2026-07-30 19:30:00+00:00
1148.510009765625,1148.97998046875,1119.0,1126.010009765625,687219,2026-07-31 13:30:00+00:00
1125.8499755859375,1143.5,1125.6700439453125,1143.0,340300,2026-07-31 14:30:00+00:00
1143.0,1145.0,1141.1600341796875,1143.4100341796875,174250,2026-07-31 15:30:00+00:00
1143.39013671875,1146.1400146484375,1141.760009765625,1145.655029296875,245725,2026-07-31 16:30:00+00:00
1145.844970703125,1147.1199951171875,1141.6800537109375,1143.8599853515625,200049,2026-07-31 17:30:00+00:00
1143.85498046875,1149.0,1142.85498046875,1148.239990234375,258779,2026-07-31 18:30:00+00:00
1148.1800537109375,1150.6300048828125,1146.25,1148.050048828125,383052,2026-07-31 19:30:00+00:00
1152.0,1161.9403076171875,1109.1500244140625,1122.239990234375,710906,2026-08-03 13:30:00+00:00
1122.2449951171875,1126.6700439453125,1115.010009765625,1115.27001953125,351260,2026-08-03 14:30:00+00:00
1115.5,1121.489990234375,1110.27001953125,1114.1134033203125,273393,2026-08-03 15:30:00+00:00
1114.469970703125,1118.1500244140625,1112.5699462890625,1114.739990234375,148356,2026-08-03 16:30:00+00:00
1114.7449951171875,1120.6861572265625,1114.699951171875,1117.0699462890625,308074,2026-08-03 17:30:00+00:00
1117.2850341796875,1123.0,1114.1300048828125,1119.0250244140625,325921,2026-08-03 18:30:00+00:00
1119.0,1125.1800537109375,1116.25,1121.2550048828125,375886,2026-08-03 19:30:00+00:00
1117.3800048828125,1131.9599609375,1109.1600341796875,1120.010009765625,575475,2026-08-04 13:30:00+00:00
1119.9200439453125,1130.8800048828125,1119.0,1124.9549560546875,395385,2026-08-04 14:30:00+00:00
1124.725341796875,1129.489990234375,1124.719970703125,1128.7850341796875,316771,2026-08-04 15:30:00+00:00
1128.4100341796875,1135.8299560546875,1113.1099853515625,1113.9200439453125,562238,2026-08-04 16:30:00+00:00
1114.31494140625,1119.5699462890625,1110.18359375,1115.5,281480,2026-08-04 17:30:00+00:00
1115.5,1115.9998779296875,1110.0699462890625,1113.02001953125,424128,2026-08-04 18:30:00+00:00
1113.06005859375,1120.4200439453125,1111.1099853515625,1116.239990234375,577769,2026-08-04 19:30:00+00:00
1174.0,1216.93994140625,1152.800048828125,1156.1949462890625,1876327,2026-08-05 13:30:00+00:00
1155.400146484375,1167.239990234375,1139.010009765625,1144.4727783203125,722486,2026-08-05 14:30:00+00:00
1144.93994140625,1169.0,1136.7401123046875,1163.22998046875,727366,2026-08-05 15:30:00+00:00
1162.2801513671875,1166.0,1148.239990234375,1159.4549560546875,396550,2026-08-05 16:30:00+00:00
1159.0999755859375,1168.3699951171875,1156.199951171875,1159.7900390625,354865,2026-08-05 17:30:00+00:00
1160.1199951171875,1164.0,1154.5,1162.1099853515625,548596,2026-08-05 18:30:00+00:00
1161.760009765625,1172.719970703125,1160.3399658203125,1168.7750244140625,877624,2026-08-05 19:30:00+00:00
1196.550048828125,1230.8800048828125,1178.0966796875,1181.06494140625,860466,2026-08-06 13:30:00+00:00
1180.68994140625,1187.739990234375,1173.5,1183.6650390625,372333,2026-08-06 14:30:00+00:00
1183.747802734375,1184.0,1173.6300048828125,1174.739990234375,249663,2026-08-06 15:30:00+00:00
1175.989990234375,1182.219970703125,1174.1400146484375,1176.905029296875,149124,2026-08-06 16:30:00+00:00
1176.25,1184.0,1176.1610107421875,1182.58935546875,163504,2026-08-06 17:30:00+00:00
1183.0,1190.9698486328125,1181.219970703125,1190.050048828125,195537,2026-08-06 18:30:00+00:00
1190.030029296875,1193.56005859375,1185.2900390625,1192.800048828125,312748,2026-08-06 19:30:00+00:00
