open,high,low,close,volume,timestamp
100.19999694824219,102.04000091552734,96.50800323486328,99.42990112304688,429337,2024-07-25 13:30:00+00:00
99.22000122070312,102.58999633789062,99.0,101.05999755859375,141276,2024-07-25 14:30:00+00:00
101.36000061035156,102.37999725341797,100.52999877929688,102.30999755859375,88431,2024-07-25 15:30:00+00:00
102.37000274658203,102.43000030517578,100.27999877929688,100.4000015258789,114823,2024-07-25 16:30:00+00:00
100.41999816894531,101.19999694824219,100.12000274658203,100.50499725341797,76506,2024-07-25 17:30:00+00:00
100.62999725341797,101.12999725341797,99.76000213623047,100.81999969482422,151474,2024-07-25 18:30:00+00:00
100.86499786376953,100.86499786376953,99.20059967041016,99.50499725341797,270653,2024-07-25 19:30:00+00:00
102.76000213623047,104.91000366210938,102.04499816894531,102.72000122070312,98817,2024-07-26 13:30:00+00:00
102.62000274658203,103.0,101.01000213623047,102.04199981689453,61983,2024-07-26 14:30:00+00:00
102.06999969482422,104.0,102.06999969482422,103.63999938964844,42735,2024-07-26 15:30:00+00:00
103.86000061035156,104.37000274658203,102.72000122070312,103.86000061035156,51164,2024-07-26 16:30:00+00:00
103.58000183105469,103.58000183105469,102.44999694824219,103.12999725341797,37372,2024-07-26 17:30:00+00:00
102.94999694824219,103.48999786376953,102.37000274658203,103.40499877929688,74578,2024-07-26 18:30:00+00:00
103.33000183105469,104.16999816894531,102.94000244140625,104.16000366210938,172963,2024-07-26 19:30:00+00:00
106.5,107.66999816894531,103.70999908447266,104.33999633789062,83754,2024-07-29 13:30:00+00:00
104.33000183105469,104.5,101.54000091552734,102.41999816894531,100453,2024-07-29 14:30:00+00:00
102.41999816894531,103.54000091552734,101.69999694824219,103.07499694824219,59550,2024-07-29 15:30:00+00:00
103.05999755859375,104.19000244140625,102.33499908447266,102.33499908447266,62728,2024-07-29 16:30:00+00:00
102.16999816894531,102.66000366210938,101.8949966430664,102.26000213623047,72290,2024-07-29 17:30:00+00:00
102.3499984741211,103.38999938964844,101.91999816894531,103.2300033569336,82772,2024-07-29 18:30:00+00:00
103.19000244140625,103.4000015258789,102.19000244140625,102.2300033569336,174215,2024-07-29 19:30:00+00:00
102.93000030517578,105.48999786376953,101.66999816894531,103.19999694824219,142208,2024-07-30 13:30:00+00:00
103.62000274658203,103.97000122070312,101.6500015258789,102.68000030517578,91509,2024-07-30 14:30:00+00:00
102.76000213623047,102.87999725341797,100.63999938964844,100.94000244140625,121932,2024-07-30 15:30:00+00:00
101.02999877929688,101.41999816894531,99.23999786376953,99.48500061035156,121390,2024-07-30 16:30:00+00:00
99.55999755859375,100.0199966430664,98.77999877929688,99.1449966430664,151847,2024-07-30 17:30:00+00:00
99.06999969482422,99.38999938964844,98.33000183105469,98.51000213623047,159171,2024-07-30 18:30:00+00:00
98.5,99.18000030517578,98.0,99.04000091552734,303783,2024-07-30 19:30:00+00:00
103.0,109.56999969482422,102.98999786376953,107.49500274658203,352445,2024-07-31 13:30:00+00:00
107.83000183105469,112.68000030517578,106.9800033569336,112.6500015258789,178240,2024-07-31 14:30:00+00:00
112.4990005493164,118.18209838867188,112.4990005493164,117.29000091552734,298226,2024-07-31 15:30:00+00:00
117.4728012084961,119.8499984741211,117.01000213623047,119.55500030517578,198951,2024-07-31 16:30:00+00:00
119.55500030517578,121.77040100097656,117.66000366210938,119.48999786376953,254548,2024-07-31 17:30:00+00:00
119.48500061035156,123.91999816894531,118.52999877929688,119.125,409485,2024-07-31 18:30:00+00:00
118.98660278320312,121.51000213623047,117.30999755859375,117.66999816894531,484317,2024-07-31 19:30:00+00:00
112.5,117.87560272216797,112.5,116.44999694824219,171687,2024-08-01 13:30:00+00:00
116.06999969482422,116.84500122070312,114.36150360107422,115.06999969482422,116083,2024-08-01 14:30:00+00:00
115.06500244140625,115.26000213623047,113.12999725341797,115.01000213623047,115361,2024-08-01 15:30:00+00:00
114.80000305175781,115.08000183105469,112.21499633789062,112.83000183105469,95629,2024-08-01 16:30:00+00:00
113.08999633789062,114.01000213623047,111.66000366210938,112.02999877929688,127800,2024-08-01 17:30:00+00:00
112.54000091552734,112.69000244140625,110.56999969482422,111.70169830322266,137235,2024-08-01 18:30:00+00:00
111.74500274658203,112.30000305175781,111.25,111.80999755859375,272160,2024-08-01 19:30:00+00:00
103.70999908447266,103.9000015258789,94.58000183105469,96.5,408566,2024-08-02 13:30:00+00:00
96.4000015258789,99.33499908447266,96.17009735107422,98.0,271704,2024-08-02 14:30:00+00:00
98.07499694824219,100.19000244140625,97.91999816894531,98.52999877929688,145398,2024-08-02 15:30:00+00:00
98.33000183105469,98.79000091552734,97.19999694824219,97.62519836425781,121354,2024-08-02 16:30:00+00:00
97.47000122070312,98.55000305175781,97.29000091552734,98.20999908447266,110673,2024-08-02 17:30:00+00:00
98.25499725341797,98.69999694824219,97.68000030517578,98.50499725341797,125292,2024-08-02 18:30:00+00:00
98.58999633789062,98.9800033569336,96.92009735107422,98.77999877929688,325028,2024-08-02 19:30:00+00:00
87.30999755859375,94.66000366210938,85.33999633789062,92.54000091552734,301979,2024-08-05 13:30:00+00:00
92.69000244140625,95.0999984741211,92.2699966430664,94.13999938964844,171851,2024-08-05 14:30:00+00:00
94.13999938964844,97.38500213623047,94.09500122070312,97.24500274658203,95857,2024-08-05 15:30:00+00:00
97.24500274658203,98.37000274658203,95.62000274658203,96.93499755859375,128035,2024-08-05 16:30:00+00:00
97.11000061035156,98.01000213623047,96.26010131835938,97.19000244140625,84282,2024-08-05 17:30:00+00:00
97.16999816894531,97.45999908447266,95.69419860839844,97.37000274658203,117996,2024-08-05 18:30:00+00:00
97.44999694824219,97.87000274658203,96.88999938964844,97.80999755859375,218539,2024-08-05 19:30:00+00:00
99.33999633789062,99.33999633789062,95.38999938964844,98.02999877929688,159112,2024-08-06 13:30:00+00:00
98.0250015258789,101.33989715576172,97.46499633789062,100.0199966430664,115320,2024-08-06 14:30:00+00:00
100.03500366210938,100.88500213623047,99.5,100.33999633789062,56518,2024-08-06 15:30:00+00:00
100.3499984741211,101.11000061035156,99.99009704589844,100.72760009765625,46822,2024-08-06 16:30:00+00:00
101.0,101.7699966430664,100.24500274658203,101.7699966430664,51436,2024-08-06 17:30:00+00:00
101.68000030517578,101.68000030517578,99.62999725341797,101.0896987915039,140404,2024-08-06 18:30:00+00:00
100.98500061035156,101.73999786376953,100.52999877929688,101.4000015258789,300097,2024-08-06 19:30:00+00:00
104.52999877929688,104.7239990234375,100.87000274658203,100.97000122070312,78628,2024-08-07 13:30:00+00:00
100.75,103.01000213623047,100.27490234375,101.4800033569336,55750,2024-08-07 14:30:00+00:00
101.66000366210938,101.80000305175781,99.05999755859375,100.08000183105469,74401,2024-08-07 15:30:00+00:00
100.19999694824219,100.86000061035156,97.50499725341797,97.75,69306,2024-08-07 16:30:00+00:00
97.63500213623047,97.91999816894531,95.08000183105469,95.5250015258789,111098,2024-08-07 17:30:00+00:00
95.36000061035156,97.48999786376953,95.05999755859375,96.7249984741211,95690,2024-08-07 18:30:00+00:00
96.70189666748047,96.80999755859375,94.76000213623047,95.06999969482422,235924,2024-08-07 19:30:00+00:00
97.68000030517578,100.6760025024414,96.0,100.45500183105469,174158,2024-08-08 13:30:00+00:00
100.54499816894531,101.0999984741211,99.77999877929688,100.54000091552734,92560,2024-08-08 14:30:00+00:00
100.48500061035156,101.13999938964844,99.66000366210938,100.66999816894531,73128,2024-08-08 15:30:00+00:00
100.51000213623047,101.73999786376953,99.79499816894531,101.68049621582031,36116,2024-08-08 16:30:00+00:00
101.87000274658203,102.27999877929688,101.2699966430664,101.46499633789062,56119,2024-08-08 17:30:00+00:00
101.46499633789062,101.68499755859375,100.63999938964844,100.68000030517578,72910,2024-08-08 18:30:00+00:00
100.77999877929688,101.16999816894531,100.2750015258789,100.94000244140625,117355,2024-08-08 19:30:00+00:00
100.38999938964844,100.98999786376953,99.19000244140625,100.37999725341797,78304,2024-08-09 13:30:00+00:00
100.26499938964844,101.9000015258789,99.78500366210938,100.23999786376953,84889,2024-08-09 14:30:00+00:00
100.23999786376953,100.91999816894531,99.9749984741211,100.18000030517578,82161,2024-08-09 15:30:00+00:00
99.9000015258789,101.22000122070312,99.86000061035156,101.06999969482422,57295,2024-08-09 16:30:00+00:00
101.33000183105469,101.51000213623047,99.83000183105469,100.11000061035156,49156,2024-08-09 17:30:00+00:00
100.11000061035156,100.96499633789062,100.0,100.875,47897,2024-08-09 18:30:00+00:00
100.84500122070312,100.95999908447266,100.01000213623047,100.30999755859375,113028,2024-08-09 19:30:00+00:00
100.69999694824219,102.83000183105469,98.77999877929688,102.68000030517578,71966,2024-08-12 13:30:00+00:00
102.6500015258789,103.97489929199219,100.97000122070312,101.6050033569336,58671,2024-08-12 14:30:00+00:00
101.3499984741211,102.2699966430664,100.9000015258789,101.62999725341797,29414,2024-08-12 15:30:00+00:00
101.6050033569336,102.11000061035156,101.05000305175781,101.76499938964844,30911,2024-08-12 16:30:00+00:00
101.7750015258789,101.7750015258789,100.44999694824219,101.37999725341797,41928,2024-08-12 17:30:00+00:00
101.07849884033203,101.7699966430664,101.02999877929688,101.30010223388672,29057,2024-08-12 18:30:00+00:00
101.51000213623047,101.77999877929688,100.75,101.05999755859375,64322,2024-08-12 19:30:00+00:00
102.4800033569336,104.7699966430664,102.16999816894531,102.87000274658203,75726,2024-08-13 13:30:00+00:00
102.2300033569336,103.20999908447266,101.87999725341797,102.68000030517578,31900,2024-08-13 14:30:00+00:00
102.94999694824219,103.5199966430664,102.58000183105469,103.5199966430664,27729,2024-08-13 15:30:00+00:00
103.5199966430664,104.11000061035156,102.98100280761719,103.37000274658203,139099,2024-08-13 16:30:00+00:00
103.3949966430664,103.77999877929688,102.55000305175781,103.73999786376953,26655,2024-08-13 17:30:00+00:00
103.6500015258789,103.94000244140625,102.9000015258789,103.31500244140625,30513,2024-08-13 18:30:00+00:00
103.34500122070312,104.22000122070312,103.33940124511719,104.19999694824219,115628,2024-08-13 19:30:00+00:00
104.61000061035156,105.75,102.19000244140625,104.0,81565,2024-08-14 13:30:00+00:00
103.68240356445312,105.51000213623047,102.87000274658203,105.3823013305664,65570,2024-08-14 14:30:00+00:00
105.34500122070312,106.0,103.91000366210938,104.87000274658203,64508,2024-08-14 15:30:00+00:00
104.87000274658203,105.06999969482422,104.22000122070312,104.3499984741211,19618,2024-08-14 16:30:00+00:00
104.23500061035156,104.69270324707031,103.94999694824219,104.56500244140625,39320,2024-08-14 17:30:00+00:00
104.56500244140625,105.06999969482422,104.25700378417969,104.83999633789062,25810,2024-08-14 18:30:00+00:00
104.74500274658203,105.06999969482422,104.52999877929688,104.9000015258789,83372,2024-08-14 19:30:00+00:00
108.31999969482422,109.37000274658203,107.28450012207031,108.63500213623047,111535,2024-08-15 13:30:00+00:00
108.61000061035156,109.19999694824219,108.13500213623047,108.4800033569336,86127,2024-08-15 14:30:00+00:00
108.55500030517578,109.86000061035156,108.52999877929688,109.66000366210938,48445,2024-08-15 15:30:00+00:00
109.75,109.77999877929688,108.5199966430664,109.62000274658203,49914,2024-08-15 16:30:00+00:00
109.52999877929688,110.6500015258789,109.49079895019531,110.6500015258789,83238,2024-08-15 17:30:00+00:00
110.46499633789062,110.66000366210938,109.37000274658203,109.5,90871,2024-08-15 18:30:00+00:00
109.44999694824219,109.9800033569336,109.3499984741211,109.94499969482422,104550,2024-08-15 19:30:00+00:00
109.18000030517578,109.83000183105469,108.30500030517578,108.33830261230469,36991,2024-08-16 13:30:00+00:00
108.28500366210938,108.44000244140625,107.3499984741211,108.16999816894531,64332,2024-08-16 14:30:00+00:00
108.16999816894531,109.1500015258789,108.08999633789062,109.1500015258789,23356,2024-08-16 15:30:00+00:00
109.08499908447266,110.12000274658203,108.9801025390625,109.17500305175781,23991,2024-08-16 16:30:00+00:00
109.25,109.5199966430664,108.7300033569336,109.05999755859375,19749,2024-08-16 17:30:00+00:00
109.1500015258789,109.36000061035156,108.80999755859375,108.9800033569336,48705,2024-08-16 18:30:00+00:00
108.97000122070312,109.41000366210938,108.62000274658203,109.30000305175781,137086,2024-08-16 19:30:00+00:00
109.3499984741211,110.87989807128906,107.5999984741211,109.15570068359375,81218,2024-08-19 13:30:00+00:00
109.22000122070312,109.8323974609375,108.66999816894531,109.19000244140625,43351,2024-08-19 14:30:00+00:00
109.18000030517578,109.23500061035156,108.05500030517578,108.44999694824219,29124,2024-08-19 15:30:00+00:00
108.42250061035156,108.91000366210938,107.97000122070312,108.8499984741211,22527,2024-08-19 16:30:00+00:00
108.9000015258789,109.58999633789062,108.79000091552734,109.58999633789062,26032,2024-08-19 17:30:00+00:00
109.5999984741211,109.9000015258789,109.5,109.86000061035156,27767,2024-08-19 18:30:00+00:00
109.88999938964844,110.2300033569336,109.38500213623047,110.06999969482422,85235,2024-08-19 19:30:00+00:00
110.3499984741211,110.9800033569336,108.58999633789062,108.7699966430664,33907,2024-08-20 13:30:00+00:00
108.7699966430664,109.31999969482422,107.2699966430664,108.13999938964844,56142,2024-08-20 14:30:00+00:00
108.16000366210938,108.58000183105469,107.86000061035156,107.9000015258789,17397,2024-08-20 15:30:00+00:00
107.81999969482422,107.98999786376953,107.2300033569336,107.38999938964844,21079,2024-08-20 16:30:00+00:00
107.44000244140625,108.05999755859375,107.1500015258789,107.66000366210938,21968,2024-08-20 17:30:00+00:00
107.81500244140625,108.21499633789062,107.7300033569336,108.08499908447266,32113,2024-08-20 18:30:00+00:00
107.95999908447266,108.23999786376953,107.44999694824219,108.20999908447266,89386,2024-08-20 19:30:00+00:00
108.75,109.7300033569336,107.43730163574219,109.23999786376953,31008,2024-08-21 13:30:00+00:00
109.88500213623047,111.44999694824219,109.50379943847656,109.99500274658203,40208,2024-08-21 14:30:00+00:00
109.99500274658203,110.44000244140625,109.33869934082031,110.23999786376953,26938,2024-08-21 15:30:00+00:00
110.23999786376953,110.74089813232422,109.81999969482422,110.61499786376953,20623,2024-08-21 16:30:00+00:00
110.7699966430664,111.66999816894531,110.75,111.55000305175781,26302,2024-08-21 17:30:00+00:00
111.66999816894531,112.51000213623047,111.43000030517578,112.1500015258789,66808,2024-08-21 18:30:00+00:00
112.13999938964844,112.38999938964844,111.875,112.01000213623047,75424,2024-08-21 19:30:00+00:00
112.30999755859375,114.36000061035156,111.69000244140625,112.875,82255,2024-08-22 13:30:00+00:00
112.8499984741211,113.94999694824219,112.51000213623047,113.6500015258789,35874,2024-08-22 14:30:00+00:00
113.55000305175781,114.88999938964844,113.13999938964844,114.80000305175781,50246,2024-08-22 15:30:00+00:00
114.66000366210938,115.0,113.68000030517578,114.01000213623047,61409,2024-08-22 16:30:00+00:00
114.0199966430664,114.0199966430664,113.44000244140625,113.91999816894531,46393,2024-08-22 17:30:00+00:00
113.91999816894531,114.54499816894531,113.52999877929688,113.52999877929688,67482,2024-08-22 18:30:00+00:00
113.55500030517578,114.0199966430664,112.68000030517578,113.26000213623047,182475,2024-08-22 19:30:00+00:00
114.41000366210938,118.93299865722656,113.41000366210938,118.71499633789062,82436,2024-08-23 13:30:00+00:00
118.34020233154297,119.34100341796875,116.37999725341797,118.0199966430664,92349,2024-08-23 14:30:00+00:00
118.19000244140625,118.9000015258789,117.0,117.82499694824219,44784,2024-08-23 15:30:00+00:00
118.05999755859375,118.4000015258789,117.31999969482422,118.19000244140625,28420,2024-08-23 16:30:00+00:00
118.23500061035156,118.91000366210938,117.875,118.6449966430664,49915,2024-08-23 17:30:00+00:00
118.6449966430664,119.11000061035156,118.16999816894531,119.0,58186,2024-08-23 18:30:00+00:00
119.22000122070312,119.62999725341797,119.1500015258789,119.41000366210938,115967,2024-08-23 19:30:00+00:00
120.11000061035156,120.1698989868164,117.5999984741211,118.73999786376953,78892,2024-08-26 13:30:00+00:00
118.6500015258789,118.7300033569336,115.4000015258789,115.75,68110,2024-08-26 14:30:00+00:00
115.58999633789062,117.0,115.5199966430664,116.8499984741211,27216,2024-08-26 15:30:00+00:00
116.7300033569336,117.29499816894531,116.58999633789062,117.1500015258789,22013,2024-08-26 16:30:00+00:00
117.13999938964844,117.18499755859375,115.58000183105469,116.44999694824219,49255,2024-08-26 17:30:00+00:00
116.20999908447266,116.94999694824219,116.20999908447266,116.53500366210938,37991,2024-08-26 18:30:00+00:00
116.22000122070312,116.9000015258789,115.8740005493164,116.4000015258789,138246,2024-08-26 19:30:00+00:00
115.55999755859375,117.62999725341797,114.1500015258789,116.97000122070312,91283,2024-08-27 13:30:00+00:00
116.83499908447266,117.80000305175781,116.5999984741211,117.3301010131836,42399,2024-08-27 14:30:00+00:00
117.3499984741211,117.55999755859375,116.88999938964844,117.01499938964844,36480,2024-08-27 15:30:00+00:00
116.94000244140625,117.21749877929688,116.33000183105469,117.13999938964844,33333,2024-08-27 16:30:00+00:00
117.08999633789062,117.5,116.95999908447266,117.27999877929688,23533,2024-08-27 17:30:00+00:00
117.37999725341797,118.0,117.23999786376953,117.98210144042969,50937,2024-08-27 18:30:00+00:00
117.83999633789062,117.83999633789062,116.79000091552734,116.91000366210938,93658,2024-08-27 19:30:00+00:00
117.0,117.97000122070312,116.19999694824219,117.11000061035156,51078,2024-08-28 13:30:00+00:00
117.26499938964844,117.5999984741211,115.0,115.30000305175781,62757,2024-08-28 14:30:00+00:00
115.43000030517578,116.61000061035156,115.29000091552734,115.5999984741211,40337,2024-08-28 15:30:00+00:00
115.625,116.70500183105469,115.625,116.5199966430664,38799,2024-08-28 16:30:00+00:00
116.4749984741211,116.62000274658203,114.69000244140625,114.70999908447266,59054,2024-08-28 17:30:00+00:00
114.87000274658203,116.13200378417969,114.87000274658203,116.0,55966,2024-08-28 18:30:00+00:00
115.79000091552734,115.87999725341797,114.44999694824219,114.44999694824219,125906,2024-08-28 19:30:00+00:00
116.0999984741211,118.31999969482422,115.98999786376953,118.27999877929688,42404,2024-08-29 13:30:00+00:00
118.30000305175781,118.30000305175781,117.13999938964844,117.5999984741211,24400,2024-08-29 14:30:00+00:00
117.97000122070312,119.22000122070312,117.79000091552734,119.22000122070312,58414,2024-08-29 15:30:00+00:00
119.01010131835938,119.79000091552734,119.01010131835938,119.47000122070312,32134,2024-08-29 16:30:00+00:00
119.44000244140625,120.0,118.43000030517578,118.69999694824219,37744,2024-08-29 17:30:00+00:00
118.71499633789062,118.71499633789062,116.47000122070312,116.86000061035156,79571,2024-08-29 18:30:00+00:00
116.5999984741211,117.43000030517578,115.61000061035156,115.8499984741211,125395,2024-08-29 19:30:00+00:00
118.87000274658203,120.43000030517578,117.36000061035156,119.51000213623047,80762,2024-08-30 13:30:00+00:00
119.5,120.73030090332031,119.02999877929688,119.5250015258789,115828,2024-08-30 14:30:00+00:00
119.5250015258789,119.6500015258789,117.52999877929688,117.52999877929688,87889,2024-08-30 15:30:00+00:00
117.6050033569336,118.48999786376953,117.14749908447266,118.11499786376953,40733,2024-08-30 16:30:00+00:00
118.2300033569336,120.0,118.05229949951172,119.7300033569336,72875,2024-08-30 17:30:00+00:00
119.71630096435547,120.49739837646484,119.58000183105469,120.37999725341797,78392,2024-08-30 18:30:00+00:00
120.33000183105469,121.66000366210938,119.94000244140625,121.62999725341797,120212,2024-08-30 19:30:00+00:00
119.69999694824219,120.68000030517578,110.76000213623047,112.06999969482422,159390,2024-09-03 13:30:00+00:00
111.94999694824219,112.9000015258789,111.30000305175781,112.12000274658203,82545,2024-09-03 14:30:00+00:00
112.0,112.44999694824219,110.87000274658203,111.16999816894531,43210,2024-09-03 15:30:00+00:00
111.2300033569336,111.5,110.37999725341797,111.16500091552734,62947,2024-09-03 16:30:00+00:00
111.16000366210938,111.31500244140625,109.94999694824219,109.98999786376953,43570,2024-09-03 17:30:00+00:00
109.98500061035156,110.45999908447266,109.03990173339844,109.04000091552734,48078,2024-09-03 18:30:00+00:00
109.12000274658203,109.13999938964844,107.61000061035156,108.37000274658203,181167,2024-09-03 19:30:00+00:00
105.9000015258789,108.01000213623047,105.36000061035156,106.91999816894531,76202,2024-09-04 13:30:00+00:00
107.19000244140625,108.9800033569336,106.96829986572266,107.33999633789062,37170,2024-09-04 14:30:00+00:00
107.04000091552734,107.72000122070312,106.41999816894531,107.38999938964844,28051,2024-09-04 15:30:00+00:00
107.37999725341797,108.41999816894531,106.94000244140625,107.5999984741211,64375,2024-09-04 16:30:00+00:00
107.62000274658203,108.05000305175781,107.11000061035156,107.76000213623047,24555,2024-09-04 17:30:00+00:00
107.83999633789062,107.83999633789062,106.43000030517578,106.7300033569336,54569,2024-09-04 18:30:00+00:00
106.6500015258789,106.94999694824219,106.05000305175781,106.33999633789062,98946,2024-09-04 19:30:00+00:00
105.80999755859375,106.96499633789062,104.51000213623047,106.27999877929688,65958,2024-09-05 13:30:00+00:00
106.57499694824219,106.94000244140625,104.62999725341797,105.13999938964844,35348,2024-09-05 14:30:00+00:00
104.8499984741211,105.26000213623047,103.69000244140625,105.26000213623047,54721,2024-09-05 15:30:00+00:00
104.93000030517578,105.05000305175781,103.83000183105469,104.11000061035156,32052,2024-09-05 16:30:00+00:00
104.01000213623047,105.47000122070312,104.01000213623047,104.4749984741211,27273,2024-09-05 17:30:00+00:00
104.37229919433594,105.05000305175781,103.98999786376953,104.33000183105469,49897,2024-09-05 18:30:00+00:00
104.33000183105469,104.93000030517578,103.62010192871094,103.94999694824219,74528,2024-09-05 19:30:00+00:00
103.93000030517578,105.81999969482422,102.52999877929688,103.05999755859375,95271,2024-09-06 13:30:00+00:00
102.84220123291016,103.44999694824219,100.51000213623047,100.73500061035156,77836,2024-09-06 14:30:00+00:00
100.98500061035156,101.47000122070312,99.44999694824219,99.56749725341797,49572,2024-09-06 15:30:00+00:00
99.56999969482422,100.44499969482422,99.26000213623047,99.83499908447266,102205,2024-09-06 16:30:00+00:00
99.83000183105469,100.11000061035156,98.12999725341797,98.7699966430664,62469,2024-09-06 17:30:00+00:00
98.61250305175781,98.88999938964844,98.19349670410156,98.41999816894531,61924,2024-09-06 18:30:00+00:00
98.3499984741211,98.62999725341797,97.22000122070312,97.33999633789062,137480,2024-09-06 19:30:00+00:00
100.30999755859375,102.44999694824219,98.75,100.56500244140625,113390,2024-09-09 13:30:00+00:00
100.83999633789062,100.83999633789062,99.36540222167969,100.0,34999,2024-09-09 14:30:00+00:00
100.0,100.87989807128906,99.80999755859375,100.41999816894531,36910,2024-09-09 15:30:00+00:00
100.4749984741211,100.83499908447266,100.08000183105469,100.13999938964844,32181,2024-09-09 16:30:00+00:00
99.77999877929688,99.83000183105469,99.2300033569336,99.36000061035156,54091,2024-09-09 17:30:00+00:00
99.25,99.5,98.80000305175781,99.0999984741211,49739,2024-09-09 18:30:00+00:00
99.12999725341797,99.18499755859375,98.36100006103516,98.45999908447266,148920,2024-09-09 19:30:00+00:00
98.76000213623047,99.5199966430664,95.87999725341797,96.55999755859375,105479,2024-09-10 13:30:00+00:00
96.6050033569336,96.80000305175781,95.51000213623047,96.39700317382812,56397,2024-09-10 14:30:00+00:00
96.36910247802734,96.36910247802734,94.02179718017578,94.20500183105469,82882,2024-09-10 15:30:00+00:00
94.20500183105469,94.5999984741211,94.0999984741211,94.29000091552734,41839,2024-09-10 16:30:00+00:00
94.29499816894531,95.12999725341797,94.29000091552734,95.02999877929688,52893,2024-09-10 17:30:00+00:00
95.02999877929688,96.08499908447266,94.69000244140625,95.33499908447266,112015,2024-09-10 18:30:00+00:00
95.26000213623047,95.3550033569336,94.23999786376953,94.66999816894531,187794,2024-09-10 19:30:00+00:00
96.54000091552734,101.4000015258789,96.54000091552734,99.86000061035156,263727,2024-09-11 13:30:00+00:00
99.66500091552734,101.75,98.9800033569336,101.45999908447266,175549,2024-09-11 14:30:00+00:00
101.52999877929688,106.0199966430664,101.37999725341797,106.0199966430664,175094,2024-09-11 15:30:00+00:00
106.1500015258789,109.88069915771484,106.02999877929688,109.63999938964844,182238,2024-09-11 16:30:00+00:00
109.8499984741211,112.86990356445312,109.4000015258789,111.92449951171875,233630,2024-09-11 17:30:00+00:00
111.95929718017578,112.41999816894531,109.4800033569336,109.875,236916,2024-09-11 18:30:00+00:00
109.81999969482422,110.1500015258789,107.9800033569336,108.0,370878,2024-09-11 19:30:00+00:00
108.13999938964844,112.68000030517578,106.69100189208984,112.45500183105469,118612,2024-09-12 13:30:00+00:00
112.68000030517578,113.94000244140625,110.7699966430664,111.3499984741211,127812,2024-09-12 14:30:00+00:00
111.23999786376953,112.18000030517578,110.61000061035156,110.91000366210938,68720,2024-09-12 15:30:00+00:00
110.93000030517578,111.43830108642578,109.70999908447266,110.38500213623047,78517,2024-09-12 16:30:00+00:00
110.4800033569336,111.90499877929688,110.13999938964844,110.4749984741211,61686,2024-09-12 17:30:00+00:00
110.37000274658203,112.0,110.1500015258789,111.81999969482422,111770,2024-09-12 18:30:00+00:00
111.68000030517578,111.75499725341797,110.45999908447266,110.80000305175781,164355,2024-09-12 19:30:00+00:00
112.5999984741211,114.25,111.80000305175781,112.04000091552734,63650,2024-09-13 13:30:00+00:00
112.05999755859375,113.70760345458984,111.51000213623047,113.2300033569336,42302,2024-09-13 14:30:00+00:00
113.12999725341797,114.79000091552734,113.0250015258789,113.33000183105469,47916,2024-09-13 15:30:00+00:00
113.37000274658203,113.51000213623047,112.62999725341797,112.98999786376953,26129,2024-09-13 16:30:00+00:00
113.01000213623047,113.18000030517578,111.8499984741211,111.8499984741211,33015,2024-09-13 17:30:00+00:00
111.79000091552734,112.43000030517578,110.9000015258789,111.16000366210938,42412,2024-09-13 18:30:00+00:00
111.05999755859375,111.25,110.2300033569336,111.0,130970,2024-09-13 19:30:00+00:00
110.13999938964844,113.61000061035156,109.5999984741211,111.86000061035156,45646,2024-09-16 13:30:00+00:00
111.8499984741211,112.2781982421875,110.87999725341797,111.6449966430664,32838,2024-09-16 14:30:00+00:00
111.75,113.12999725341797,111.55500030517578,112.98999786376953,26191,2024-09-16 15:30:00+00:00
113.01000213623047,113.01000213623047,112.27999877929688,112.61000061035156,31372,2024-09-16 16:30:00+00:00
112.83000183105469,114.29000091552734,112.58000183105469,113.51000213623047,47866,2024-09-16 17:30:00+00:00
113.44999694824219,113.47000122070312,112.26000213623047,112.75499725341797,35640,2024-09-16 18:30:00+00:00
112.6978988647461,113.51000213623047,112.54000091552734,112.77999877929688,69790,2024-09-16 19:30:00+00:00
114.44999694824219,116.57839965820312,113.31289672851562,116.48999786376953,51126,2024-09-17 13:30:00+00:00
116.5199966430664,116.7750015258789,115.80000305175781,116.30000305175781,36516,2024-09-17 14:30:00+00:00
116.48999786376953,117.06999969482422,114.3499984741211,114.8364028930664,35350,2024-09-17 15:30:00+00:00
114.75499725341797,114.99549865722656,113.9000015258789,114.8550033569336,18571,2024-09-17 16:30:00+00:00
115.0199966430664,115.70999908447266,114.66999816894531,115.25530242919922,20944,2024-09-17 17:30:00+00:00
115.03500366210938,115.52999877929688,114.4000015258789,114.61499786376953,30418,2024-09-17 18:30:00+00:00
114.63500213623047,115.4800033569336,114.37999725341797,115.44000244140625,68547,2024-09-17 19:30:00+00:00
115.63999938964844,118.98999786376953,115.41999816894531,118.37999725341797,102986,2024-09-18 13:30:00+00:00
118.06999969482422,118.06999969482422,117.01000213623047,117.88999938964844,48405,2024-09-18 14:30:00+00:00
117.80999755859375,117.80999755859375,116.3290023803711,117.69999694824219,35346,2024-09-18 15:30:00+00:00
117.69000244140625,118.41999816894531,117.58999633789062,118.41000366210938,37329,2024-09-18 16:30:00+00:00
118.4800033569336,121.66000366210938,117.1050033569336,121.12000274658203,130893,2024-09-18 17:30:00+00:00
121.20999908447266,123.30000305175781,118.47000122070312,119.80999755859375,146653,2024-09-18 18:30:00+00:00
119.9800033569336,120.5199966430664,116.68000030517578,116.94999694824219,99963,2024-09-18 19:30:00+00:00
123.27999877929688,125.75,121.533203125,123.5199966430664,128984,2024-09-19 13:30:00+00:00
123.63999938964844,124.0,120.44000244140625,123.38999938964844,152571,2024-09-19 14:30:00+00:00
123.22000122070312,124.86000061035156,122.83000183105469,124.5,139361,2024-09-19 15:30:00+00:00
124.3301010131836,126.0,124.30999755859375,125.45999908447266,86900,2024-09-19 16:30:00+00:00
125.4800033569336,126.4000015258789,124.86000061035156,126.4000015258789,88150,2024-09-19 17:30:00+00:00
126.25,126.96990203857422,125.19499969482422,126.22000122070312,124560,2024-09-19 18:30:00+00:00
126.16000366210938,127.58000183105469,126.0999984741211,127.5,181072,2024-09-19 19:30:00+00:00
127.95999908447266,129.00999450683594,125.9000015258789,128.4600067138672,215596,2024-09-20 13:30:00+00:00
128.27000427246094,129.2899932861328,127.11000061035156,127.44000244140625,74974,2024-09-20 14:30:00+00:00
127.38999938964844,128.89990234375,126.9000015258789,128.52499389648438,90971,2024-09-20 15:30:00+00:00
128.4499969482422,129.9199981689453,128.17999267578125,129.36000061035156,46718,2024-09-20 16:30:00+00:00
129.44500732421875,129.92999267578125,128.00999450683594,128.60000610351562,38634,2024-09-20 17:30:00+00:00
128.52999877929688,129.94000244140625,128.3675994873047,129.88499450683594,56491,2024-09-20 18:30:00+00:00
129.9499969482422,130.52999877929688,127.5199966430664,128.32000732421875,245849,2024-09-20 19:30:00+00:00
129.27000427246094,131.27999877929688,127.69999694824219,128.60000610351562,144809,2024-09-23 13:30:00+00:00
128.83999633789062,128.83999633789062,125.17500305175781,126.30999755859375,82492,2024-09-23 14:30:00+00:00
126.15499877929688,126.91000366210938,125.48999786376953,126.48999786376953,56940,2024-09-23 15:30:00+00:00
126.49500274658203,127.30999755859375,126.31999969482422,126.8499984741211,50162,2024-09-23 16:30:00+00:00
126.95999908447266,127.11000061035156,126.16999816894531,126.87950134277344,45855,2024-09-23 17:30:00+00:00
126.9000015258789,127.9800033569336,126.86000061035156,127.01000213623047,42512,2024-09-23 18:30:00+00:00
127.0,127.36000061035156,126.375,127.16000366210938,86157,2024-09-23 19:30:00+00:00
129.33999633789062,130.5050048828125,128.02999877929688,129.57200622558594,75216,2024-09-24 13:30:00+00:00
129.8300018310547,130.69000244140625,127.37999725341797,130.46499633789062,43636,2024-09-24 14:30:00+00:00
130.55999755859375,132.00999450683594,130.0800018310547,131.625,49133,2024-09-24 15:30:00+00:00
131.53500366210938,131.96499633789062,131.1999969482422,131.50999450683594,30406,2024-09-24 16:30:00+00:00
131.5605926513672,132.44000244140625,130.77000427246094,131.4199981689453,56875,2024-09-24 17:30:00+00:00
131.2949981689453,133.9199981689453,131.0,133.75,107412,2024-09-24 18:30:00+00:00
133.59500122070312,135.17999267578125,133.38999938964844,133.80999755859375,272886,2024-09-24 19:30:00+00:00
133.49000549316406,137.33990478515625,133.4499969482422,136.6300048828125,129988,2024-09-25 13:30:00+00:00
136.38999938964844,138.98500061035156,136.38999938964844,137.1300048828125,85140,2024-09-25 14:30:00+00:00
137.2449951171875,137.9499969482422,136.8300018310547,137.19000244140625,38706,2024-09-25 15:30:00+00:00
137.08999633789062,138.9250030517578,136.99000549316406,137.14500427246094,117383,2024-09-25 16:30:00+00:00
137.1999969482422,137.3300018310547,135.14999389648438,136.02000427246094,75581,2024-09-25 17:30:00+00:00
136.0749969482422,136.16000366210938,133.10000610351562,133.36000061035156,132524,2024-09-25 18:30:00+00:00
133.4499969482422,134.00999450683594,132.5500030517578,133.61000061035156,178090,2024-09-25 19:30:00+00:00
136.6999969482422,137.7274932861328,133.2100067138672,133.82000732421875,90957,2024-09-26 13:30:00+00:00
133.72000122070312,134.1824951171875,130.61000061035156,132.61000061035156,84598,2024-09-26 14:30:00+00:00
132.5850067138672,134.1699981689453,132.2899932861328,132.2899932861328,37452,2024-09-26 15:30:00+00:00
132.1699981689453,133.55999755859375,132.10000610351562,132.27000427246094,47607,2024-09-26 16:30:00+00:00
132.27330017089844,134.0991973876953,132.1300048828125,134.05999755859375,46815,2024-09-26 17:30:00+00:00
133.92999267578125,133.92999267578125,131.75999450683594,131.86000061035156,38234,2024-09-26 18:30:00+00:00
131.77000427246094,131.86000061035156,130.3209991455078,130.63999938964844,172508,2024-09-26 19:30:00+00:00
131.3000030517578,131.3000030517578,128.49009704589844,130.66000366210938,81875,2024-09-27 13:30:00+00:00
130.64999389648438,131.25999450683594,129.94000244140625,130.10499572753906,44756,2024-09-27 14:30:00+00:00
130.06500244140625,132.50999450683594,130.06500244140625,131.8300018310547,34192,2024-09-27 15:30:00+00:00
131.7550048828125,132.1699981689453,130.32000732421875,130.52000427246094,32690,2024-09-27 16:30:00+00:00
130.47500610351562,130.875,129.8699951171875,130.47000122070312,36855,2024-09-27 17:30:00+00:00
130.47000122070312,131.83999633789062,130.4199981689453,131.83999633789062,62557,2024-09-27 18:30:00+00:00
131.74000549316406,133.41000366210938,131.5050048828125,131.72000122070312,158887,2024-09-27 19:30:00+00:00
129.3000030517578,134.0050048828125,128.4600067138672,131.60000610351562,96935,2024-09-30 13:30:00+00:00
131.63999938964844,133.05999755859375,131.4149932861328,132.7100067138672,31260,2024-09-30 14:30:00+00:00
132.65499877929688,133.91000366210938,132.07000732421875,132.89999389648438,94260,2024-09-30 15:30:00+00:00
132.80999755859375,133.802001953125,132.6999969482422,133.802001953125,50226,2024-09-30 16:30:00+00:00
133.5399932861328,133.85000610351562,129.87139892578125,131.28500366210938,69456,2024-09-30 17:30:00+00:00
131.2899932861328,132.39500427246094,130.76499938964844,131.63999938964844,62584,2024-09-30 18:30:00+00:00
131.77999877929688,133.0500030517578,131.281005859375,132.89999389648438,144093,2024-09-30 19:30:00+00:00
129.97999572753906,130.08999633789062,124.6521987915039,126.17500305175781,159620,2024-10-01 13:30:00+00:00
125.70999908447266,127.30999755859375,125.35009765625,127.27200317382812,74000,2024-10-01 14:30:00+00:00
127.19999694824219,128.49000549316406,126.57499694824219,127.18000030517578,65503,2024-10-01 15:30:00+00:00
127.35559844970703,127.76000213623047,126.69000244140625,127.1500015258789,49885,2024-10-01 16:30:00+00:00
127.05000305175781,128.7899932861328,127.05000305175781,128.7899932861328,28585,2024-10-01 17:30:00+00:00
128.83999633789062,128.83999633789062,128.11000061035156,128.38499450683594,40465,2024-10-01 18:30:00+00:00
128.22000122070312,128.36000061035156,127.45999908447266,127.47000122070312,72683,2024-10-01 19:30:00+00:00
126.4800033569336,132.36000061035156,125.01000213623047,131.99000549316406,64099,2024-10-02 13:30:00+00:00
131.625,132.42999267578125,131.17840576171875,131.3800048828125,61133,2024-10-02 14:30:00+00:00
131.72999572753906,133.58999633789062,131.6300048828125,133.1510009765625,63639,2024-10-02 15:30:00+00:00
132.94000244140625,133.6699981689453,132.1199951171875,133.47999572753906,34935,2024-10-02 16:30:00+00:00
133.33999633789062,133.48989868164062,131.99000549316406,132.4499969482422,44080,2024-10-02 17:30:00+00:00
132.35499572753906,133.58309936523438,132.13650512695312,132.64439392089844,38461,2024-10-02 18:30:00+00:00
132.49000549316406,132.55999755859375,131.6999969482422,131.8300018310547,84615,2024-10-02 19:30:00+00:00
130.89999389648438,134.47000122070312,130.0,132.67999267578125,64902,2024-10-03 13:30:00+00:00
132.66000366210938,134.11000061035156,131.5399932861328,132.16000366210938,40135,2024-10-03 14:30:00+00:00
132.5399932861328,133.64999389648438,132.50999450683594,133.06370544433594,26898,2024-10-03 15:30:00+00:00
133.08999633789062,133.08999633789062,130.90139770507812,131.5399932861328,32006,2024-10-03 16:30:00+00:00
131.69000244140625,131.72999572753906,130.22000122070312,130.5749969482422,35822,2024-10-03 17:30:00+00:00
130.3800048828125,131.02000427246094,130.27999877929688,130.63999938964844,44542,2024-10-03 18:30:00+00:00
130.57000732421875,131.22000122070312,129.7301025390625,130.88999938964844,79089,2024-10-03 19:30:00+00:00
134.0,135.36000061035156,132.03790283203125,132.5800018310547,80449,2024-10-04 13:30:00+00:00
132.74000549316406,134.1199951171875,131.6300048828125,132.0800018310547,76777,2024-10-04 14:30:00+00:00
132.5399932861328,133.97999572753906,132.39999389648438,133.39999389648438,26150,2024-10-04 15:30:00+00:00
133.47000122070312,134.38999938964844,133.0500030517578,133.27999877929688,25400,2024-10-04 16:30:00+00:00
133.00999450683594,133.2899932861328,132.44000244140625,133.02999877929688,28106,2024-10-04 17:30:00+00:00
133.19500732421875,134.50999450683594,133.0,134.47999572753906,34170,2024-10-04 18:30:00+00:00
134.41000366210938,134.67999267578125,133.9199981689453,134.32000732421875,66202,2024-10-04 19:30:00+00:00
133.39999389648438,135.05499267578125,132.47000122070312,133.88999938964844,35800,2024-10-07 13:30:00+00:00
133.88499450683594,134.3699951171875,132.64999389648438,133.7050018310547,27735,2024-10-07 14:30:00+00:00
133.72000122070312,134.0800018310547,133.2899932861328,133.68499755859375,20874,2024-10-07 15:30:00+00:00
133.4600067138672,133.92999267578125,132.8800048828125,133.2100067138672,24679,2024-10-07 16:30:00+00:00
133.2100067138672,133.86000061035156,133.02000427246094,133.80999755859375,36019,2024-10-07 17:30:00+00:00
133.80999755859375,133.80999755859375,132.11000061035156,133.1300048828125,55383,2024-10-07 18:30:00+00:00
133.08999633789062,133.8699951171875,132.8800048828125,133.35000610351562,59541,2024-10-07 19:30:00+00:00
134.5,137.64999389648438,133.49000549316406,135.47000122070312,73163,2024-10-08 13:30:00+00:00
135.1999969482422,136.38999938964844,134.05999755859375,134.5399932861328,55281,2024-10-08 14:30:00+00:00
134.6300048828125,135.32000732421875,134.1999969482422,134.39999389648438,32924,2024-10-08 15:30:00+00:00
134.39999389648438,134.61000061035156,133.3800048828125,133.80999755859375,48903,2024-10-08 16:30:00+00:00
133.8699951171875,134.22999572753906,133.35000610351562,133.75,36733,2024-10-08 17:30:00+00:00
133.83999633789062,134.3560028076172,133.63999938964844,133.63999938964844,37713,2024-10-08 18:30:00+00:00
133.63999938964844,133.91000366210938,132.5500030517578,132.6300048828125,101408,2024-10-08 19:30:00+00:00
132.64999389648438,134.9499969482422,132.42999267578125,133.08999633789062,89399,2024-10-09 13:30:00+00:00
133.30999755859375,134.74000549316406,133.07000732421875,134.59500122070312,49204,2024-10-09 14:30:00+00:00
134.49000549316406,135.8000030517578,134.17999267578125,134.3800048828125,56178,2024-10-09 15:30:00+00:00
134.47000122070312,135.1999969482422,133.89999389648438,134.99000549316406,46641,2024-10-09 16:30:00+00:00
134.9250030517578,135.05999755859375,133.4600067138672,133.7949981689453,41724,2024-10-09 17:30:00+00:00
133.57000732421875,133.92999267578125,133.22999572753906,133.6199951171875,35761,2024-10-09 18:30:00+00:00
133.63499450683594,134.4499969482422,133.4499969482422,134.02000427246094,111671,2024-10-09 19:30:00+00:00
132.02000427246094,133.1699981689453,129.5,131.36500549316406,113378,2024-10-10 13:30:00+00:00
131.22999572753906,131.22999572753906,130.39999389648438,130.83749389648438,45367,2024-10-10 14:30:00+00:00
130.6999969482422,130.6999969482422,129.9600067138672,130.2550048828125,65302,2024-10-10 15:30:00+00:00
130.28500366210938,131.81500244140625,130.28500366210938,131.6649932861328,38768,2024-10-10 16:30:00+00:00
131.64999389648438,131.72999572753906,130.16000366210938,130.7100067138672,56722,2024-10-10 17:30:00+00:00
130.6999969482422,131.10000610351562,130.53500366210938,130.86500549316406,34926,2024-10-10 18:30:00+00:00
130.9199981689453,131.1300048828125,130.5,131.07000732421875,79286,2024-10-10 19:30:00+00:00
130.8000030517578,131.18499755859375,128.14149475097656,129.9600067138672,169471,2024-10-11 13:30:00+00:00
130.10000610351562,132.16990661621094,129.89999389648438,131.69000244140625,89243,2024-10-11 14:30:00+00:00
131.72000122070312,131.97999572753906,131.08999633789062,131.22999572753906,34875,2024-10-11 15:30:00+00:00
131.25,131.82000732421875,131.07000732421875,131.82000732421875,30648,2024-10-11 16:30:00+00:00
131.7550048828125,133.07000732421875,131.7550048828125,132.92999267578125,48640,2024-10-11 17:30:00+00:00
132.92999267578125,134.32000732421875,132.55999755859375,133.6750030517578,57783,2024-10-11 18:30:00+00:00
133.7050018310547,134.89999389648438,133.7050018310547,134.27000427246094,82368,2024-10-11 19:30:00+00:00
136.10000610351562,138.5500030517578,135.02999877929688,135.7100067138672,104607,2024-10-14 13:30:00+00:00
135.85000610351562,136.36990356445312,134.22999572753906,134.3968963623047,53716,2024-10-14 14:30:00+00:00
134.38999938964844,135.1750030517578,134.0,134.3249969482422,41665,2024-10-14 15:30:00+00:00
134.3300018310547,134.3300018310547,132.3300018310547,132.4149932861328,106863,2024-10-14 16:30:00+00:00
132.22000122070312,133.1300048828125,131.97999572753906,132.2899932861328,66941,2024-10-14 17:30:00+00:00
132.10000610351562,132.8699951171875,131.75999450683594,132.1199951171875,90720,2024-10-14 18:30:00+00:00
132.1750030517578,133.60499572753906,132.14999389648438,133.25999450683594,125152,2024-10-14 19:30:00+00:00
132.3300018310547,134.08999633789062,130.10000610351562,130.9499969482422,59496,2024-10-15 13:30:00+00:00
130.64999389648438,130.64999389648438,126.58999633789062,128.74000549316406,70095,2024-10-15 14:30:00+00:00
128.76499938964844,131.06500244140625,128.76499938964844,130.41000366210938,43605,2024-10-15 15:30:00+00:00
130.50999450683594,131.85000610351562,130.5050048828125,131.64999389648438,31964,2024-10-15 16:30:00+00:00
131.7949981689453,132.36000061035156,131.2899932861328,131.2899932861328,34025,2024-10-15 17:30:00+00:00
131.38499450683594,131.5,129.8300018310547,130.22999572753906,56678,2024-10-15 18:30:00+00:00
130.05999755859375,130.6699981689453,129.2100067138672,129.24000549316406,100019,2024-10-15 19:30:00+00:00
131.22000122070312,135.10000610351562,130.5301055908203,134.62989807128906,71772,2024-10-16 13:30:00+00:00
134.36000061035156,134.66000366210938,133.1999969482422,133.66000366210938,55817,2024-10-16 14:30:00+00:00
133.6699981689453,134.4600067138672,133.40499877929688,134.0,43574,2024-10-16 15:30:00+00:00
133.82000732421875,133.9250030517578,132.7899932861328,133.10000610351562,23433,2024-10-16 16:30:00+00:00
133.09500122070312,134.25999450683594,132.99009704589844,133.7899932861328,40927,2024-10-16 17:30:00+00:00
133.88999938964844,134.35499572753906,133.25,133.55999755859375,52295,2024-10-16 18:30:00+00:00
133.55999755859375,134.5,133.55999755859375,134.25999450683594,131475,2024-10-16 19:30:00+00:00
134.5,141.7220001220703,134.5,140.14999389648438,223214,2024-10-17 13:30:00+00:00
140.0,140.3000030517578,138.62010192871094,139.33999633789062,69322,2024-10-17 14:30:00+00:00
139.2100067138672,140.08680725097656,138.85000610351562,139.97999572753906,58975,2024-10-17 15:30:00+00:00
139.96499633789062,140.02999877929688,138.5,138.5,37098,2024-10-17 16:30:00+00:00
138.55999755859375,138.69000244140625,136.8000030517578,137.13999938964844,34777,2024-10-17 17:30:00+00:00
137.14500427246094,138.32000732421875,136.4600067138672,136.4600067138672,69680,2024-10-17 18:30:00+00:00
136.3000030517578,136.44000244140625,135.50999450683594,135.63999938964844,188610,2024-10-17 19:30:00+00:00
136.47000122070312,137.0,133.54010009765625,135.1300048828125,138412,2024-10-18 13:30:00+00:00
135.14999389648438,135.22000122070312,132.5,132.82000732421875,63294,2024-10-18 14:30:00+00:00
132.777099609375,133.50999450683594,132.60000610351562,133.50999450683594,45062,2024-10-18 15:30:00+00:00
133.4199981689453,134.3000030517578,132.7899932861328,133.7449951171875,38272,2024-10-18 16:30:00+00:00
133.52000427246094,134.13999938964844,132.97000122070312,133.11500549316406,50468,2024-10-18 17:30:00+00:00
133.14500427246094,134.27999877929688,133.14500427246094,133.92999267578125,38916,2024-10-18 18:30:00+00:00
134.0449981689453,134.32000732421875,132.75999450683594,132.7899932861328,101846,2024-10-18 19:30:00+00:00
133.16000366210938,133.91900634765625,131.5,131.64999389648438,61139,2024-10-21 13:30:00+00:00
131.61500549316406,131.89999389648438,129.49000549316406,130.02879333496094,57693,2024-10-21 14:30:00+00:00
129.9499969482422,130.52999877929688,129.89999389648438,129.92999267578125,47270,2024-10-21 15:30:00+00:00
130.05999755859375,130.88999938964844,130.02999877929688,130.55999755859375,25280,2024-10-21 16:30:00+00:00
130.50999450683594,130.6750030517578,129.89999389648438,130.52000427246094,46691,2024-10-21 17:30:00+00:00
130.52499389648438,130.74000549316406,129.5601043701172,129.82000732421875,55215,2024-10-21 18:30:00+00:00
129.82000732421875,130.8300018310547,129.57000732421875,130.6699981689453,116850,2024-10-21 19:30:00+00:00
129.50999450683594,130.52000427246094,126.27999877929688,128.86000061035156,122202,2024-10-22 13:30:00+00:00
128.94000244140625,130.0625,128.2100067138672,128.49000549316406,58620,2024-10-22 14:30:00+00:00
128.42999267578125,129.66250610351562,128.08999633789062,129.43499755859375,38232,2024-10-22 15:30:00+00:00
129.58999633789062,130.10000610351562,129.35000610351562,129.8000030517578,31022,2024-10-22 16:30:00+00:00
129.74000549316406,130.0749969482422,129.08999633789062,129.36000061035156,45411,2024-10-22 17:30:00+00:00
129.35499572753906,129.67999267578125,128.85499572753906,129.61749267578125,64352,2024-10-22 18:30:00+00:00
129.67999267578125,129.80999755859375,128.75,128.75999450683594,152516,2024-10-22 19:30:00+00:00
126.13999938964844,130.63999938964844,126.13999938964844,130.2899932861328,104292,2024-10-23 13:30:00+00:00
130.63999938964844,131.41000366210938,128.80999755859375,129.4550018310547,82371,2024-10-23 14:30:00+00:00
129.25,130.00999450683594,127.81999969482422,128.13999938964844,51071,2024-10-23 15:30:00+00:00
128.0,128.99000549316406,127.83000183105469,128.14999389648438,35172,2024-10-23 16:30:00+00:00
128.0,128.32000732421875,126.5999984741211,127.87999725341797,51542,2024-10-23 17:30:00+00:00
127.76499938964844,128.42999267578125,127.61000061035156,128.19500732421875,67775,2024-10-23 18:30:00+00:00
128.14999389648438,128.41749572753906,127.45999908447266,128.27999877929688,157425,2024-10-23 19:30:00+00:00
129.2899932861328,129.2899932861328,125.51000213623047,125.75499725341797,60580,2024-10-24 13:30:00+00:00
126.04000091552734,126.5199966430664,123.18000030517578,123.18000030517578,98603,2024-10-24 14:30:00+00:00
123.1500015258789,124.0,122.08000183105469,122.69000244140625,131338,2024-10-24 15:30:00+00:00
122.94999694824219,125.0199966430664,122.86000061035156,124.94170379638672,68303,2024-10-24 16:30:00+00:00
125.0250015258789,125.25,124.0250015258789,124.0250015258789,52958,2024-10-24 17:30:00+00:00
124.08000183105469,124.4000015258789,123.12999725341797,123.81999969482422,89552,2024-10-24 18:30:00+00:00
123.83000183105469,124.62000274658203,123.6449966430664,124.62000274658203,161699,2024-10-24 19:30:00+00:00
126.80999755859375,129.1999969482422,125.11000061035156,129.1999969482422,112888,2024-10-25 13:30:00+00:00
129.1750030517578,129.25999450683594,126.30000305175781,126.30000305175781,50855,2024-10-25 14:30:00+00:00
126.62000274658203,127.31999969482422,126.5999984741211,127.31999969482422,32326,2024-10-25 15:30:00+00:00
127.62999725341797,127.62999725341797,126.28089904785156,126.75,48006,2024-10-25 16:30:00+00:00
126.44999694824219,126.7750015258789,125.29000091552734,126.7699966430664,41896,2024-10-25 17:30:00+00:00
126.83999633789062,127.29000091552734,126.45999908447266,127.19999694824219,49265,2024-10-25 18:30:00+00:00
127.09500122070312,127.54000091552734,126.9000015258789,127.2300033569336,105473,2024-10-25 19:30:00+00:00
128.2100067138672,129.718505859375,127.55999755859375,128.8300018310547,66626,2024-10-28 13:30:00+00:00
128.72000122070312,130.52000427246094,128.3800048828125,130.3000030517578,82625,2024-10-28 14:30:00+00:00
130.3800048828125,131.27000427246094,129.80499267578125,131.17999267578125,63773,2024-10-28 15:30:00+00:00
131.27000427246094,131.47999572753906,129.92999267578125,130.92250061035156,37168,2024-10-28 16:30:00+00:00
131.05999755859375,131.1999969482422,130.44009399414062,130.83999633789062,47125,2024-10-28 17:30:00+00:00
130.72999572753906,131.32000732421875,130.66000366210938,131.2100067138672,45239,2024-10-28 18:30:00+00:00
131.1699981689453,131.72999572753906,130.86500549316406,131.02000427246094,141540,2024-10-28 19:30:00+00:00
129.8000030517578,130.8000030517578,128.1501007080078,130.0,171624,2024-10-29 13:30:00+00:00
129.97999572753906,131.35499572753906,129.8300018310547,131.35499572753906,62382,2024-10-29 14:30:00+00:00
131.2949981689453,131.3800048828125,130.32000732421875,130.49000549316406,71296,2024-10-29 15:30:00+00:00
130.3300018310547,131.0800018310547,129.94000244140625,130.02999877929688,54377,2024-10-29 16:30:00+00:00
130.05999755859375,130.59500122070312,129.6750030517578,130.32000732421875,52440,2024-10-29 17:30:00+00:00
130.3249969482422,130.82000732421875,130.22000122070312,130.52999877929688,63645,2024-10-29 18:30:00+00:00
130.5800018310547,130.86000061035156,130.15029907226562,130.2100067138672,147190,2024-10-29 19:30:00+00:00
124.72000122070312,124.87999725341797,116.75,119.12000274658203,390991,2024-10-30 13:30:00+00:00
119.16000366210938,120.25,114.08000183105469,120.25,266415,2024-10-30 14:30:00+00:00
120.29000091552734,129.97999572753906,120.08999633789062,128.22000122070312,359642,2024-10-30 15:30:00+00:00
128.17999267578125,128.80999755859375,126.35279846191406,126.45500183105469,228097,2024-10-30 16:30:00+00:00
126.4375,126.4375,122.3550033569336,123.29499816894531,164943,2024-10-30 17:30:00+00:00
123.33999633789062,124.76000213623047,121.27999877929688,121.43499755859375,147151,2024-10-30 18:30:00+00:00
121.48750305175781,121.51000213623047,120.00499725341797,120.87000274658203,264444,2024-10-30 19:30:00+00:00
118.80000305175781,119.33000183105469,116.59500122070312,118.2300033569336,160714,2024-10-31 13:30:00+00:00
118.1500015258789,119.37000274658203,115.54000091552734,116.97000122070312,89609,2024-10-31 14:30:00+00:00
117.08000183105469,118.26499938964844,116.76010131835938,117.30999755859375,92901,2024-10-31 15:30:00+00:00
117.51499938964844,118.5,116.69999694824219,117.93000030517578,68750,2024-10-31 16:30:00+00:00
117.91000366210938,118.42500305175781,116.80000305175781,117.05500030517578,89364,2024-10-31 17:30:00+00:00
117.12000274658203,117.94249725341797,116.94010162353516,117.8550033569336,67100,2024-10-31 18:30:00+00:00
117.80999755859375,118.7074966430664,117.58999633789062,117.86000061035156,158194,2024-10-31 19:30:00+00:00
118.55000305175781,118.99500274658203,115.12999725341797,116.2699966430664,141926,2024-11-01 13:30:00+00:00
116.3499984741211,116.3499984741211,113.5999984741211,115.62999725341797,111455,2024-11-01 14:30:00+00:00
115.62999725341797,115.62999725341797,113.30000305175781,113.59500122070312,146542,2024-11-01 15:30:00+00:00
113.48999786376953,113.91999816894531,111.55000305175781,112.41000366210938,90561,2024-11-01 16:30:00+00:00
112.41999816894531,113.12999725341797,111.55000305175781,112.61000061035156,97773,2024-11-01 17:30:00+00:00
112.5199966430664,113.17990112304688,111.9000015258789,112.11000061035156,93200,2024-11-01 18:30:00+00:00
112.12000274658203,112.80000305175781,111.58999633789062,111.58999633789062,197881,2024-11-01 19:30:00+00:00
110.77999877929688,113.75,109.41000366210938,111.42500305175781,107186,2024-11-04 14:30:00+00:00
111.45999908447266,112.66000366210938,110.58999633789062,111.91500091552734,77846,2024-11-04 15:30:00+00:00
111.73999786376953,112.18000030517578,111.47000122070312,111.98999786376953,64836,2024-11-04 16:30:00+00:00
112.01000213623047,112.25,111.11499786376953,111.55999755859375,67272,2024-11-04 17:30:00+00:00
111.5,111.7925033569336,110.76499938964844,110.76499938964844,71316,2024-11-04 18:30:00+00:00
110.58999633789062,111.0374984741211,109.72000122070312,109.88999938964844,98305,2024-11-04 19:30:00+00:00
109.83999633789062,110.16000366210938,109.23999786376953,109.80999755859375,160861,2024-11-04 20:30:00+00:00
110.87000274658203,112.53500366210938,110.37999725341797,110.38999938964844,138413,2024-11-05 14:30:00+00:00
110.4000015258789,111.80000305175781,109.43000030517578,111.35009765625,57987,2024-11-05 15:30:00+00:00
111.4800033569336,112.3949966430664,111.36000061035156,112.07499694824219,56363,2024-11-05 16:30:00+00:00
111.99009704589844,112.2699966430664,111.55999755859375,111.91999816894531,43049,2024-11-05 17:30:00+00:00
111.7699966430664,112.38999938964844,111.41500091552734,112.05000305175781,66073,2024-11-05 18:30:00+00:00
111.95500183105469,113.38999938964844,111.95500183105469,112.68000030517578,172193,2024-11-05 19:30:00+00:00
112.67500305175781,113.37000274658203,112.38999938964844,112.8499984741211,208367,2024-11-05 20:30:00+00:00
120.38999938964844,124.26000213623047,115.0801010131836,116.80000305175781,308675,2024-11-06 14:30:00+00:00
116.5999984741211,118.44000244140625,114.93000030517578,118.37000274658203,160168,2024-11-06 15:30:00+00:00
118.69999694824219,119.98999786376953,118.44000244140625,119.35269927978516,74507,2024-11-06 16:30:00+00:00
119.5,121.45999908447266,119.3499984741211,120.66999816894531,72372,2024-11-06 17:30:00+00:00
120.66000366210938,123.25,120.41999816894531,123.25,84155,2024-11-06 18:30:00+00:00
123.2300033569336,124.38700103759766,122.18000030517578,124.04000091552734,170586,2024-11-06 19:30:00+00:00
124.02999877929688,125.16999816894531,123.4000015258789,125.08000183105469,245251,2024-11-06 20:30:00+00:00
126.5,128.2100067138672,125.05999755859375,127.22989654541016,176782,2024-11-07 14:30:00+00:00
127.19999694824219,127.79000091552734,125.8499984741211,126.05000305175781,80189,2024-11-07 15:30:00+00:00
126.05000305175781,126.5,124.32160186767578,125.12999725341797,62731,2024-11-07 16:30:00+00:00
125.33999633789062,126.44000244140625,125.33999633789062,126.2249984741211,61566,2024-11-07 17:30:00+00:00
126.11000061035156,127.0,124.83000183105469,125.62000274658203,63316,2024-11-07 18:30:00+00:00
125.55999755859375,127.45999908447266,125.45999908447266,126.8499984741211,114208,2024-11-07 19:30:00+00:00
126.8550033569336,127.44999694824219,126.30999755859375,127.43000030517578,115880,2024-11-07 20:30:00+00:00
127.0999984741211,129.14999389648438,126.19999694824219,126.9030990600586,82163,2024-11-08 14:30:00+00:00
127.08989715576172,128.3000030517578,126.0000991821289,126.91999816894531,109341,2024-11-08 15:30:00+00:00
127.13999938964844,128.2449951171875,126.84500122070312,127.85990142822266,53685,2024-11-08 16:30:00+00:00
127.83999633789062,128.7899932861328,127.5999984741211,128.72000122070312,52534,2024-11-08 17:30:00+00:00
128.5500030517578,129.06399536132812,127.19000244140625,128.52999877929688,59532,2024-11-08 18:30:00+00:00
128.40499877929688,128.5800018310547,127.07779693603516,127.3499984741211,70672,2024-11-08 19:30:00+00:00
127.4000015258789,128.39999389648438,127.125,127.94999694824219,101673,2024-11-08 20:30:00+00:00
131.0,131.6999969482422,128.8000030517578,130.25999450683594,88819,2024-11-11 14:30:00+00:00
130.25999450683594,131.4199981689453,129.9499969482422,130.9499969482422,35651,2024-11-11 15:30:00+00:00
130.97999572753906,132.35000610351562,128.92999267578125,129.1649932861328,72878,2024-11-11 16:30:00+00:00
129.1649932861328,130.0,128.9499969482422,129.16000366210938,62638,2024-11-11 17:30:00+00:00
129.07029724121094,131.3000030517578,128.5601043701172,130.91000366210938,41538,2024-11-11 18:30:00+00:00
130.89999389648438,132.2449951171875,130.89999389648438,132.07000732421875,54711,2024-11-11 19:30:00+00:00
132.0,132.58999633789062,131.71499633789062,132.14999389648438,205168,2024-11-11 20:30:00+00:00
131.8000030517578,133.42990112304688,127.95259857177734,128.22000122070312,87564,2024-11-12 14:30:00+00:00
128.01010131835938,128.40989685058594,124.93000030517578,125.81999969482422,80574,2024-11-12 15:30:00+00:00
125.7300033569336,126.93000030517578,124.37809753417969,125.38999938964844,46657,2024-11-12 16:30:00+00:00
125.26000213623047,125.30000305175781,123.6489028930664,125.08000183105469,35032,2024-11-12 17:30:00+00:00
125.18000030517578,126.5,124.625,125.62000274658203,46945,2024-11-12 18:30:00+00:00
125.62000274658203,126.0,124.5,124.5,51766,2024-11-12 19:30:00+00:00
124.4800033569336,125.0199966430664,124.37999725341797,125.0,102972,2024-11-12 20:30:00+00:00
127.73999786376953,128.9208984375,125.85440063476562,128.6699981689453,87589,2024-11-13 14:30:00+00:00
128.5312957763672,129.0,127.29000091552734,128.2550048828125,40837,2024-11-13 15:30:00+00:00
128.24000549316406,128.8699951171875,127.86499786376953,127.88500213623047,39414,2024-11-13 16:30:00+00:00
127.80000305175781,128.80999755859375,127.62000274658203,128.67999267578125,38999,2024-11-13 17:30:00+00:00
128.65499877929688,128.86000061035156,126.72859954833984,127.12999725341797,82890,2024-11-13 18:30:00+00:00
127.0199966430664,127.67009735107422,126.3499984741211,127.07499694824219,82219,2024-11-13 19:30:00+00:00
127.0,127.45500183105469,126.69999694824219,127.33000183105469,125612,2024-11-13 20:30:00+00:00
127.87000274658203,127.87000274658203,122.16500091552734,123.36499786376953,84282,2024-11-14 14:30:00+00:00
123.4800033569336,123.81999969482422,120.87999725341797,122.44999694824219,120404,2024-11-14 15:30:00+00:00
122.51000213623047,122.77999877929688,120.32499694824219,120.43000030517578,61403,2024-11-14 16:30:00+00:00
120.36000061035156,120.66999816894531,118.76000213623047,120.4000015258789,87239,2024-11-14 17:30:00+00:00
120.42500305175781,121.66000366210938,120.12000274658203,121.6050033569336,63741,2024-11-14 18:30:00+00:00
121.6050033569336,121.80500030517578,120.19000244140625,121.22000122070312,84598,2024-11-14 19:30:00+00:00
121.22000122070312,121.33000183105469,119.79000091552734,120.13999938964844,173653,2024-11-14 20:30:00+00:00
120.23999786376953,122.54000091552734,119.05999755859375,120.16500091552734,88615,2024-11-15 14:30:00+00:00
120.33999633789062,121.34500122070312,120.1500015258789,121.34500122070312,58158,2024-11-15 15:30:00+00:00
121.3550033569336,121.66000366210938,120.33999633789062,120.44999694824219,53445,2024-11-15 16:30:00+00:00
120.44999694824219,121.23500061035156,119.61000061035156,120.55000305175781,59490,2024-11-15 17:30:00+00:00
120.31500244140625,120.93000030517578,119.95999908447266,120.83000183105469,38451,2024-11-15 18:30:00+00:00
120.83999633789062,122.70500183105469,120.37999725341797,122.66500091552734,68943,2024-11-15 19:30:00+00:00
122.7300033569336,123.47000122070312,122.51499938964844,123.20999908447266,190856,2024-11-15 20:30:00+00:00
124.11000061035156,126.94000244140625,123.01000213623047,126.87000274658203,65506,2024-11-18 14:30:00+00:00
126.86499786376953,128.69000244140625,126.75,127.46499633789062,58264,2024-11-18 15:30:00+00:00
127.55999755859375,128.19500732421875,126.51000213623047,127.2748031616211,39767,2024-11-18 16:30:00+00:00
127.16000366210938,127.16000366210938,126.0999984741211,126.33000183105469,39221,2024-11-18 17:30:00+00:00
126.29000091552734,126.41999816894531,124.82499694824219,126.0,60145,2024-11-18 18:30:00+00:00
125.80999755859375,126.38999938964844,125.01119995117188,126.34500122070312,62503,2024-11-18 19:30:00+00:00
126.3499984741211,126.41999816894531,125.5999984741211,126.25,91055,2024-11-18 20:30:00+00:00
123.6500015258789,125.86499786376953,123.28500366210938,125.86499786376953,45586,2024-11-19 14:30:00+00:00
125.90499877929688,129.22000122070312,125.25,129.0570068359375,71545,2024-11-19 15:30:00+00:00
128.78500366210938,131.6300048828125,128.75,131.52540588378906,81452,2024-11-19 16:30:00+00:00
131.60000610351562,133.5,131.24000549316406,133.5,87322,2024-11-19 17:30:00+00:00
133.21080017089844,134.5399932861328,132.60000610351562,134.19500732421875,90818,2024-11-19 18:30:00+00:00
134.0500030517578,135.4199981689453,133.11000061035156,134.42999267578125,105589,2024-11-19 19:30:00+00:00
134.41000366210938,136.11000061035156,133.72999572753906,136.08999633789062,258483,2024-11-19 20:30:00+00:00
136.0500030517578,136.1199951171875,130.16000366210938,132.58999633789062,94607,2024-11-20 14:30:00+00:00
132.77999877929688,135.2550048828125,131.57000732421875,131.57000732421875,73900,2024-11-20 15:30:00+00:00
131.4499969482422,134.0500030517578,131.33999633789062,133.3000030517578,44889,2024-11-20 16:30:00+00:00
133.36000061035156,133.99000549316406,132.9907989501953,133.90499877929688,41646,2024-11-20 17:30:00+00:00
133.67999267578125,133.97500610351562,132.8000030517578,133.88999938964844,60363,2024-11-20 18:30:00+00:00
133.8699951171875,134.75999450683594,133.36500549316406,134.6999969482422,73745,2024-11-20 19:30:00+00:00
134.60000610351562,134.77999877929688,133.1300048828125,133.66000366210938,199377,2024-11-20 20:30:00+00:00
135.72999572753906,139.39999389648438,134.66000366210938,137.5800018310547,85587,2024-11-21 14:30:00+00:00
137.41000366210938,140.4199981689453,136.86000061035156,140.2100067138672,81996,2024-11-21 15:30:00+00:00
140.35000610351562,141.0,139.00999450683594,139.99000549316406,87600,2024-11-21 16:30:00+00:00
140.2100067138672,140.3699951171875,139.6699981689453,140.32000732421875,33040,2024-11-21 17:30:00+00:00
140.2449951171875,141.60000610351562,140.1479949951172,141.60000610351562,58093,2024-11-21 18:30:00+00:00
141.58169555664062,142.1199951171875,141.0,141.42059326171875,74388,2024-11-21 19:30:00+00:00
141.41000366210938,141.88999938964844,139.99000549316406,140.1999969482422,211223,2024-11-21 20:30:00+00:00
140.94000244140625,142.58999633789062,140.1999969482422,140.8000030517578,44710,2024-11-22 14:30:00+00:00
141.3300018310547,142.6699981689453,140.9600067138672,141.6649932861328,41918,2024-11-22 15:30:00+00:00
141.6999969482422,143.4351043701172,141.5500030517578,143.36500549316406,34883,2024-11-22 16:30:00+00:00
143.22000122070312,143.91000366210938,142.67999267578125,143.55999755859375,26070,2024-11-22 17:30:00+00:00
143.66229248046875,143.92999267578125,142.67999267578125,143.82000732421875,37540,2024-11-22 18:30:00+00:00
143.9600067138672,144.02000427246094,142.47999572753906,142.88999938964844,56834,2024-11-22 19:30:00+00:00
142.86500549316406,143.52499389648438,142.86000061035156,143.2899932861328,66295,2024-11-22 20:30:00+00:00
144.64999389648438,146.8383026123047,143.60000610351562,145.1199951171875,83806,2024-11-25 14:30:00+00:00
145.11000061035156,145.4149932861328,142.8000030517578,143.10499572753906,71815,2024-11-25 15:30:00+00:00
143.07000732421875,143.3300018310547,134.8800048828125,135.75999450683594,243343,2024-11-25 16:30:00+00:00
135.8300018310547,138.5699005126953,135.72999572753906,138.3800048828125,68716,2024-11-25 17:30:00+00:00
138.27999877929688,140.0800018310547,137.97000122070312,139.27999877929688,66043,2024-11-25 18:30:00+00:00
139.2050018310547,140.0,138.6300048828125,139.24000549316406,56045,2024-11-25 19:30:00+00:00
139.37989807128906,139.7949981689453,137.36000061035156,137.3800048828125,140983,2024-11-25 20:30:00+00:00
138.19000244140625,141.5,137.33999633789062,140.50999450683594,91588,2024-11-26 14:30:00+00:00
140.4980010986328,141.0800018310547,138.8000030517578,140.6699981689453,40195,2024-11-26 15:30:00+00:00
140.8249969482422,140.8249969482422,139.64500427246094,140.24000549316406,28698,2024-11-26 16:30:00+00:00
140.2899932861328,140.5500030517578,139.6300048828125,139.75999450683594,29058,2024-11-26 17:30:00+00:00
139.66000366210938,139.66000366210938,137.75,138.02499389648438,33198,2024-11-26 18:30:00+00:00
138.0,138.34500122070312,137.52999877929688,138.0800018310547,47416,2024-11-26 19:30:00+00:00
138.06500244140625,139.68699645996094,138.02999877929688,138.80999755859375,104690,2024-11-26 20:30:00+00:00
139.67999267578125,139.6999969482422,134.61000061035156,135.5500030517578,77262,2024-11-27 14:30:00+00:00
135.3699951171875,135.42999267578125,132.55999755859375,132.57000732421875,53445,2024-11-27 15:30:00+00:00
132.67999267578125,133.5,131.0511016845703,132.41000366210938,85986,2024-11-27 16:30:00+00:00
132.75999450683594,133.27499389648438,131.94000244140625,132.5500030517578,24771,2024-11-27 17:30:00+00:00
132.33999633789062,133.44000244140625,132.33999633789062,133.02999877929688,39365,2024-11-27 18:30:00+00:00
133.2050018310547,133.58990478515625,132.72999572753906,133.13999938964844,32842,2024-11-27 19:30:00+00:00
133.2949981689453,133.69000244140625,132.97000122070312,133.52999877929688,80469,2024-11-27 20:30:00+00:00
135.02000427246094,137.41000366210938,135.00999450683594,136.3249969482422,40754,2024-11-29 14:30:00+00:00
136.42799377441406,136.72999572753906,135.0,135.52499389648438,20165,2024-11-29 15:30:00+00:00
135.52499389648438,135.77000427246094,135.10000610351562,135.67999267578125,27659,2024-11-29 16:30:00+00:00
136.5500030517578,140.77999877929688,135.89999389648438,139.39999389648438,116734,2024-12-02 14:30:00+00:00
139.35499572753906,141.10000610351562,138.10000610351562,140.685302734375,88393,2024-12-02 15:30:00+00:00
140.91000366210938,141.5500030517578,140.14999389648438,140.65499877929688,71628,2024-12-02 16:30:00+00:00
140.32000732421875,140.69000244140625,139.55999755859375,140.11000061035156,47205,2024-12-02 17:30:00+00:00
140.3000030517578,142.19000244140625,140.0,140.6300048828125,93703,2024-12-02 18:30:00+00:00
140.5800018310547,141.2100067138672,140.11000061035156,140.99000549316406,53928,2024-12-02 19:30:00+00:00
141.03500366210938,141.2899932861328,137.72999572753906,137.77000427246094,218429,2024-12-02 20:30:00+00:00
137.99000549316406,139.99000549316406,137.0,138.5500030517578,54977,2024-12-03 14:30:00+00:00
138.8350067138672,138.8350067138672,136.25,136.9499969482422,39876,2024-12-03 15:30:00+00:00
136.7449951171875,137.4199981689453,135.99000549316406,137.36000061035156,38227,2024-12-03 16:30:00+00:00
137.3249969482422,138.6300048828125,137.2550048828125,138.16000366210938,41486,2024-12-03 17:30:00+00:00
138.0,138.85000610351562,137.8277587890625,138.3000030517578,34970,2024-12-03 18:30:00+00:00
138.22000122070312,139.22000122070312,137.8699951171875,139.02999877929688,41045,2024-12-03 19:30:00+00:00
138.90780639648438,139.60000610351562,138.77999877929688,139.22999572753906,72983,2024-12-03 20:30:00+00:00
140.0,142.5500030517578,139.92999267578125,141.89999389648438,83262,2024-12-04 14:30:00+00:00
141.94000244140625,143.06500244140625,140.17999267578125,140.99000549316406,42388,2024-12-04 15:30:00+00:00
140.9949951171875,141.4499969482422,139.4199981689453,140.13250732421875,36715,2024-12-04 16:30:00+00:00
140.10000610351562,140.14480590820312,138.21510314941406,138.53500366210938,24515,2024-12-04 17:30:00+00:00
138.60000610351562,139.9499969482422,138.47999572753906,139.8249969482422,40914,2024-12-04 18:30:00+00:00
139.99000549316406,140.74000549316406,139.69000244140625,140.63999938964844,29399,2024-12-04 19:30:00+00:00
140.63999938964844,141.6300048828125,140.52000427246094,140.6199951171875,92599,2024-12-04 20:30:00+00:00
141.57000732421875,141.57000732421875,138.75999450683594,138.9199981689453,42246,2024-12-05 14:30:00+00:00
138.57000732421875,139.57000732421875,138.3300018310547,139.1199951171875,27637,2024-12-05 15:30:00+00:00
139.1199951171875,139.69000244140625,139.0,139.03500366210938,19802,2024-12-05 16:30:00+00:00
139.19000244140625,139.19000244140625,137.00010681152344,137.41659545898438,40514,2024-12-05 17:30:00+00:00
137.1875,137.92999267578125,136.64999389648438,137.72000122070312,28662,2024-12-05 18:30:00+00:00
137.72000122070312,138.24000549316406,137.47999572753906,137.69000244140625,27758,2024-12-05 19:30:00+00:00
137.72000122070312,138.16000366210938,137.2100067138672,137.5800018310547,82714,2024-12-05 20:30:00+00:00
139.11000061035156,140.0,137.35000610351562,138.77999877929688,23513,2024-12-06 14:30:00+00:00
139.08340454101562,140.25,136.5500030517578,136.89999389648438,41770,2024-12-06 15:30:00+00:00
136.86000061035156,138.3249969482422,136.86000061035156,138.2100067138672,21405,2024-12-06 16:30:00+00:00
138.0500030517578,138.06500244140625,136.88999938964844,137.7677001953125,25052,2024-12-06 17:30:00+00:00
137.74000549316406,138.30499267578125,137.52999877929688,137.610107421875,20816,2024-12-06 18:30:00+00:00
137.75,139.05999755859375,137.5399932861328,138.82000732421875,30018,2024-12-06 19:30:00+00:00
138.94000244140625,140.47999572753906,138.8699951171875,140.27999877929688,86334,2024-12-06 20:30:00+00:00
141.0,141.9311981201172,130.72000122070312,130.72000122070312,162620,2024-12-09 14:30:00+00:00
131.37989807128906,131.37989807128906,127.21269989013672,129.32000732421875,133274,2024-12-09 15:30:00+00:00
129.3350067138672,131.85000610351562,129.10299682617188,130.64999389648438,65080,2024-12-09 16:30:00+00:00
130.5399932861328,131.77000427246094,130.02999877929688,131.02499389648438,36943,2024-12-09 17:30:00+00:00
130.8800048828125,131.57000732421875,129.91000366210938,130.55999755859375,39620,2024-12-09 18:30:00+00:00
130.27000427246094,130.5800018310547,129.61000061035156,129.6199951171875,62957,2024-12-09 19:30:00+00:00
129.72000122070312,130.41000366210938,129.27999877929688,129.5,110980,2024-12-09 20:30:00+00:00
130.3699951171875,133.49000549316406,128.5,130.22000122070312,61703,2024-12-10 14:30:00+00:00
130.49000549316406,131.22000122070312,129.9001007080078,130.6999969482422,55380,2024-12-10 15:30:00+00:00
130.6999969482422,131.43499755859375,130.0,131.0500030517578,33715,2024-12-10 16:30:00+00:00
130.78500366210938,131.52999877929688,129.88499450683594,130.75,31694,2024-12-10 17:30:00+00:00
130.32000732421875,131.1999969482422,130.00999450683594,130.82000732421875,40425,2024-12-10 18:30:00+00:00
130.5758056640625,131.02999877929688,129.99339294433594,130.44000244140625,50398,2024-12-10 19:30:00+00:00
130.5050048828125,131.11000061035156,130.0,130.27000427246094,126864,2024-12-10 20:30:00+00:00
132.97999572753906,135.13999938964844,132.3249969482422,132.3249969482422,58125,2024-12-11 14:30:00+00:00
132.72000122070312,133.30999755859375,131.19000244140625,131.27499389648438,52017,2024-12-11 15:30:00+00:00
131.47000122070312,132.25,130.9600067138672,130.9600067138672,58154,2024-12-11 16:30:00+00:00
130.94000244140625,131.82000732421875,130.8000030517578,131.1649932861328,70451,2024-12-11 17:30:00+00:00
131.3175048828125,131.3175048828125,130.55999755859375,131.22500610351562,60846,2024-12-11 18:30:00+00:00
131.2550048828125,132.47999572753906,131.06500244140625,131.53500366210938,63097,2024-12-11 19:30:00+00:00
131.51499938964844,131.64999389648438,130.72999572753906,131.5,190674,2024-12-11 20:30:00+00:00
131.14999389648438,131.14999389648438,128.14999389648438,129.36000061035156,61394,2024-12-12 14:30:00+00:00
129.49000549316406,129.75,128.16000366210938,129.11000061035156,33799,2024-12-12 15:30:00+00:00
128.97999572753906,129.27999877929688,128.25,128.52499389648438,58212,2024-12-12 16:30:00+00:00
128.84710693359375,129.0,128.16000366210938,128.39999389648438,57622,2024-12-12 17:30:00+00:00
128.40750122070312,128.9375,127.4800033569336,127.79000091552734,56219,2024-12-12 18:30:00+00:00
127.74500274658203,128.44000244140625,127.4000015258789,127.86499786376953,65545,2024-12-12 19:30:00+00:00
127.9800033569336,128.4600067138672,127.66999816894531,128.16000366210938,89765,2024-12-12 20:30:00+00:00
129.97999572753906,134.32000732421875,129.63999938964844,132.52499389648438,82789,2024-12-13 14:30:00+00:00
132.52999877929688,133.89999389648438,131.7100067138672,132.0,83906,2024-12-13 15:30:00+00:00
132.1649932861328,132.69000244140625,131.25,131.8699951171875,50638,2024-12-13 16:30:00+00:00
131.64999389648438,133.1999969482422,131.25,133.13999938964844,53996,2024-12-13 17:30:00+00:00
133.0500030517578,134.0,132.8800048828125,134.0,40678,2024-12-13 18:30:00+00:00
133.875,134.61000061035156,133.7100067138672,133.97999572753906,58730,2024-12-13 19:30:00+00:00
134.0,134.3350067138672,132.05499267578125,132.1300048828125,174423,2024-12-13 20:30:00+00:00
132.07000732421875,136.48049926757812,131.4499969482422,134.60000610351562,54704,2024-12-16 14:30:00+00:00
135.02000427246094,136.19000244140625,134.0449981689453,134.36000061035156,53944,2024-12-16 15:30:00+00:00
134.27499389648438,134.4600067138672,133.27699279785156,134.1750030517578,46809,2024-12-16 16:30:00+00:00
134.07000732421875,135.0399932861328,133.77999877929688,134.1999969482422,33591,2024-12-16 17:30:00+00:00
134.21499633789062,134.64999389648438,133.4499969482422,134.50999450683594,60018,2024-12-16 18:30:00+00:00
134.33999633789062,136.52000427246094,134.33999633789062,135.57000732421875,65271,2024-12-16 19:30:00+00:00
135.5399932861328,135.80999755859375,133.90499877929688,134.5399932861328,146514,2024-12-16 20:30:00+00:00
133.61000061035156,134.0,127.51000213623047,127.98999786376953,106161,2024-12-17 14:30:00+00:00
128.07000732421875,130.16000366210938,127.79000091552734,130.08999633789062,123228,2024-12-17 15:30:00+00:00
130.08999633789062,131.06500244140625,128.7100067138672,129.6199951171875,66038,2024-12-17 16:30:00+00:00
129.39999389648438,130.50999450683594,128.89999389648438,129.3800048828125,31427,2024-12-17 17:30:00+00:00
129.4250030517578,130.00999450683594,128.88999938964844,128.91000366210938,41103,2024-12-17 18:30:00+00:00
128.91000366210938,129.09500122070312,127.77999877929688,127.87999725341797,63630,2024-12-17 19:30:00+00:00
128.0050048828125,128.60000610351562,127.27999877929688,127.80000305175781,130176,2024-12-17 20:30:00+00:00
129.88999938964844,130.35000610351562,123.9000015258789,124.76499938964844,188891,2024-12-18 14:30:00+00:00
124.9800033569336,127.05500030517578,124.30999755859375,124.94000244140625,112670,2024-12-18 15:30:00+00:00
125.0999984741211,125.7300033569336,122.72000122070312,123.74500274658203,76253,2024-12-18 16:30:00+00:00
123.69000244140625,125.0199966430664,123.37999725341797,125.01499938964844,60260,2024-12-18 17:30:00+00:00
125.01499938964844,125.58999633789062,121.2699966430664,122.0,88187,2024-12-18 18:30:00+00:00
121.69999694824219,123.02999877929688,116.27999877929688,116.56999969482422,207523,2024-12-18 19:30:00+00:00
116.56999969482422,118.05999755859375,113.87000274658203,117.73999786376953,389534,2024-12-18 20:30:00+00:00
119.83999633789062,121.80000305175781,117.58000183105469,117.58000183105469,127567,2024-12-19 14:30:00+00:00
117.7699966430664,119.33499908447266,117.52999877929688,119.25890350341797,72285,2024-12-19 15:30:00+00:00
119.23999786376953,119.70500183105469,117.94999694824219,117.95999908447266,56972,2024-12-19 16:30:00+00:00
118.04000091552734,118.22750091552734,116.75,117.91000366210938,57376,2024-12-19 17:30:00+00:00
117.91000366210938,119.3208999633789,117.91000366210938,118.04000091552734,58822,2024-12-19 18:30:00+00:00
118.05570220947266,118.88999938964844,117.08999633789062,118.63999938964844,66720,2024-12-19 19:30:00+00:00
118.63999938964844,118.72000122070312,117.70999908447266,117.98999786376953,183352,2024-12-19 20:30:00+00:00
114.62000274658203,118.91000366210938,113.48999786376953,117.75,158917,2024-12-20 14:30:00+00:00
117.65750122070312,120.94999694824219,117.65750122070312,120.43499755859375,62228,2024-12-20 15:30:00+00:00
120.30249786376953,120.93560028076172,119.16000366210938,120.70999908447266,62025,2024-12-20 16:30:00+00:00
120.66000366210938,120.66000366210938,118.3499984741211,118.45999908447266,48771,2024-12-20 17:30:00+00:00
118.44999694824219,119.94000244140625,118.1709976196289,119.70999908447266,48386,2024-12-20 18:30:00+00:00
119.57499694824219,119.93499755859375,117.80609893798828,117.98999786376953,99721,2024-12-20 19:30:00+00:00
117.91000366210938,119.33000183105469,117.62999725341797,119.1500015258789,163044,2024-12-20 20:30:00+00:00
118.54000091552734,119.41349792480469,116.30010223388672,118.05500030517578,78708,2024-12-23 14:30:00+00:00
117.71499633789062,117.71499633789062,116.66000366210938,117.0,43115,2024-12-23 15:30:00+00:00
117.0,118.8499984741211,116.91000366210938,118.66000366210938,45449,2024-12-23 16:30:00+00:00
118.7300033569336,118.94999694824219,118.12000274658203,118.18000030517578,47883,2024-12-23 17:30:00+00:00
118.21849822998047,118.5,117.84500122070312,117.84500122070312,27391,2024-12-23 18:30:00+00:00
117.72000122070312,118.05000305175781,117.37000274658203,117.80000305175781,36316,2024-12-23 19:30:00+00:00
117.63500213623047,117.82499694824219,117.0,117.30000305175781,89263,2024-12-23 20:30:00+00:00
117.73999786376953,118.72000122070312,116.0,116.70249938964844,46097,2024-12-24 14:30:00+00:00
116.73999786376953,117.87000274658203,116.5,116.80000305175781,36326,2024-12-24 15:30:00+00:00
116.80000305175781,118.45999908447266,116.72000122070312,118.45999908447266,28790,2024-12-24 16:30:00+00:00
117.77999877929688,118.56999969482422,116.57499694824219,118.05010223388672,22078,2024-12-26 14:30:00+00:00
118.56999969482422,119.31999969482422,118.05000305175781,118.5,32960,2024-12-26 15:30:00+00:00
118.69999694824219,119.99500274658203,118.58000183105469,119.73500061035156,28785,2024-12-26 16:30:00+00:00
119.73999786376953,120.1500015258789,118.77999877929688,120.13999938964844,33675,2024-12-26 17:30:00+00:00
120.07499694824219,120.8499984741211,119.94000244140625,120.79000091552734,55048,2024-12-26 18:30:00+00:00
120.9000015258789,120.9800033569336,120.4749984741211,120.55000305175781,41810,2024-12-26 19:30:00+00:00
120.52999877929688,121.11000061035156,120.29499816894531,120.43000030517578,84654,2024-12-26 20:30:00+00:00
118.56999969482422,119.11000061035156,116.62999725341797,116.88500213623047,67587,2024-12-27 14:30:00+00:00
116.7699966430664,117.8499984741211,116.4000015258789,117.1332015991211,43587,2024-12-27 15:30:00+00:00
117.38999938964844,117.51000213623047,116.1500015258789,116.375,46028,2024-12-27 16:30:00+00:00
116.5999984741211,117.37000274658203,116.5,117.37000274658203,38771,2024-12-27 17:30:00+00:00
117.29499816894531,118.44999694824219,117.29499816894531,118.20500183105469,58443,2024-12-27 18:30:00+00:00
118.19499969482422,119.0,118.18000030517578,118.94000244140625,78469,2024-12-27 19:30:00+00:00
118.9800033569336,119.08000183105469,117.66000366210938,118.83999633789062,199544,2024-12-27 20:30:00+00:00
115.98999786376953,116.0,112.05000305175781,114.12000274658203,126948,2024-12-30 14:30:00+00:00
114.22000122070312,116.5199966430664,114.22000122070312,116.45999908447266,30561,2024-12-30 15:30:00+00:00
116.58000183105469,118.94000244140625,116.23999786376953,117.5154037475586,78728,2024-12-30 16:30:00+00:00
117.72000122070312,118.5,117.46309661865234,117.70999908447266,30118,2024-12-30 17:30:00+00:00
117.71499633789062,118.44999694824219,117.30580139160156,117.91000366210938,26042,2024-12-30 18:30:00+00:00
117.87999725341797,118.94999694824219,117.83000183105469,118.55999755859375,42516,2024-12-30 19:30:00+00:00
118.58999633789062,118.58999633789062,117.55999755859375,117.63999938964844,70266,2024-12-30 20:30:00+00:00
118.80000305175781,118.83999633789062,116.4000015258789,118.16000366210938,32763,2024-12-31 14:30:00+00:00
118.05999755859375,118.4000015258789,116.26640319824219,116.8499984741211,56015,2024-12-31 15:30:00+00:00
116.83999633789062,117.43000030517578,116.43000030517578,116.43000030517578,39400,2024-12-31 16:30:00+00:00
116.55999755859375,118.0,115.83000183105469,116.37999725341797,56014,2024-12-31 17:30:00+00:00
116.44999694824219,116.87999725341797,115.92500305175781,116.37000274658203,34288,2024-12-31 18:30:00+00:00
116.23999786376953,117.26000213623047,116.05999755859375,117.16999816894531,49534,2024-12-31 19:30:00+00:00
116.98999786376953,117.16000366210938,115.83999633789062,116.05999755859375,91611,2024-12-31 20:30:00+00:00
117.72000122070312,120.0199966430664,116.62000274658203,117.04000091552734,63424,2025-01-02 14:30:00+00:00
117.05500030517578,117.91999816894531,116.33999633789062,117.43000030517578,57962,2025-01-02 15:30:00+00:00
117.49500274658203,118.12000274658203,115.94000244140625,116.0,48385,2025-01-02 16:30:00+00:00
115.86000061035156,115.86000061035156,114.11000061035156,115.63999938964844,38251,2025-01-02 17:30:00+00:00
115.44999694824219,115.93000030517578,114.91999816894531,115.79000091552734,38262,2025-01-02 18:30:00+00:00
115.48999786376953,116.24099731445312,115.09500122070312,116.24099731445312,40509,2025-01-02 19:30:00+00:00
116.06999969482422,116.4800033569336,115.4000015258789,116.1500015258789,125184,2025-01-02 20:30:00+00:00
117.19999694824219,120.38999938964844,117.19999694824219,120.38999938964844,62563,2025-01-03 14:30:00+00:00
119.76100158691406,121.05999755859375,119.75,120.36499786376953,52454,2025-01-03 15:30:00+00:00
120.55999755859375,121.44940185546875,120.36000061035156,120.80999755859375,27175,2025-01-03 16:30:00+00:00
120.47000122070312,122.29000091552734,120.41000366210938,122.13999938964844,42689,2025-01-03 17:30:00+00:00
122.0999984741211,122.29000091552734,121.68679809570312,121.7300033569336,36560,2025-01-03 18:30:00+00:00
121.9000015258789,122.6500015258789,121.7300033569336,122.58000183105469,43692,2025-01-03 19:30:00+00:00
122.61000061035156,122.6500015258789,122.12999725341797,122.33999633789062,110142,2025-01-03 20:30:00+00:00
126.0,129.0,125.45999908447266,128.51499938964844,267727,2025-01-06 14:30:00+00:00
128.5749969482422,128.5749969482422,124.55999755859375,125.46499633789062,77130,2025-01-06 15:30:00+00:00
125.46499633789062,126.63999938964844,125.46499633789062,126.37999725341797,60835,2025-01-06 16:30:00+00:00
126.38999938964844,126.69999694824219,125.83000183105469,126.13999938964844,56682,2025-01-06 17:30:00+00:00
126.16000366210938,126.16000366210938,124.69000244140625,124.98500061035156,90740,2025-01-06 18:30:00+00:00
124.9000015258789,124.9999008178711,123.34249877929688,123.62999725341797,51560,2025-01-06 19:30:00+00:00
123.73999786376953,123.75,122.4800033569336,122.63999938964844,121585,2025-01-06 20:30:00+00:00
124.0,125.5250015258789,120.77999877929688,121.37999725341797,150019,2025-01-07 14:30:00+00:00
121.22000122070312,125.29000091552734,119.05999755859375,124.61000061035156,84421,2025-01-07 15:30:00+00:00
124.58000183105469,125.3499984741211,122.3949966430664,122.98500061035156,77529,2025-01-07 16:30:00+00:00
122.8499984741211,123.47000122070312,122.01000213623047,123.13999938964844,51277,2025-01-07 17:30:00+00:00
123.30999755859375,123.41000366210938,122.37010192871094,122.6500015258789,36181,2025-01-07 18:30:00+00:00
122.63999938964844,122.68000030517578,121.12000274658203,121.12000274658203,68287,2025-01-07 19:30:00+00:00
121.33000183105469,121.95999908447266,120.94000244140625,121.62999725341797,110253,2025-01-07 20:30:00+00:00
120.5,121.11499786376953,116.88999938964844,117.4000015258789,54050,2025-01-08 14:30:00+00:00
117.4623031616211,119.0199966430664,117.11579895019531,118.23999786376953,69755,2025-01-08 15:30:00+00:00
118.43000030517578,119.80000305175781,117.83489990234375,118.1500015258789,61603,2025-01-08 16:30:00+00:00
118.1500015258789,120.1500015258789,117.86000061035156,120.1500015258789,46012,2025-01-08 17:30:00+00:00
119.81999969482422,120.4000015258789,118.31999969482422,120.37000274658203,43469,2025-01-08 18:30:00+00:00
120.37000274658203,120.56999969482422,119.2699966430664,119.93000030517578,62884,2025-01-08 19:30:00+00:00
119.87000274658203,121.62000274658203,119.7302017211914,121.33000183105469,161473,2025-01-08 20:30:00+00:00
117.94999694824219,118.86000061035156,116.06999969482422,118.4800033569336,138835,2025-01-10 14:30:00+00:00
118.61000061035156,119.88999938964844,117.30000305175781,117.83989715576172,47265,2025-01-10 15:30:00+00:00
117.25,118.75,117.10449981689453,118.625,86889,2025-01-10 16:30:00+00:00
118.61000061035156,120.0,118.44010162353516,119.44499969482422,52853,2025-01-10 17:30:00+00:00
119.22010040283203,119.74500274658203,118.62000274658203,119.12000274658203,52587,2025-01-10 18:30:00+00:00
118.9175033569336,119.58999633789062,118.69999694824219,118.95999908447266,46982,2025-01-10 19:30:00+00:00
118.86000061035156,119.47000122070312,118.70500183105469,118.83999633789062,116370,2025-01-10 20:30:00+00:00
115.44000244140625,117.93389892578125,114.62999725341797,115.63999938964844,179923,2025-01-13 14:30:00+00:00
115.38999938964844,116.75,115.08000183105469,115.51000213623047,88956,2025-01-13 15:30:00+00:00
115.69740295410156,116.68000030517578,115.37999725341797,116.44000244140625,53570,2025-01-13 16:30:00+00:00
116.52999877929688,116.52999877929688,115.19999694824219,116.43499755859375,79209,2025-01-13 17:30:00+00:00
116.58999633789062,117.16999816894531,116.29000091552734,116.9749984741211,78743,2025-01-13 18:30:00+00:00
116.9800033569336,118.05999755859375,116.7699966430664,117.13999938964844,54767,2025-01-13 19:30:00+00:00
117.2300033569336,118.76000213623047,117.2300033569336,118.6500015258789,158345,2025-01-13 20:30:00+00:00
121.02999877929688,122.98999786376953,119.81999969482422,122.52999877929688,102407,2025-01-14 14:30:00+00:00
122.49500274658203,122.76750183105469,121.19499969482422,121.55000305175781,105806,2025-01-14 15:30:00+00:00
121.55999755859375,122.38999938964844,120.8499984741211,122.16999816894531,91536,2025-01-14 16:30:00+00:00
122.0,123.67500305175781,121.5,123.56790161132812,72915,2025-01-14 17:30:00+00:00
123.75,125.31999969482422,123.63500213623047,124.75,68293,2025-01-14 18:30:00+00:00
124.62999725341797,125.43000030517578,123.06999969482422,124.43499755859375,89967,2025-01-14 19:30:00+00:00
124.61000061035156,124.97000122070312,124.0999984741211,124.72000122070312,117807,2025-01-14 20:30:00+00:00
129.0,130.74000549316406,128.99000549316406,129.6999969482422,149540,2025-01-15 14:30:00+00:00
129.89999389648438,131.4199981689453,129.39999389648438,130.71499633789062,110855,2025-01-15 15:30:00+00:00
130.71499633789062,131.3000030517578,129.78399658203125,130.6649932861328,100858,2025-01-15 16:30:00+00:00
130.74749755859375,131.00999450683594,129.83999633789062,130.31500244140625,50424,2025-01-15 17:30:00+00:00
130.25999450683594,130.6999969482422,129.39999389648438,130.0850067138672,98084,2025-01-15 18:30:00+00:00
130.0675048828125,130.82000732421875,129.75,130.4600067138672,76900,2025-01-15 19:30:00+00:00
130.3800048828125,130.50999450683594,129.7949981689453,130.0500030517578,164268,2025-01-15 20:30:00+00:00
130.57000732421875,134.0,130.0,133.8000030517578,95088,2025-01-16 14:30:00+00:00
133.67999267578125,134.63499450683594,132.52999877929688,134.22999572753906,77996,2025-01-16 15:30:00+00:00
134.05999755859375,134.2100067138672,132.61000061035156,133.60000610351562,34969,2025-01-16 16:30:00+00:00
133.32000732421875,133.3350067138672,132.0,132.17999267578125,35330,2025-01-16 17:30:00+00:00
132.14999389648438,132.3699951171875,131.7899932861328,132.36000061035156,25278,2025-01-16 18:30:00+00:00
132.24000549316406,132.92999267578125,131.67999267578125,132.84500122070312,45834,2025-01-16 19:30:00+00:00
132.86000061035156,133.1300048828125,132.52999877929688,132.55999755859375,94879,2025-01-16 20:30:00+00:00
134.47000122070312,135.70449829101562,133.54710388183594,134.11500549316406,87187,2025-01-17 14:30:00+00:00
134.91250610351562,136.66000366210938,134.60000610351562,136.22000122070312,46710,2025-01-17 15:30:00+00:00
136.3470001220703,136.8000030517578,135.75999450683594,136.0,58803,2025-01-17 16:30:00+00:00
136.13999938964844,136.15499877929688,135.47999572753906,135.6999969482422,63839,2025-01-17 17:30:00+00:00
135.55999755859375,136.156005859375,135.55999755859375,135.89500427246094,89893,2025-01-17 18:30:00+00:00
135.8699951171875,135.91000366210938,133.41000366210938,133.60000610351562,101096,2025-01-17 19:30:00+00:00
133.67999267578125,134.02000427246094,132.57000732421875,132.80999755859375,211589,2025-01-17 20:30:00+00:00
136.00999450683594,137.07000732421875,132.30999755859375,133.38999938964844,76891,2025-01-21 14:30:00+00:00
133.23500061035156,134.10499572753906,132.5749969482422,133.49000549316406,65663,2025-01-21 15:30:00+00:00
133.3300018310547,135.28500366210938,133.0800018310547,135.08999633789062,72655,2025-01-21 16:30:00+00:00
135.08999633789062,137.75399780273438,135.02000427246094,137.61000061035156,106344,2025-01-21 17:30:00+00:00
137.61000061035156,138.60499572753906,137.3699951171875,138.36000061035156,69582,2025-01-21 18:30:00+00:00
138.16000366210938,138.69000244140625,137.60499572753906,138.33999633789062,81266,2025-01-21 19:30:00+00:00
138.35000610351562,139.80999755859375,138.2100067138672,139.6699981689453,173436,2025-01-21 20:30:00+00:00
140.0,145.9427947998047,139.97999572753906,143.23500061035156,188890,2025-01-22 14:30:00+00:00
143.23500061035156,143.70159912109375,141.4774932861328,142.2100067138672,102354,2025-01-22 15:30:00+00:00
142.22999572753906,143.5236053466797,142.10000610351562,142.61000061035156,63858,2025-01-22 16:30:00+00:00
142.75999450683594,144.69000244140625,142.75999450683594,144.6199951171875,94207,2025-01-22 17:30:00+00:00
144.6300048828125,145.49000549316406,144.19000244140625,144.47500610351562,91780,2025-01-22 18:30:00+00:00
144.44500732421875,144.61000061035156,143.47000122070312,143.99000549316406,92962,2025-01-22 19:30:00+00:00
143.94000244140625,144.10000610351562,142.5800018310547,142.69000244140625,219665,2025-01-22 20:30:00+00:00
140.6999969482422,143.6300048828125,140.6999969482422,142.30999755859375,63290,2025-01-23 14:30:00+00:00
142.3350067138672,143.72999572753906,142.3000030517578,143.6199951171875,47520,2025-01-23 15:30:00+00:00
143.69000244140625,145.19000244140625,143.69000244140625,144.14999389648438,44727,2025-01-23 16:30:00+00:00
143.8699951171875,145.61630249023438,143.8699951171875,145.43499755859375,55185,2025-01-23 17:30:00+00:00
145.5399932861328,145.6999969482422,144.1199951171875,144.3699951171875,69590,2025-01-23 18:30:00+00:00
144.375,144.5782012939453,142.0,142.13499450683594,84238,2025-01-23 19:30:00+00:00
141.99000549316406,142.02000427246094,139.67999267578125,140.19000244140625,329822,2025-01-23 20:30:00+00:00
141.5,142.0800018310547,138.17430114746094,138.58999633789062,113898,2025-01-24 14:30:00+00:00
138.10000610351562,138.1699981689453,135.97000122070312,136.6699981689453,95909,2025-01-24 15:30:00+00:00
137.0399932861328,137.0399932861328,133.85000610351562,135.77000427246094,102286,2025-01-24 16:30:00+00:00
136.03089904785156,136.83030700683594,134.8000030517578,136.0,76288,2025-01-24 17:30:00+00:00
135.9499969482422,136.0500030517578,131.77000427246094,133.05999755859375,107890,2025-01-24 18:30:00+00:00
132.82000732421875,133.10000610351562,131.3699951171875,131.86000061035156,100112,2025-01-24 19:30:00+00:00
132.01499938964844,132.92999267578125,131.97000122070312,132.24000549316406,138346,2025-01-24 20:30:00+00:00
120.02999877929688,121.52999877929688,101.7699966430664,102.30999755859375,664822,2025-01-27 14:30:00+00:00
102.01000213623047,104.19000244140625,94.96499633789062,95.92500305175781,695838,2025-01-27 15:30:00+00:00
95.94999694824219,100.60990142822266,94.20999908447266,100.05000305175781,586914,2025-01-27 16:30:00+00:00
100.05000305175781,100.29000091552734,96.55000305175781,96.55000305175781,336378,2025-01-27 17:30:00+00:00
96.51000213623047,98.80500030517578,96.41999816894531,98.5,316193,2025-01-27 18:30:00+00:00
98.42009735107422,99.82270050048828,97.19999694824219,98.58209991455078,488957,2025-01-27 19:30:00+00:00
98.58499908447266,99.33999633789062,96.43000030517578,97.45999908447266,793712,2025-01-27 20:30:00+00:00
101.36000061035156,102.02999877929688,93.27999877929688,95.41999816894531,552481,2025-01-28 14:30:00+00:00
95.25,95.87000274658203,91.41000366210938,91.54000091552734,381395,2025-01-28 15:30:00+00:00
91.62999725341797,92.4000015258789,89.55000305175781,90.91999816894531,657998,2025-01-28 16:30:00+00:00
90.97730255126953,93.91459655761719,90.67500305175781,93.16999816894531,546404,2025-01-28 17:30:00+00:00
93.08499908447266,95.56999969482422,93.08499908447266,95.43000030517578,346419,2025-01-28 18:30:00+00:00
95.41500091552734,97.48999786376953,95.41500091552734,96.0999984741211,288972,2025-01-28 19:30:00+00:00
96.08000183105469,96.12999725341797,94.5199966430664,95.05999755859375,510796,2025-01-28 20:30:00+00:00
95.76000213623047,98.37999725341797,93.41500091552734,98.1333999633789,499762,2025-01-29 14:30:00+00:00
98.05000305175781,98.4000015258789,95.9000015258789,96.48999786376953,252619,2025-01-29 15:30:00+00:00
96.4000015258789,97.2750015258789,96.08999633789062,97.19499969482422,193570,2025-01-29 16:30:00+00:00
97.33000183105469,97.70999908447266,95.66999816894531,96.72000122070312,153756,2025-01-29 17:30:00+00:00
96.72000122070312,98.15049743652344,96.72000122070312,97.7344970703125,180160,2025-01-29 18:30:00+00:00
97.61000061035156,99.55500030517578,97.44000244140625,99.30000305175781,246671,2025-01-29 19:30:00+00:00
99.11000061035156,99.11000061035156,97.55000305175781,98.22000122070312,360871,2025-01-29 20:30:00+00:00
100.0,104.7300033569336,99.17109680175781,101.61499786376953,374966,2025-01-30 14:30:00+00:00
101.61000061035156,102.30500030517578,100.79000091552734,101.44000244140625,189424,2025-01-30 15:30:00+00:00
101.62000274658203,103.5,101.62000274658203,102.76000213623047,147254,2025-01-30 16:30:00+00:00
102.83499908447266,103.5875015258789,102.27999877929688,102.81500244140625,117543,2025-01-30 17:30:00+00:00
102.8499984741211,104.76000213623047,102.8499984741211,104.26499938964844,143193,2025-01-30 18:30:00+00:00
104.26499938964844,104.83000183105469,103.69999694824219,104.2699966430664,250469,2025-01-30 19:30:00+00:00
104.24500274658203,104.57499694824219,102.29000091552734,102.45999908447266,364193,2025-01-30 20:30:00+00:00
103.18000030517578,104.41999816894531,100.08000183105469,102.79219818115234,193810,2025-01-31 14:30:00+00:00
102.7300033569336,104.30999755859375,102.33000183105469,104.2300033569336,163585,2025-01-31 15:30:00+00:00
104.2300033569336,104.84989929199219,102.1050033569336,102.86750030517578,95378,2025-01-31 16:30:00+00:00
102.9800033569336,104.0,101.83999633789062,101.8499984741211,101475,2025-01-31 17:30:00+00:00
101.83999633789062,101.8499984741211,99.69000244140625,100.91500091552734,131834,2025-01-31 18:30:00+00:00
101.01499938964844,101.31999969482422,99.37999725341797,100.81999969482422,132936,2025-01-31 19:30:00+00:00
100.69999694824219,101.69999694824219,100.69999694824219,101.33999633789062,206630,2025-01-31 20:30:00+00:00
96.52999877929688,97.61000061035156,95.13999938964844,96.80500030517578,291777,2025-02-03 14:30:00+00:00
96.7699966430664,98.13990020751953,96.5199966430664,97.05500030517578,188883,2025-02-03 15:30:00+00:00
97.05000305175781,97.38520050048828,96.15769958496094,96.58499908447266,65458,2025-02-03 16:30:00+00:00
96.25,96.87999725341797,95.69499969482422,96.20500183105469,92094,2025-02-03 17:30:00+00:00
96.27999877929688,96.93000030517578,95.9800033569336,96.30000305175781,78811,2025-02-03 18:30:00+00:00
96.30000305175781,97.47000122070312,96.25,96.80999755859375,129406,2025-02-03 19:30:00+00:00
96.70999908447266,97.4000015258789,96.31999969482422,96.55999755859375,219149,2025-02-03 20:30:00+00:00
96.16999816894531,97.9999008178711,94.83000183105469,97.74500274658203,222540,2025-02-04 14:30:00+00:00
97.69999694824219,98.04499816894531,95.8499984741211,97.16999816894531,196775,2025-02-04 15:30:00+00:00
97.18000030517578,97.31999969482422,96.1500015258789,96.1500015258789,109992,2025-02-04 16:30:00+00:00
96.1500015258789,97.30999755859375,96.1500015258789,97.18499755859375,105467,2025-02-04 17:30:00+00:00
97.04000091552734,97.6500015258789,96.44999694824219,97.05999755859375,124297,2025-02-04 18:30:00+00:00
97.18000030517578,98.48989868164062,96.91000366210938,97.63999938964844,281215,2025-02-04 19:30:00+00:00
97.6500015258789,99.19000244140625,97.57499694824219,98.41000366210938,419262,2025-02-04 20:30:00+00:00
104.0,104.78209686279297,99.02580261230469,102.28500366210938,443131,2025-02-05 14:30:00+00:00
102.31999969482422,105.94999694824219,101.5199966430664,103.20999908447266,315942,2025-02-05 15:30:00+00:00
103.29000091552734,104.73999786376953,103.18499755859375,104.06999969482422,151675,2025-02-05 16:30:00+00:00
103.86000061035156,105.0,102.8499984741211,102.8499984741211,138874,2025-02-05 17:30:00+00:00
103.05999755859375,104.18990325927734,102.50299835205078,103.88500213623047,136621,2025-02-05 18:30:00+00:00
103.88500213623047,104.86000061035156,103.58000183105469,103.67500305175781,172998,2025-02-05 19:30:00+00:00
103.67500305175781,106.77999877929688,103.11000061035156,105.5999984741211,446436,2025-02-05 20:30:00+00:00
103.77999877929688,105.13500213623047,101.30999755859375,101.94999694824219,161858,2025-02-06 14:30:00+00:00
101.87000274658203,102.3499984741211,100.18000030517578,102.19000244140625,118114,2025-02-06 15:30:00+00:00
102.2300033569336,103.2300033569336,101.5,102.79000091552734,76673,2025-02-06 16:30:00+00:00
102.6500015258789,102.87000274658203,100.37000274658203,100.37000274658203,100054,2025-02-06 17:30:00+00:00
100.36000061035156,100.3655014038086,97.82499694824219,98.20500183105469,169448,2025-02-06 18:30:00+00:00
98.11000061035156,99.08000183105469,97.5199966430664,98.3550033569336,249515,2025-02-06 19:30:00+00:00
98.44000244140625,98.44000244140625,97.30999755859375,97.63999938964844,314703,2025-02-06 20:30:00+00:00
97.43000030517578,97.5,93.43000030517578,97.41000366210938,423151,2025-02-07 14:30:00+00:00
97.26499938964844,97.5,94.67960357666016,95.33999633789062,226216,2025-02-07 15:30:00+00:00
95.33999633789062,95.94999694824219,94.62999725341797,95.30000305175781,126864,2025-02-07 16:30:00+00:00
95.19000244140625,96.91999816894531,95.05999755859375,96.91000366210938,159062,2025-02-07 17:30:00+00:00
96.86000061035156,97.61000061035156,96.8156967163086,97.48750305175781,151629,2025-02-07 18:30:00+00:00
97.56999969482422,98.37999725341797,97.25,98.00150299072266,243174,2025-02-07 19:30:00+00:00
98.06500244140625,99.04000091552734,98.0,98.62999725341797,293050,2025-02-07 20:30:00+00:00
99.0,100.98999786376953,97.0000991821289,97.19999694824219,147529,2025-02-10 14:30:00+00:00
97.25499725341797,97.69000244140625,96.13999938964844,96.83999633789062,216223,2025-02-10 15:30:00+00:00
96.86000061035156,98.19999694824219,96.48999786376953,98.19999694824219,84838,2025-02-10 16:30:00+00:00
98.0,99.01000213623047,98.0,98.44000244140625,68891,2025-02-10 17:30:00+00:00
98.42500305175781,99.55999755859375,98.2300033569336,99.1050033569336,68307,2025-02-10 18:30:00+00:00
99.04509735107422,99.19999694824219,98.26499938964844,98.68000030517578,93708,2025-02-10 19:30:00+00:00
98.68000030517578,99.13999938964844,97.86000061035156,98.87000274658203,255466,2025-02-10 20:30:00+00:00
97.0,97.61000061035156,96.11000061035156,97.3499984741211,131697,2025-02-11 14:30:00+00:00
97.3499984741211,99.0,97.20600128173828,97.68000030517578,65339,2025-02-11 15:30:00+00:00
97.63999938964844,97.91999816894531,96.41000366210938,97.11499786376953,163674,2025-02-11 16:30:00+00:00
97.11499786376953,97.56999969482422,96.53800201416016,97.29499816894531,79594,2025-02-11 17:30:00+00:00
97.44000244140625,97.75,97.16000366210938,97.5199966430664,42304,2025-02-11 18:30:00+00:00
97.5199966430664,97.88999938964844,97.16000366210938,97.56999969482422,123752,2025-02-11 19:30:00+00:00
97.56069946289062,97.69000244140625,97.08999633789062,97.16000366210938,210764,2025-02-11 20:30:00+00:00
93.2699966430664,95.95999908447266,91.11170196533203,95.06999969482422,228550,2025-02-12 14:30:00+00:00
95.08000183105469,95.69000244140625,94.91999816894531,95.37000274658203,149471,2025-02-12 15:30:00+00:00
95.36000061035156,96.48500061035156,95.29000091552734,96.41999816894531,64812,2025-02-12 16:30:00+00:00
96.4800033569336,96.95999908447266,95.88739776611328,96.55000305175781,111951,2025-02-12 17:30:00+00:00
96.58999633789062,96.88999938964844,96.11499786376953,96.6500015258789,80559,2025-02-12 18:30:00+00:00
96.61000061035156,97.18499755859375,96.44999694824219,97.08999633789062,84211,2025-02-12 19:30:00+00:00
97.18000030517578,97.75,96.8375015258789,97.44000244140625,227630,2025-02-12 20:30:00+00:00
97.69999694824219,98.18499755859375,96.4260025024414,96.4260025024414,81242,2025-02-13 14:30:00+00:00
96.58000183105469,96.62000274658203,92.80999755859375,92.8817138671875,198572,2025-02-13 15:30:00+00:00
92.80999755859375,94.38999938964844,92.33999633789062,93.65170288085938,161516,2025-02-13 16:30:00+00:00
93.54000091552734,93.62999725341797,92.43000030517578,93.18499755859375,154911,2025-02-13 17:30:00+00:00
93.16000366210938,93.8499984741211,92.51000213623047,93.3499984741211,236124,2025-02-13 18:30:00+00:00
93.20999908447266,93.83999633789062,93.0999984741211,93.80999755859375,192726,2025-02-13 19:30:00+00:00
93.76000213623047,93.7699966430664,92.58000183105469,93.12999725341797,230414,2025-02-13 20:30:00+00:00
93.02999877929688,93.51000213623047,90.03500366210938,92.75499725341797,230626,2025-02-14 14:30:00+00:00
92.86499786376953,94.66999816894531,92.12000274658203,92.80999755859375,214492,2025-02-14 15:30:00+00:00
92.72000122070312,93.20999908447266,90.90550231933594,91.1050033569336,245424,2025-02-14 16:30:00+00:00
91.0999984741211,92.7699966430664,91.09719848632812,92.33499908447266,218734,2025-02-14 17:30:00+00:00
92.29000091552734,93.18000030517578,91.56999969482422,92.88999938964844,117001,2025-02-14 18:30:00+00:00
92.9749984741211,93.20999908447266,92.0,92.2300033569336,138418,2025-02-14 19:30:00+00:00
92.23500061035156,92.69999694824219,91.75,92.66999816894531,451582,2025-02-14 20:30:00+00:00
91.38999938964844,93.5199966430664,90.1500015258789,90.47000122070312,315326,2025-02-18 14:30:00+00:00
90.30999755859375,91.2300033569336,89.6500015258789,90.44000244140625,273999,2025-02-18 15:30:00+00:00
90.44000244140625,90.74500274658203,89.75,89.88500213623047,289934,2025-02-18 16:30:00+00:00
89.88500213623047,90.79000091552734,89.87000274658203,90.30999755859375,279681,2025-02-18 17:30:00+00:00
90.29000091552734,91.76000213623047,90.16000366210938,91.05000305175781,231532,2025-02-18 18:30:00+00:00
91.02999877929688,91.55999755859375,90.26000213623047,90.36499786376953,153828,2025-02-18 19:30:00+00:00
90.36499786376953,92.4000015258789,90.36000061035156,92.33000183105469,294670,2025-02-18 20:30:00+00:00
91.94000244140625,93.0,90.16999816894531,90.37999725341797,101579,2025-02-19 14:30:00+00:00
90.26000213623047,91.01000213623047,89.95999908447266,90.52639770507812,81693,2025-02-19 15:30:00+00:00
90.43000030517578,90.80000305175781,89.9800033569336,90.33000183105469,96802,2025-02-19 16:30:00+00:00
90.30999755859375,90.33999633789062,87.18000030517578,87.98999786376953,225193,2025-02-19 17:30:00+00:00
87.98999786376953,88.75,86.81999969482422,88.2699966430664,244708,2025-02-19 18:30:00+00:00
88.31999969482422,88.3550033569336,87.05500030517578,87.5250015258789,330699,2025-02-19 19:30:00+00:00
87.5999984741211,89.52999877929688,87.5999984741211,88.91000366210938,421722,2025-02-19 20:30:00+00:00
88.83999633789062,90.58499908447266,86.25,89.5999984741211,433397,2025-02-20 14:30:00+00:00
89.7249984741211,89.7249984741211,88.07250213623047,88.93000030517578,316570,2025-02-20 15:30:00+00:00
89.02999877929688,90.56999969482422,88.9000015258789,90.44000244140625,138459,2025-02-20 16:30:00+00:00
90.41000366210938,91.58000183105469,90.38500213623047,91.4000015258789,191809,2025-02-20 17:30:00+00:00
91.37999725341797,92.6500015258789,91.12000274658203,92.45999908447266,171887,2025-02-20 18:30:00+00:00
92.43000030517578,94.0,91.81999969482422,93.7249984741211,266416,2025-02-20 19:30:00+00:00
93.81999969482422,94.55000305175781,93.44999694824219,94.11000061035156,523874,2025-02-20 20:30:00+00:00
95.88999938964844,96.30500030517578,92.41999816894531,92.4800033569336,221757,2025-02-21 14:30:00+00:00
92.55000305175781,92.87999725341797,90.54000091552734,92.00800323486328,225209,2025-02-21 15:30:00+00:00
92.0,92.16999816894531,89.5,89.51000213623047,193510,2025-02-21 16:30:00+00:00
89.52999877929688,89.52999877929688,86.29100036621094,86.45500183105469,232648,2025-02-21 17:30:00+00:00
86.44999694824219,87.16999816894531,85.37999725341797,85.52999877929688,161495,2025-02-21 18:30:00+00:00
85.49500274658203,87.25,85.49500274658203,86.7699966430664,207133,2025-02-21 19:30:00+00:00
86.8499984741211,87.43000030517578,86.16000366210938,86.22000122070312,265496,2025-02-21 20:30:00+00:00
86.75,86.98999786376953,80.2699966430664,82.0199966430664,600124,2025-02-24 14:30:00+00:00
82.25,84.88999938964844,81.91000366210938,84.78500366210938,350562,2025-02-24 15:30:00+00:00
84.78500366210938,86.08999633789062,84.16999816894531,85.51000213623047,215008,2025-02-24 16:30:00+00:00
85.51499938964844,85.625,84.3499984741211,84.45999908447266,159092,2025-02-24 17:30:00+00:00
84.41000366210938,84.76000213623047,83.86000061035156,84.52999877929688,226283,2025-02-24 18:30:00+00:00
84.52999877929688,84.66000366210938,83.27999877929688,83.68499755859375,295899,2025-02-24 19:30:00+00:00
83.68499755859375,84.05000305175781,83.20500183105469,83.41000366210938,439142,2025-02-24 20:30:00+00:00
83.87999725341797,87.63999938964844,82.87000274658203,83.05000305175781,366290,2025-02-25 14:30:00+00:00
83.22000122070312,86.66999816894531,82.88999938964844,85.0,258429,2025-02-25 15:30:00+00:00
85.19000244140625,85.83000183105469,84.30490112304688,84.82499694824219,147179,2025-02-25 16:30:00+00:00
84.86000061035156,86.56999969482422,84.62000274658203,85.78500366210938,213238,2025-02-25 17:30:00+00:00
85.69999694824219,86.5,85.0999984741211,85.31500244140625,200848,2025-02-25 18:30:00+00:00
85.32499694824219,87.83000183105469,85.32499694824219,87.16999816894531,197462,2025-02-25 19:30:00+00:00
87.12000274658203,87.12999725341797,85.63999938964844,86.31999969482422,258076,2025-02-25 20:30:00+00:00
89.5,91.4000015258789,88.11499786376953,88.33000183105469,204215,2025-02-26 14:30:00+00:00
88.12000274658203,88.62989807128906,86.94000244140625,87.78500366210938,140695,2025-02-26 15:30:00+00:00
87.5,88.18000030517578,87.16000366210938,87.86000061035156,86308,2025-02-26 16:30:00+00:00
87.9000015258789,87.99310302734375,86.61499786376953,86.86499786376953,78834,2025-02-26 17:30:00+00:00
86.94000244140625,87.41999816894531,85.9000015258789,87.33999633789062,113115,2025-02-26 18:30:00+00:00
87.41999816894531,88.61000061035156,87.38999938964844,88.19999694824219,208665,2025-02-26 19:30:00+00:00
88.25,88.4000015258789,86.68000030517578,86.94000244140625,310748,2025-02-26 20:30:00+00:00
88.0,88.03500366210938,82.56999969482422,85.04000091552734,320559,2025-02-27 14:30:00+00:00
84.93000030517578,85.30000305175781,82.86000061035156,84.0199966430664,188036,2025-02-27 15:30:00+00:00
84.05819702148438,84.29740142822266,82.37000274658203,82.4800033569336,98510,2025-02-27 16:30:00+00:00
82.56999969482422,82.6500015258789,81.62999725341797,81.91000366210938,295176,2025-02-27 17:30:00+00:00
81.80000305175781,82.08999633789062,79.93000030517578,80.0,163631,2025-02-27 18:30:00+00:00
80.0,80.56999969482422,78.87999725341797,79.19999694824219,450226,2025-02-27 19:30:00+00:00
79.0,79.5250015258789,78.41999816894531,79.41000366210938,444877,2025-02-27 20:30:00+00:00
81.79000091552734,85.13999938964844,79.30000305175781,84.82499694824219,717784,2025-02-28 14:30:00+00:00
84.82499694824219,85.2699966430664,83.4000015258789,83.77999877929688,174684,2025-02-28 15:30:00+00:00
83.3499984741211,83.7699966430664,82.75,83.11499786376953,108671,2025-02-28 16:30:00+00:00
83.24400329589844,83.24400329589844,81.04000091552734,81.62000274658203,143263,2025-02-28 17:30:00+00:00
81.58999633789062,82.70999908447266,81.01000213623047,82.16000366210938,136921,2025-02-28 18:30:00+00:00
82.1449966430664,84.18000030517578,82.1449966430664,84.1500015258789,187331,2025-02-28 19:30:00+00:00
84.12999725341797,84.83000183105469,83.54000091552734,84.63999938964844,350003,2025-02-28 20:30:00+00:00
86.0,86.17990112304688,80.20999908447266,82.6449966430664,256743,2025-03-03 14:30:00+00:00
82.66000366210938,82.91000366210938,80.51000213623047,81.02999877929688,183167,2025-03-03 15:30:00+00:00
81.0199966430664,81.58000183105469,80.56500244140625,81.12000274658203,188406,2025-03-03 16:30:00+00:00
81.12999725341797,81.54000091552734,78.5999984741211,78.62000274658203,118618,2025-03-03 17:30:00+00:00
78.66999816894531,80.27999877929688,78.5,79.2699966430664,138599,2025-03-03 18:30:00+00:00
79.16999816894531,80.0199966430664,76.11000061035156,76.5999984741211,302880,2025-03-03 19:30:00+00:00
76.62999725341797,77.13999938964844,75.82050323486328,77.06999969482422,466753,2025-03-03 20:30:00+00:00
75.19999694824219,76.43000030517578,72.48999786376953,73.8550033569336,181976,2025-03-04 14:30:00+00:00
73.8550033569336,75.22000122070312,73.2699966430664,73.5999984741211,265838,2025-03-04 15:30:00+00:00
73.69000244140625,75.72000122070312,73.51499938964844,75.43499755859375,177983,2025-03-04 16:30:00+00:00
75.23500061035156,76.19000244140625,74.5,76.12999725341797,146494,2025-03-04 17:30:00+00:00
76.05999755859375,78.72000122070312,75.97000122070312,78.18000030517578,243990,2025-03-04 18:30:00+00:00
78.23999786376953,79.32499694824219,77.19999694824219,78.86000061035156,270858,2025-03-04 19:30:00+00:00
78.69999694824219,78.80999755859375,77.50499725341797,78.08999633789062,550005,2025-03-04 20:30:00+00:00
79.94999694824219,80.07499694824219,76.18000030517578,77.91999816894531,243304,2025-03-05 14:30:00+00:00
77.93000030517578,79.41999816894531,77.52999877929688,77.87000274658203,66840,2025-03-05 15:30:00+00:00
77.75499725341797,79.125,77.0999984741211,78.12000274658203,105348,2025-03-05 16:30:00+00:00
78.12999725341797,78.63999938964844,77.30999755859375,77.48500061035156,105964,2025-03-05 17:30:00+00:00
77.43000030517578,79.30000305175781,77.04000091552734,78.6500015258789,132535,2025-03-05 18:30:00+00:00
78.68000030517578,79.1500015258789,78.33999633789062,79.04499816894531,129349,2025-03-05 19:30:00+00:00
78.9800033569336,79.38999938964844,78.66000366210938,79.37000274658203,195476,2025-03-05 20:30:00+00:00
76.54000091552734,77.70500183105469,74.14009857177734,77.22000122070312,399590,2025-03-06 14:30:00+00:00
77.22000122070312,77.68000030517578,76.29000091552734,76.76000213623047,213577,2025-03-06 15:30:00+00:00
77.11499786376953,77.12999725341797,75.25,75.45500183105469,148553,2025-03-06 16:30:00+00:00
75.45999908447266,75.97000122070312,75.16999816894531,75.33999633789062,109277,2025-03-06 17:30:00+00:00
75.33499908447266,75.66999816894531,74.79000091552734,74.98500061035156,192685,2025-03-06 18:30:00+00:00
75.0,76.7699966430664,74.66999816894531,75.66999816894531,353365,2025-03-06 19:30:00+00:00
75.87000274658203,76.37000274658203,75.51000213623047,76.01000213623047,313231,2025-03-06 20:30:00+00:00
77.44999694824219,78.95999908447266,74.5,76.3499984741211,235300,2025-03-07 14:30:00+00:00
76.25,76.25,74.81999969482422,74.83999633789062,161248,2025-03-07 15:30:00+00:00
74.72000122070312,76.16000366210938,74.36499786376953,75.98999786376953,134800,2025-03-07 16:30:00+00:00
75.80999755859375,79.18000030517578,75.79000091552734,78.91000366210938,143735,2025-03-07 17:30:00+00:00
78.83000183105469,81.17500305175781,78.62000274658203,80.86000061035156,96147,2025-03-07 18:30:00+00:00
80.86000061035156,81.5999984741211,80.25,81.41999816894531,140246,2025-03-07 19:30:00+00:00
81.52999877929688,81.9000015258789,80.45999908447266,80.83999633789062,372709,2025-03-07 20:30:00+00:00
77.43000030517578,79.95999908447266,75.54000091552734,75.55000305175781,192978,2025-03-10 13:30:00+00:00
75.54000091552734,76.33000183105469,74.30000305175781,76.12000274658203,192413,2025-03-10 14:30:00+00:00
76.12000274658203,77.81999969482422,76.12000274658203,77.13999938964844,167688,2025-03-10 15:30:00+00:00
77.23500061035156,77.62999725341797,76.0,76.19000244140625,82733,2025-03-10 16:30:00+00:00
76.28500366210938,76.4000015258789,75.19000244140625,75.73999786376953,142958,2025-03-10 17:30:00+00:00
75.81999969482422,77.45999908447266,75.47000122070312,76.8499984741211,213707,2025-03-10 18:30:00+00:00
76.9800033569336,77.9000015258789,76.33000183105469,77.2699966430664,245659,2025-03-10 19:30:00+00:00
77.37999725341797,79.63999938964844,76.17510223388672,77.37999725341797,134004,2025-03-11 13:30:00+00:00
77.23999786376953,78.91999816894531,76.55999755859375,78.51499938964844,90392,2025-03-11 14:30:00+00:00
78.31999969482422,80.26000213623047,77.16999816894531,77.55000305175781,153938,2025-03-11 15:30:00+00:00
77.66500091552734,78.26000213623047,77.20999908447266,77.62999725341797,125894,2025-03-11 16:30:00+00:00
77.62999725341797,80.0199966430664,77.62999725341797,79.87999725341797,115649,2025-03-11 17:30:00+00:00
79.93000030517578,81.55999755859375,79.44999694824219,80.98999786376953,263249,2025-03-11 18:30:00+00:00
80.94999694824219,81.83899688720703,79.94000244140625,80.16000366210938,260249,2025-03-11 19:30:00+00:00
83.0199966430664,84.72000122070312,82.37000274658203,83.27999877929688,180156,2025-03-12 13:30:00+00:00
82.9800033569336,83.81999969482422,81.91999816894531,83.31500244140625,113346,2025-03-12 14:30:00+00:00
83.5,85.1500015258789,83.38999938964844,84.65499877929688,91836,2025-03-12 15:30:00+00:00
84.54000091552734,85.33999633789062,84.08999633789062,84.80999755859375,113012,2025-03-12 16:30:00+00:00
84.69999694824219,85.06999969482422,83.66000366210938,85.06999969482422,156621,2025-03-12 17:30:00+00:00
85.08000183105469,85.79000091552734,84.19499969482422,84.55999755859375,159604,2025-03-12 18:30:00+00:00
84.51499938964844,84.69999694824219,83.68000030517578,84.30999755859375,210744,2025-03-12 19:30:00+00:00
84.23999786376953,85.2698974609375,81.73999786376953,84.20500183105469,254598,2025-03-13 13:30:00+00:00
84.44999694824219,84.61499786376953,82.69999694824219,82.93810272216797,123874,2025-03-13 14:30:00+00:00
83.30999755859375,83.63999938964844,82.68000030517578,82.95500183105469,92758,2025-03-13 15:30:00+00:00
82.80999755859375,83.56999969482422,82.52999877929688,82.83499908447266,148554,2025-03-13 16:30:00+00:00
82.83499908447266,83.19499969482422,81.94000244140625,83.1500015258789,123153,2025-03-13 17:30:00+00:00
83.12999725341797,84.1500015258789,82.27999877929688,82.33000183105469,96493,2025-03-13 18:30:00+00:00
82.38999938964844,82.55000305175781,81.58999633789062,82.01000213623047,197584,2025-03-13 19:30:00+00:00
84.76000213623047,85.80999755859375,83.58000183105469,84.36000061035156,74314,2025-03-14 13:30:00+00:00
84.19999694824219,86.80999755859375,84.09500122070312,86.3949966430664,120477,2025-03-14 14:30:00+00:00
86.48500061035156,86.6500015258789,84.79000091552734,84.8499984741211,129134,2025-03-14 15:30:00+00:00
85.08999633789062,85.82859802246094,84.98500061035156,85.08999633789062,64590,2025-03-14 16:30:00+00:00
85.08999633789062,85.41999816894531,84.83000183105469,85.30000305175781,69888,2025-03-14 17:30:00+00:00
85.29499816894531,85.72000122070312,85.09500122070312,85.27249908447266,86632,2025-03-14 18:30:00+00:00
85.16000366210938,85.44000244140625,84.79000091552734,85.33999633789062,186852,2025-03-14 19:30:00+00:00
85.08000183105469,87.4800033569336,84.01000213623047,85.19000244140625,133638,2025-03-17 13:30:00+00:00
85.11000061035156,87.08999633789062,85.0199966430664,86.75,86207,2025-03-17 14:30:00+00:00
86.6449966430664,86.9000015258789,85.75499725341797,85.77999877929688,42208,2025-03-17 15:30:00+00:00
85.75499725341797,86.2300033569336,85.44999694824219,86.12999725341797,43925,2025-03-17 16:30:00+00:00
86.06999969482422,86.9000015258789,86.05999755859375,86.83000183105469,56466,2025-03-17 17:30:00+00:00
86.80999755859375,87.33000183105469,86.56999969482422,86.91000366210938,82269,2025-03-17 18:30:00+00:00
86.88500213623047,87.79000091552734,86.87000274658203,87.05000305175781,165496,2025-03-17 19:30:00+00:00
85.95999908447266,86.5,83.8499984741211,84.7300033569336,133024,2025-03-18 13:30:00+00:00
84.69000244140625,84.91000366210938,82.30999755859375,83.28250122070312,102266,2025-03-18 14:30:00+00:00
83.08000183105469,83.83999633789062,82.75,83.83000183105469,91411,2025-03-18 15:30:00+00:00
83.87000274658203,84.4000015258789,83.33000183105469,83.76499938964844,90369,2025-03-18 16:30:00+00:00
83.94000244140625,84.29000091552734,83.13999938964844,83.55999755859375,58705,2025-03-18 17:30:00+00:00
83.63999938964844,83.94999694824219,83.11180114746094,83.6050033569336,131921,2025-03-18 18:30:00+00:00
83.66000366210938,83.95999908447266,82.98999786376953,83.11000061035156,201128,2025-03-18 19:30:00+00:00
84.02999877929688,85.37000274658203,83.61499786376953,85.1050033569336,116485,2025-03-19 13:30:00+00:00
85.0,86.13749694824219,84.98999786376953,85.7699966430664,105609,2025-03-19 14:30:00+00:00
85.8218002319336,87.0,85.72000122070312,86.98719787597656,86984,2025-03-19 15:30:00+00:00
86.94499969482422,87.05999755859375,86.25499725341797,86.33000183105469,81387,2025-03-19 16:30:00+00:00
86.20429992675781,87.52999877929688,85.76000213623047,87.19999694824219,95280,2025-03-19 17:30:00+00:00
87.27999877929688,89.44999694824219,87.11000061035156,87.2125015258789,234406,2025-03-19 18:30:00+00:00
87.30999755859375,88.81999969482422,87.23999786376953,87.77999877929688,186778,2025-03-19 19:30:00+00:00
85.97000122070312,88.12999725341797,85.97000122070312,87.35700225830078,104719,2025-03-20 13:30:00+00:00
87.3499984741211,88.73999786376953,86.875,88.5199966430664,116182,2025-03-20 14:30:00+00:00
88.5374984741211,88.55999755859375,87.5199966430664,87.5999984741211,137823,2025-03-20 15:30:00+00:00
87.58999633789062,88.68000030517578,87.55999755859375,88.02999877929688,113645,2025-03-20 16:30:00+00:00
88.0250015258789,88.8499984741211,87.97000122070312,88.0,90807,2025-03-20 17:30:00+00:00
88.0,88.05999755859375,87.19000244140625,87.67500305175781,68352,2025-03-20 18:30:00+00:00
87.79000091552734,88.16000366210938,87.44999694824219,87.70999908447266,187222,2025-03-20 19:30:00+00:00
86.0,86.62000274658203,85.01000213623047,86.15499877929688,192939,2025-03-21 13:30:00+00:00
85.88999938964844,87.29499816894531,85.87000274658203,86.3550033569336,97500,2025-03-21 14:30:00+00:00
86.43000030517578,87.87999725341797,86.38999938964844,87.55999755859375,84534,2025-03-21 15:30:00+00:00
87.6449966430664,87.93000030517578,87.01000213623047,87.37000274658203,65575,2025-03-21 16:30:00+00:00
87.3550033569336,88.5999984741211,87.29000091552734,88.375,95970,2025-03-21 17:30:00+00:00
88.375,88.81999969482422,88.11000061035156,88.36000061035156,98180,2025-03-21 18:30:00+00:00
88.38500213623047,89.0,88.29000091552734,88.55000305175781,264429,2025-03-21 19:30:00+00:00
91.38999938964844,92.43499755859375,90.05000305175781,91.81999969482422,61485,2025-03-24 13:30:00+00:00
91.98999786376953,92.25,91.32009887695312,91.83000183105469,67075,2025-03-24 14:30:00+00:00
91.65499877929688,92.01000213623047,91.25499725341797,91.37000274658203,61482,2025-03-24 15:30:00+00:00
91.41999816894531,91.4800033569336,90.80000305175781,91.38999938964844,81175,2025-03-24 16:30:00+00:00
91.37999725341797,91.48989868164062,90.91999816894531,91.12999725341797,40931,2025-03-24 17:30:00+00:00
91.08000183105469,92.0,91.08000183105469,91.23999786376953,84911,2025-03-24 18:30:00+00:00
91.26000213623047,92.9000015258789,91.2300033569336,92.81999969482422,182421,2025-03-24 19:30:00+00:00
92.44999694824219,93.80000305175781,91.37999725341797,93.58000183105469,185514,2025-03-25 13:30:00+00:00
93.58000183105469,93.9800033569336,93.09210205078125,93.31500244140625,75377,2025-03-25 14:30:00+00:00
93.26000213623047,94.20999908447266,92.95500183105469,94.16000366210938,55753,2025-03-25 15:30:00+00:00
94.13999938964844,94.54409790039062,93.87000274658203,93.87000274658203,68452,2025-03-25 16:30:00+00:00
93.91000366210938,94.5199966430664,93.91000366210938,94.3949966430664,129862,2025-03-25 17:30:00+00:00
94.45999908447266,95.48999786376953,93.5999984741211,93.66000366210938,185289,2025-03-25 18:30:00+00:00
93.61000061035156,94.30999755859375,93.16000366210938,93.22000122070312,293136,2025-03-25 19:30:00+00:00
91.44000244140625,93.02999877929688,87.87000274658203,89.90499877929688,193755,2025-03-26 13:30:00+00:00
89.80000305175781,90.63999938964844,89.33999633789062,89.79000091552734,144828,2025-03-26 14:30:00+00:00
89.94000244140625,90.41999816894531,88.93000030517578,89.41999816894531,79610,2025-03-26 15:30:00+00:00
89.45999908447266,89.55999755859375,87.0,87.19499969482422,109512,2025-03-26 16:30:00+00:00
87.19000244140625,87.83000183105469,86.5,87.6500015258789,112344,2025-03-26 17:30:00+00:00
87.7249984741211,88.12000274658203,86.38999938964844,86.75499725341797,97466,2025-03-26 18:30:00+00:00
86.83999633789062,87.0999984741211,86.1500015258789,86.62999725341797,207773,2025-03-26 19:30:00+00:00
84.88999938964844,86.05000305175781,82.97000122070312,83.99500274658203,137488,2025-03-27 13:30:00+00:00
84.12999725341797,84.75589752197266,82.63999938964844,82.63999938964844,93886,2025-03-27 14:30:00+00:00
82.58999633789062,83.12999725341797,81.69999694824219,82.52999877929688,108068,2025-03-27 15:30:00+00:00
82.63999938964844,82.66999816894531,81.51000213623047,81.68000030517578,72385,2025-03-27 16:30:00+00:00
81.66999816894531,81.91999816894531,80.63999938964844,80.63999938964844,116274,2025-03-27 17:30:00+00:00
80.7300033569336,81.58000183105469,80.04000091552734,81.16999816894531,234154,2025-03-27 18:30:00+00:00
81.20999908447266,81.29000091552734,79.89080047607422,79.97000122070312,226360,2025-03-27 19:30:00+00:00
78.66000366210938,79.18229675292969,75.86000061035156,76.2699966430664,187463,2025-03-28 13:30:00+00:00
76.48999786376953,77.45500183105469,75.30000305175781,76.36000061035156,143769,2025-03-28 14:30:00+00:00
76.2699966430664,77.0199966430664,75.80999755859375,76.22000122070312,106053,2025-03-28 15:30:00+00:00
76.2300033569336,77.62826538085938,75.9000015258789,77.41000366210938,219536,2025-03-28 16:30:00+00:00
77.5,79.5999984741211,77.4000015258789,79.4000015258789,222776,2025-03-28 17:30:00+00:00
79.30999755859375,79.9124984741211,78.55999755859375,78.66000366210938,309357,2025-03-28 18:30:00+00:00
78.71499633789062,79.43499755859375,78.21150207519531,79.25,388293,2025-03-28 19:30:00+00:00
75.5,76.7300033569336,73.29000091552734,74.25,183104,2025-03-31 13:30:00+00:00
74.51000213623047,76.54000091552734,74.23999786376953,76.19999694824219,156009,2025-03-31 14:30:00+00:00
76.06999969482422,77.1500015258789,75.94860076904297,76.94999694824219,117668,2025-03-31 15:30:00+00:00
76.9000015258789,77.12000274658203,76.0,76.13500213623047,73943,2025-03-31 16:30:00+00:00
76.17500305175781,77.29000091552734,75.83999633789062,76.70999908447266,95093,2025-03-31 17:30:00+00:00
76.73500061035156,77.66000366210938,76.38999938964844,76.8550033569336,148185,2025-03-31 18:30:00+00:00
76.75,77.13999938964844,76.31999969482422,76.7300033569336,131069,2025-03-31 19:30:00+00:00
76.73999786376953,77.87000274658203,75.42250061035156,76.06500244140625,83061,2025-04-01 13:30:00+00:00
76.12999725341797,77.7699966430664,76.12999725341797,77.33999633789062,76875,2025-04-01 14:30:00+00:00
77.30999755859375,78.13917541503906,76.97000122070312,77.65499877929688,40380,2025-04-01 15:30:00+00:00
77.37999725341797,78.88999938964844,76.83999633789062,78.51740264892578,93397,2025-04-01 16:30:00+00:00
78.80999755859375,79.08989715576172,77.88999938964844,78.1449966430664,126168,2025-04-01 17:30:00+00:00
78.25,79.55999755859375,78.11000061035156,79.25,153504,2025-04-01 18:30:00+00:00
79.16999816894531,80.33000183105469,79.13839721679688,80.2699966430664,253589,2025-04-01 19:30:00+00:00
78.45999908447266,81.80999755859375,78.12000274658203,81.55999755859375,135487,2025-04-02 13:30:00+00:00
81.55999755859375,84.1500015258789,81.41999816894531,84.1500015258789,195071,2025-04-02 14:30:00+00:00
84.05000305175781,85.19000244140625,83.7699966430664,85.04000091552734,176274,2025-04-02 15:30:00+00:00
84.91999816894531,85.55000305175781,84.33000183105469,85.38500213623047,116312,2025-04-02 16:30:00+00:00
85.38500213623047,85.41999816894531,83.375,83.86000061035156,140541,2025-04-02 17:30:00+00:00
83.76000213623047,84.37999725341797,83.58999633789062,84.09500122070312,162832,2025-04-02 18:30:00+00:00
84.04000091552734,85.41999816894531,83.9800033569336,85.31999969482422,159439,2025-04-02 19:30:00+00:00
76.94999694824219,81.11499786376953,76.1500015258789,76.55500030517578,244688,2025-04-03 13:30:00+00:00
76.73999786376953,76.78500366210938,75.27999877929688,76.0625,165262,2025-04-03 14:30:00+00:00
76.11000061035156,77.5199966430664,76.11000061035156,77.43000030517578,75717,2025-04-03 15:30:00+00:00
77.58000183105469,77.72000122070312,76.62000274658203,76.8499984741211,82110,2025-04-03 16:30:00+00:00
76.83999633789062,77.12999725341797,73.55999755859375,73.79000091552734,189533,2025-04-03 17:30:00+00:00
73.86000061035156,75.22000122070312,73.28009796142578,73.44999694824219,260390,2025-04-03 18:30:00+00:00
73.44999694824219,73.44999694824219,72.18000030517578,72.58000183105469,426754,2025-04-03 19:30:00+00:00
68.68000030517578,68.76000213623047,66.02999877929688,66.19999694824219,337198,2025-04-04 13:30:00+00:00
66.20999908447266,70.28500366210938,64.79000091552734,68.13500213623047,362792,2025-04-04 14:30:00+00:00
68.03559875488281,68.70999908447266,66.91500091552734,67.3550033569336,181864,2025-04-04 15:30:00+00:00
67.2300033569336,68.9800033569336,66.77999877929688,67.90499877929688,187125,2025-04-04 16:30:00+00:00
67.9749984741211,69.4375,67.67500305175781,68.08000183105469,245563,2025-04-04 17:30:00+00:00
68.2300033569336,70.0999984741211,67.44999694824219,69.62000274658203,401634,2025-04-04 18:30:00+00:00
69.67500305175781,70.93000030517578,69.61000061035156,70.08000183105469,396628,2025-04-04 19:30:00+00:00
66.12000274658203,77.56999969482422,65.79499816894531,71.30000305175781,319910,2025-04-07 13:30:00+00:00
70.54000091552734,74.45999908447266,69.4800033569336,70.94000244140625,288048,2025-04-07 14:30:00+00:00
70.72000122070312,72.97000122070312,70.62999725341797,71.91000366210938,185380,2025-04-07 15:30:00+00:00
71.80000305175781,73.70999908447266,70.31999969482422,73.58000183105469,222107,2025-04-07 16:30:00+00:00
73.625,74.9800033569336,71.77999877929688,71.91500091552734,280773,2025-04-07 17:30:00+00:00
72.05000305175781,72.94000244140625,71.12000274658203,71.12000274658203,225838,2025-04-07 18:30:00+00:00
71.12000274658203,72.77999877929688,70.7593002319336,72.58999633789062,258955,2025-04-07 19:30:00+00:00
76.0,77.80999755859375,75.0,75.4749984741211,186047,2025-04-08 13:30:00+00:00
75.4749984741211,76.16500091552734,73.7699966430664,73.91999816894531,144751,2025-04-08 14:30:00+00:00
73.91999816894531,75.25,72.63999938964844,73.01499938964844,153097,2025-04-08 15:30:00+00:00
73.1500015258789,73.87999725341797,70.7699966430664,70.79499816894531,239809,2025-04-08 16:30:00+00:00
70.74500274658203,72.58000183105469,70.47000122070312,70.68000030517578,167385,2025-04-08 17:30:00+00:00
70.75,72.25499725341797,69.97599792480469,71.5,353537,2025-04-08 18:30:00+00:00
71.44999694824219,72.0999984741211,69.7249984741211,71.87000274658203,372510,2025-04-08 19:30:00+00:00
71.91000366210938,74.45999908447266,70.7300033569336,72.77999877929688,173494,2025-04-09 13:30:00+00:00
72.7750015258789,73.48999786376953,70.2300033569336,70.91999816894531,110863,2025-04-09 14:30:00+00:00
70.8949966430664,72.08999633789062,70.30999755859375,71.56999969482422,124423,2025-04-09 15:30:00+00:00
71.44999694824219,81.4000015258789,71.44000244140625,78.69000244140625,209066,2025-04-09 16:30:00+00:00
79.11000061035156,85.26239776611328,78.66000366210938,84.84500122070312,363205,2025-04-09 17:30:00+00:00
84.8499984741211,85.73999786376953,82.62999725341797,84.0199966430664,634653,2025-04-09 18:30:00+00:00
84.0250015258789,85.0199966430664,82.51000213623047,83.54000091552734,339009,2025-04-09 19:30:00+00:00
79.11000061035156,79.2300033569336,75.76000213623047,76.9800033569336,158917,2025-04-10 13:30:00+00:00
77.13999938964844,78.29000091552734,75.86000061035156,76.2300033569336,208966,2025-04-10 14:30:00+00:00
76.30500030517578,77.67890167236328,74.77999877929688,75.22000122070312,153232,2025-04-10 15:30:00+00:00
75.38999938964844,77.9749984741211,75.08999633789062,76.48500061035156,140107,2025-04-10 16:30:00+00:00
76.81999969482422,78.7699966430664,76.38999938964844,78.27999877929688,138172,2025-04-10 17:30:00+00:00
78.22000122070312,78.7300033569336,76.20999908447266,76.47000122070312,194427,2025-04-10 18:30:00+00:00
76.32499694824219,77.80000305175781,75.5199966430664,77.37000274658203,273507,2025-04-10 19:30:00+00:00
76.77999877929688,77.98999786376953,75.44999694824219,75.83000183105469,88649,2025-04-11 13:30:00+00:00
75.80500030517578,77.2300033569336,75.48999786376953,75.83999633789062,108449,2025-04-11 14:30:00+00:00
75.7699966430664,76.47000122070312,75.37000274658203,75.6500015258789,119136,2025-04-11 15:30:00+00:00
75.6500015258789,77.12999725341797,75.44000244140625,75.58499908447266,147122,2025-04-11 16:30:00+00:00
75.44000244140625,77.12999725341797,75.30999755859375,76.5,160129,2025-04-11 17:30:00+00:00
76.5,76.62000274658203,75.75,76.4000015258789,248044,2025-04-11 18:30:00+00:00
76.4000015258789,77.87999725341797,76.13999938964844,76.79499816894531,241705,2025-04-11 19:30:00+00:00
79.12000274658203,79.91999816894531,76.08999633789062,78.05000305175781,80452,2025-04-14 13:30:00+00:00
78.05500030517578,78.80500030517578,77.30999755859375,77.3550033569336,91813,2025-04-14 14:30:00+00:00
77.16999816894531,77.93000030517578,76.11499786376953,77.5208969116211,63938,2025-04-14 15:30:00+00:00
77.38999938964844,78.37000274658203,77.0199966430664,77.56999969482422,79965,2025-04-14 16:30:00+00:00
77.66999816894531,78.11499786376953,76.9000015258789,77.7300033569336,83986,2025-04-14 17:30:00+00:00
77.93000030517578,78.55999755859375,77.6500015258789,78.12000274658203,81349,2025-04-14 18:30:00+00:00
78.12000274658203,78.54000091552734,77.26000213623047,77.30000305175781,214994,2025-04-14 19:30:00+00:00
77.41000366210938,78.9800033569336,77.20999908447266,77.6050033569336,55104,2025-04-15 13:30:00+00:00
77.40360260009766,78.52999877929688,77.40360260009766,77.68000030517578,64660,2025-04-15 14:30:00+00:00
77.58000183105469,78.08000183105469,77.30000305175781,77.80500030517578,51088,2025-04-15 15:30:00+00:00
77.94999694824219,78.05000305175781,77.12000274658203,77.23999786376953,43134,2025-04-15 16:30:00+00:00
77.33000183105469,77.47000122070312,76.52999877929688,76.58000183105469,48315,2025-04-15 17:30:00+00:00
76.55000305175781,77.03929901123047,76.0999984741211,76.75,179259,2025-04-15 18:30:00+00:00
76.76000213623047,77.16899871826172,76.4000015258789,76.88999938964844,200100,2025-04-15 19:30:00+00:00
74.68000030517578,76.33999633789062,74.45999908447266,75.19000244140625,102747,2025-04-16 13:30:00+00:00
75.11499786376953,75.9800033569336,74.71209716796875,75.83999633789062,89153,2025-04-16 14:30:00+00:00
75.84500122070312,75.98999786376953,75.29000091552734,75.55000305175781,91021,2025-04-16 15:30:00+00:00
75.5999984741211,75.96499633789062,74.91000366210938,75.54499816894531,131396,2025-04-16 16:30:00+00:00
75.4800033569336,75.55999755859375,73.6500015258789,74.61000061035156,113097,2025-04-16 17:30:00+00:00
74.5,74.5,73.08000183105469,73.40499877929688,121180,2025-04-16 18:30:00+00:00
73.47000122070312,75.55999755859375,73.47000122070312,75.41999816894531,198882,2025-04-16 19:30:00+00:00
76.5199966430664,76.88999938964844,74.33999633789062,74.37000274658203,80158,2025-04-17 13:30:00+00:00
74.4800033569336,76.20999908447266,74.44999694824219,75.5999984741211,43864,2025-04-17 14:30:00+00:00
75.61000061035156,76.0999984741211,75.2300033569336,75.9800033569336,76628,2025-04-17 15:30:00+00:00
75.95999908447266,76.4000015258789,75.51000213623047,75.51000213623047,76405,2025-04-17 16:30:00+00:00
75.59500122070312,76.29499816894531,75.52999877929688,76.13500213623047,84559,2025-04-17 17:30:00+00:00
76.125,76.41999816894531,75.63999938964844,75.87999725341797,114942,2025-04-17 18:30:00+00:00
75.94999694824219,76.16999816894531,75.62000274658203,75.86000061035156,215010,2025-04-17 19:30:00+00:00
74.0999984741211,74.4000015258789,71.98999786376953,71.98999786376953,56625,2025-04-21 13:30:00+00:00
72.16999816894531,72.46499633789062,70.5999984741211,70.67500305175781,78413,2025-04-21 14:30:00+00:00
70.67500305175781,70.7300033569336,69.66000366210938,69.92500305175781,131975,2025-04-21 15:30:00+00:00
69.93000030517578,70.30999755859375,68.37000274658203,68.37000274658203,130085,2025-04-21 16:30:00+00:00
68.44000244140625,68.5155029296875,67.80000305175781,67.96800231933594,180577,2025-04-21 17:30:00+00:00
67.96499633789062,69.30000305175781,67.80999755859375,68.87000274658203,232763,2025-04-21 18:30:00+00:00
68.87000274658203,69.62899780273438,68.44999694824219,69.30000305175781,337659,2025-04-21 19:30:00+00:00
70.70999908447266,71.86000061035156,70.46790313720703,71.32250213623047,76424,2025-04-22 13:30:00+00:00
71.20999908447266,72.2300033569336,71.02999877929688,71.5199966430664,94003,2025-04-22 14:30:00+00:00
71.51499938964844,73.33000183105469,70.97000122070312,73.0322036743164,92299,2025-04-22 15:30:00+00:00
73.02999877929688,73.2249984741211,71.41999816894531,71.56999969482422,99404,2025-04-22 16:30:00+00:00
71.68000030517578,72.73500061035156,71.41999816894531,72.69000244140625,84100,2025-04-22 17:30:00+00:00
72.73999786376953,72.9800033569336,71.66000366210938,71.70999908447266,117876,2025-04-22 18:30:00+00:00
71.70999908447266,72.5199966430664,71.63999938964844,72.19999694824219,229484,2025-04-22 19:30:00+00:00
76.91999816894531,80.5199966430664,76.79499816894531,79.3499984741211,355715,2025-04-23 13:30:00+00:00
79.30999755859375,80.33989715576172,78.91000366210938,79.05750274658203,216493,2025-04-23 14:30:00+00:00
79.16000366210938,79.19000244140625,76.93000030517578,77.375,178810,2025-04-23 15:30:00+00:00
77.32499694824219,78.8949966430664,77.19000244140625,77.93000030517578,164007,2025-04-23 16:30:00+00:00
77.98500061035156,78.05999755859375,76.88999938964844,77.30999755859375,147669,2025-04-23 17:30:00+00:00
77.44000244140625,77.87000274658203,76.52999877929688,76.56999969482422,155993,2025-04-23 18:30:00+00:00
76.65499877929688,77.79000091552734,76.38999938964844,76.94999694824219,304393,2025-04-23 19:30:00+00:00
77.73999786376953,78.83000183105469,76.33000183105469,78.11000061035156,94377,2025-04-24 13:30:00+00:00
78.13999938964844,78.66999816894531,77.80000305175781,78.44999694824219,118516,2025-04-24 14:30:00+00:00
78.44999694824219,79.2300033569336,78.18000030517578,79.08000183105469,87538,2025-04-24 15:30:00+00:00
79.08000183105469,79.91000366210938,79.05000305175781,79.43499755859375,78657,2025-04-24 16:30:00+00:00
79.43000030517578,79.7699966430664,78.98999786376953,79.12999725341797,94143,2025-04-24 17:30:00+00:00
79.09010314941406,79.51000213623047,78.95999908447266,79.19499969482422,114129,2025-04-24 18:30:00+00:00
79.23999786376953,79.9800033569336,78.94999694824219,78.95999908447266,356618,2025-04-24 19:30:00+00:00
78.66999816894531,80.70500183105469,78.29280090332031,79.98999786376953,127379,2025-04-25 13:30:00+00:00
79.99500274658203,81.6500015258789,79.94000244140625,81.08000183105469,114144,2025-04-25 14:30:00+00:00
81.07499694824219,81.52999877929688,80.08999633789062,80.6500015258789,62804,2025-04-25 15:30:00+00:00
80.65499877929688,81.80000305175781,80.36000061035156,81.6449966430664,88468,2025-04-25 16:30:00+00:00
81.55999755859375,81.75,80.05999755859375,81.19999694824219,145205,2025-04-25 17:30:00+00:00
81.08000183105469,81.43499755859375,80.86000061035156,81.31500244140625,62647,2025-04-25 18:30:00+00:00
81.13999938964844,81.37000274658203,80.58999633789062,81.12000274658203,208597,2025-04-25 19:30:00+00:00
79.86000061035156,82.18000030517578,79.43000030517578,81.87699890136719,44715,2025-04-28 13:30:00+00:00
81.75,81.81999969482422,79.58000183105469,79.62999725341797,45412,2025-04-28 14:30:00+00:00
79.62999725341797,80.12000274658203,79.31999969482422,79.31999969482422,41404,2025-04-28 15:30:00+00:00
79.48999786376953,79.7699966430664,79.0999984741211,79.19000244140625,51217,2025-04-28 16:30:00+00:00
79.25,79.94000244140625,79.19999694824219,79.75,48645,2025-04-28 17:30:00+00:00
79.75,80.16000366210938,79.54000091552734,79.94999694824219,76863,2025-04-28 18:30:00+00:00
80.0,80.65499877929688,79.69999694824219,80.54000091552734,150096,2025-04-28 19:30:00+00:00
80.44999694824219,80.92500305175781,78.95999908447266,79.05500030517578,62016,2025-04-29 13:30:00+00:00
79.19999694824219,81.44000244140625,79.05999755859375,81.05560302734375,105046,2025-04-29 14:30:00+00:00
81.04000091552734,82.25,80.8134994506836,81.45500183105469,49094,2025-04-29 15:30:00+00:00
81.33000183105469,81.66000366210938,80.87999725341797,81.58000183105469,58978,2025-04-29 16:30:00+00:00
81.58000183105469,82.3949966430664,81.5,81.86499786376953,59514,2025-04-29 17:30:00+00:00
81.8499984741211,82.20999908447266,81.56999969482422,81.70999908447266,66981,2025-04-29 18:30:00+00:00
81.72000122070312,82.02999877929688,81.26000213623047,81.81999969482422,124021,2025-04-29 19:30:00+00:00
79.1449966430664,79.2300033569336,77.28500366210938,78.51499938964844,161135,2025-04-30 13:30:00+00:00
78.51499938964844,80.26000213623047,78.2300033569336,79.95999908447266,137321,2025-04-30 14:30:00+00:00
79.97000122070312,80.8499984741211,79.65499877929688,79.73999786376953,101011,2025-04-30 15:30:00+00:00
79.75499725341797,80.24500274658203,79.30999755859375,79.95999908447266,62800,2025-04-30 16:30:00+00:00
79.98999786376953,80.86000061035156,79.98999786376953,80.73750305175781,63936,2025-04-30 17:30:00+00:00
80.73500061035156,80.8550033569336,80.30000305175781,80.6500015258789,83022,2025-04-30 18:30:00+00:00
80.55000305175781,81.75,80.41999816894531,81.62000274658203,173947,2025-04-30 19:30:00+00:00
84.2300033569336,88.11000061035156,84.19999694824219,87.21800231933594,306329,2025-05-01 13:30:00+00:00
87.33499908447266,88.22000122070312,86.91999816894531,87.94000244140625,148087,2025-05-01 14:30:00+00:00
87.93000030517578,88.12999725341797,85.48999786376953,86.30000305175781,283604,2025-05-01 15:30:00+00:00
86.2699966430664,87.30999755859375,86.18000030517578,87.16999816894531,109502,2025-05-01 16:30:00+00:00
87.12000274658203,87.5,86.4800033569336,87.33429718017578,182635,2025-05-01 17:30:00+00:00
87.33999633789062,88.16999816894531,87.25499725341797,88.13999938964844,173183,2025-05-01 18:30:00+00:00
88.08499908447266,88.73999786376953,86.9000015258789,86.9800033569336,319397,2025-05-01 19:30:00+00:00
88.73999786376953,90.51000213623047,88.5,90.30000305175781,111597,2025-05-02 13:30:00+00:00
90.21299743652344,90.61000061035156,89.84300231933594,90.15499877929688,77361,2025-05-02 14:30:00+00:00
90.12999725341797,91.41999816894531,90.0,91.41999816894531,81838,2025-05-02 15:30:00+00:00
91.44999694824219,91.55000305175781,90.5199966430664,90.83000183105469,91581,2025-05-02 16:30:00+00:00
90.7300033569336,91.30999755859375,90.52690124511719,90.61000061035156,44029,2025-05-02 17:30:00+00:00
90.61000061035156,91.0,90.29070281982422,90.51000213623047,143064,2025-05-02 18:30:00+00:00
90.5199966430664,90.94999694824219,90.08000183105469,90.20999908447266,169305,2025-05-02 19:30:00+00:00
88.52999877929688,90.95999908447266,88.52999877929688,89.83000183105469,63530,2025-05-05 13:30:00+00:00
89.83000183105469,91.12999725341797,89.70010375976562,91.12999725341797,48413,2025-05-05 14:30:00+00:00
91.06500244140625,91.16000366210938,90.32499694824219,90.81999969482422,48306,2025-05-05 15:30:00+00:00
90.7300033569336,91.86000061035156,90.7300033569336,91.38999938964844,81560,2025-05-05 16:30:00+00:00
91.3949966430664,91.70999908447266,91.06999969482422,91.09500122070312,47065,2025-05-05 17:30:00+00:00
91.08000183105469,91.52999877929688,90.77999877929688,90.91999816894531,76410,2025-05-05 18:30:00+00:00
90.87999725341797,91.12000274658203,90.04000091552734,90.37000274658203,96088,2025-05-05 19:30:00+00:00
88.5,90.75,88.28459930419922,90.27999877929688,98173,2025-05-06 13:30:00+00:00
90.08999633789062,90.81999969482422,89.83999633789062,90.81999969482422,37063,2025-05-06 14:30:00+00:00
90.8499984741211,90.95999908447266,90.04000091552734,90.58999633789062,44931,2025-05-06 15:30:00+00:00
90.44000244140625,90.5999984741211,89.5999984741211,89.91999816894531,36525,2025-05-06 16:30:00+00:00
89.80999755859375,90.10350036621094,89.18000030517578,90.04499816894531,48614,2025-05-06 17:30:00+00:00
90.05500030517578,90.51000213623047,89.91999816894531,90.31999969482422,77939,2025-05-06 18:30:00+00:00
90.44000244140625,90.51000213623047,89.30000305175781,90.22000122070312,255611,2025-05-06 19:30:00+00:00
91.23999786376953,91.5199966430664,90.61000061035156,91.13999938964844,50043,2025-05-07 13:30:00+00:00
91.22000122070312,91.33000183105469,90.2699966430664,90.41000366210938,38055,2025-05-07 14:30:00+00:00
90.44999694824219,91.21499633789062,90.1500015258789,90.88999938964844,57688,2025-05-07 15:30:00+00:00
90.97000122070312,91.43000030517578,90.87999725341797,91.0250015258789,31601,2025-05-07 16:30:00+00:00
91.06999969482422,91.12000274658203,89.4000015258789,89.94000244140625,54118,2025-05-07 17:30:00+00:00
89.81999969482422,90.80000305175781,89.6875,89.7699966430664,60850,2025-05-07 18:30:00+00:00
89.9000015258789,91.61000061035156,89.2699966430664,91.40499877929688,140644,2025-05-07 19:30:00+00:00
93.5,93.86000061035156,92.11499786376953,92.91000366210938,37629,2025-05-08 13:30:00+00:00
92.83499908447266,93.23999786376953,91.86000061035156,93.03500366210938,72836,2025-05-08 14:30:00+00:00
92.94999694824219,94.61000061035156,92.81999969482422,94.08000183105469,78538,2025-05-08 15:30:00+00:00
94.11000061035156,95.16000366210938,94.0199966430664,94.52999877929688,53893,2025-05-08 16:30:00+00:00
94.56999969482422,94.56999969482422,94.02999877929688,94.26000213623047,35352,2025-05-08 17:30:00+00:00
94.31999969482422,95.0,94.25,94.79000091552734,74398,2025-05-08 18:30:00+00:00
94.83000183105469,94.87999725341797,93.19999694824219,93.23999786376953,171347,2025-05-08 19:30:00+00:00
94.33999633789062,95.822998046875,93.51000213623047,93.7699966430664,58133,2025-05-09 13:30:00+00:00
93.6500015258789,94.66999816894531,93.09700012207031,94.30500030517578,57025,2025-05-09 14:30:00+00:00
94.30500030517578,94.76499938964844,93.93000030517578,94.33999633789062,79454,2025-05-09 15:30:00+00:00
94.31500244140625,94.9800033569336,94.29000091552734,94.88500213623047,76464,2025-05-09 16:30:00+00:00
94.86000061035156,95.30850219726562,94.0250015258789,94.2750015258789,76240,2025-05-09 17:30:00+00:00
94.36000061035156,94.8499984741211,94.20999908447266,94.63500213623047,84421,2025-05-09 18:30:00+00:00
94.63500213623047,95.15499877929688,94.44000244140625,94.72000122070312,201455,2025-05-09 19:30:00+00:00
100.8499984741211,101.55500030517578,99.5,99.58999633789062,157566,2025-05-12 13:30:00+00:00
99.5,100.2699966430664,99.0,100.0999984741211,83999,2025-05-12 14:30:00+00:00
100.11000061035156,101.19000244140625,100.02999877929688,100.875,132273,2025-05-12 15:30:00+00:00
100.75,101.91999816894531,100.66000366210938,101.42250061035156,71281,2025-05-12 16:30:00+00:00
101.33000183105469,102.18990325927734,101.33000183105469,101.83999633789062,67481,2025-05-12 17:30:00+00:00
101.94000244140625,102.33000183105469,101.62000274658203,101.91999816894531,144015,2025-05-12 18:30:00+00:00
101.91999816894531,102.56999969482422,101.30000305175781,101.43000030517578,243260,2025-05-12 19:30:00+00:00
102.02999877929688,103.72000122070312,101.12999725341797,103.23999786376953,122296,2025-05-13 13:30:00+00:00
103.12000274658203,103.8949966430664,102.54000091552734,103.63999938964844,126452,2025-05-13 14:30:00+00:00
103.61000061035156,104.44999694824219,103.37999725341797,104.23500061035156,118489,2025-05-13 15:30:00+00:00
104.33999633789062,105.0,103.86000061035156,104.94000244140625,90312,2025-05-13 16:30:00+00:00
104.9000015258789,105.2125015258789,104.02999877929688,104.79000091552734,138977,2025-05-13 17:30:00+00:00
104.73999786376953,105.62000274658203,104.62999725341797,105.30999755859375,126931,2025-05-13 18:30:00+00:00
105.19000244140625,105.62999725341797,104.58999633789062,104.66000366210938,208987,2025-05-13 19:30:00+00:00
105.23999786376953,106.5,104.93920135498047,105.8499984741211,99830,2025-05-14 13:30:00+00:00
105.77999877929688,105.77999877929688,104.93240356445312,105.75,103314,2025-05-14 14:30:00+00:00
105.61000061035156,105.70999908447266,104.98999786376953,105.51000213623047,80778,2025-05-14 15:30:00+00:00
105.55000305175781,106.1500015258789,104.88500213623047,105.29000091552734,68223,2025-05-14 16:30:00+00:00
105.19000244140625,105.90499877929688,105.0,105.04499816894531,48470,2025-05-14 17:30:00+00:00
105.16000366210938,105.48999786376953,104.31999969482422,105.04000091552734,81431,2025-05-14 18:30:00+00:00
104.9800033569336,105.19000244140625,104.5199966430664,105.04000091552734,137541,2025-05-14 19:30:00+00:00
103.12000274658203,103.9999008178711,101.66999816894531,102.80999755859375,108030,2025-05-15 13:30:00+00:00
102.9000015258789,103.63999938964844,102.37999725341797,103.54499816894531,67168,2025-05-15 14:30:00+00:00
103.6500015258789,104.27999877929688,103.37999725341797,103.79499816894531,61515,2025-05-15 15:30:00+00:00
103.8550033569336,104.22000122070312,103.0999984741211,103.2699966430664,59506,2025-05-15 16:30:00+00:00
103.30999755859375,103.55999755859375,102.9269027709961,103.16999816894531,86739,2025-05-15 17:30:00+00:00
103.16500091552734,103.30999755859375,102.0999984741211,102.26000213623047,126596,2025-05-15 18:30:00+00:00
102.26000213623047,102.4800033569336,102.04499816894531,102.44000244140625,165732,2025-05-15 19:30:00+00:00
103.2699966430664,103.3499984741211,102.27999877929688,102.75,72822,2025-05-16 13:30:00+00:00
102.7300033569336,103.2699966430664,102.0198974609375,103.19000244140625,44854,2025-05-16 14:30:00+00:00
103.27999877929688,104.11499786376953,103.05000305175781,103.91000366210938,45798,2025-05-16 15:30:00+00:00
103.93000030517578,104.51000213623047,103.70999908447266,104.21499633789062,46025,2025-05-16 16:30:00+00:00
104.30000305175781,104.55999755859375,104.07499694824219,104.35250091552734,49545,2025-05-16 17:30:00+00:00
104.33499908447266,104.9000015258789,104.33499908447266,104.6050033569336,69247,2025-05-16 18:30:00+00:00
104.5999984741211,104.80000305175781,104.34239959716797,104.5199966430664,92935,2025-05-16 19:30:00+00:00
101.69999694824219,104.43460083007812,100.5999984741211,103.55000305175781,80255,2025-05-19 13:30:00+00:00
103.5199966430664,103.97000122070312,103.2300033569336,103.5354995727539,48945,2025-05-19 14:30:00+00:00
103.5199966430664,104.0,103.37000274658203,103.69999694824219,65279,2025-05-19 15:30:00+00:00
103.62000274658203,104.25,103.5,103.88999938964844,95441,2025-05-19 16:30:00+00:00
103.89520263671875,103.94999694824219,103.44000244140625,103.48999786376953,77604,2025-05-19 17:30:00+00:00
103.48999786376953,103.9800033569336,103.0999984741211,103.30000305175781,109124,2025-05-19 18:30:00+00:00
103.37999725341797,104.0999984741211,103.12999725341797,104.08999633789062,201538,2025-05-19 19:30:00+00:00
103.7300033569336,104.48729705810547,103.55000305175781,104.25,52688,2025-05-20 13:30:00+00:00
104.1500015258789,104.9000015258789,103.9000015258789,104.5199966430664,58081,2025-05-20 14:30:00+00:00
104.5199966430664,104.8499984741211,104.16000366210938,104.8499984741211,68718,2025-05-20 15:30:00+00:00
104.9000015258789,105.31999969482422,104.62000274658203,105.05000305175781,90597,2025-05-20 16:30:00+00:00
105.11000061035156,105.52999877929688,104.30000305175781,104.40499877929688,164938,2025-05-20 17:30:00+00:00
104.37000274658203,104.79000091552734,104.22000122070312,104.625,126204,2025-05-20 18:30:00+00:00
104.6500015258789,105.62000274658203,104.5,105.5999984741211,303705,2025-05-20 19:30:00+00:00
107.41999816894531,108.04000091552734,96.5,98.2300033569336,405084,2025-05-21 13:30:00+00:00
98.22000122070312,98.77999877929688,95.74500274658203,96.8499984741211,178576,2025-05-21 14:30:00+00:00
97.07730102539062,98.75499725341797,96.4800033569336,96.69999694824219,198292,2025-05-21 15:30:00+00:00
96.8550033569336,96.94249725341797,95.0,95.34839630126953,224324,2025-05-21 16:30:00+00:00
95.19000244140625,96.3499984741211,94.4000015258789,94.98999786376953,243725,2025-05-21 17:30:00+00:00
94.96499633789062,95.5999984741211,94.01820373535156,94.37000274658203,306837,2025-05-21 18:30:00+00:00
94.33999633789062,94.81210327148438,92.73500061035156,93.18000030517578,482636,2025-05-21 19:30:00+00:00
93.62999725341797,95.4000015258789,92.64119720458984,93.25450134277344,264831,2025-05-22 13:30:00+00:00
93.31999969482422,93.91000366210938,92.3499984741211,93.06999969482422,168786,2025-05-22 14:30:00+00:00
93.05999755859375,93.44000244140625,92.69999694824219,92.70999908447266,99766,2025-05-22 15:30:00+00:00
92.7699966430664,92.83000183105469,91.88999938964844,92.23999786376953,110070,2025-05-22 16:30:00+00:00
92.27749633789062,92.62000274658203,91.83999633789062,92.01000213623047,106705,2025-05-22 17:30:00+00:00
92.01000213623047,92.37999725341797,91.29000091552734,91.29750061035156,110498,2025-05-22 18:30:00+00:00
91.30750274658203,91.36000061035156,90.27999877929688,90.30000305175781,442990,2025-05-22 19:30:00+00:00
88.33000183105469,89.61309814453125,87.7699966430664,88.2300033569336,114388,2025-05-23 13:30:00+00:00
88.38999938964844,89.13999938964844,88.37000274658203,89.0199966430664,70810,2025-05-23 14:30:00+00:00
89.05000305175781,89.53990173339844,88.80000305175781,89.23999786376953,84375,2025-05-23 15:30:00+00:00
89.20999908447266,90.16000366210938,88.94999694824219,90.07499694824219,94359,2025-05-23 16:30:00+00:00
89.98999786376953,90.45500183105469,89.68000030517578,90.45500183105469,154630,2025-05-23 17:30:00+00:00
90.58999633789062,91.05000305175781,90.55999755859375,90.70999908447266,189802,2025-05-23 18:30:00+00:00
90.70999908447266,90.97000122070312,89.8499984741211,89.8499984741211,250073,2025-05-23 19:30:00+00:00
92.5,93.0,90.875,91.19999694824219,124003,2025-05-27 13:30:00+00:00
91.25499725341797,92.22000122070312,90.58499908447266,90.95999908447266,106660,2025-05-27 14:30:00+00:00
90.95999908447266,91.16500091552734,90.55999755859375,90.98999786376953,165015,2025-05-27 15:30:00+00:00
91.1449966430664,91.69999694824219,91.0250015258789,91.30359649658203,90038,2025-05-27 16:30:00+00:00
91.33000183105469,92.2750015258789,91.29000091552734,91.75,78901,2025-05-27 17:30:00+00:00
91.9000015258789,92.33999633789062,91.87999725341797,92.04000091552734,114037,2025-05-27 18:30:00+00:00
92.04000091552734,92.6500015258789,91.94999694824219,92.43499755859375,222786,2025-05-27 19:30:00+00:00
92.33000183105469,92.7750015258789,89.9000015258789,90.05000305175781,72435,2025-05-28 13:30:00+00:00
90.0,90.44999694824219,89.20999908447266,89.73999786376953,101758,2025-05-28 14:30:00+00:00
89.7468032836914,90.57749938964844,89.56210327148438,90.36499786376953,60232,2025-05-28 15:30:00+00:00
90.36000061035156,90.57499694824219,90.2300033569336,90.34500122070312,41434,2025-05-28 16:30:00+00:00
90.30999755859375,90.69000244140625,90.26000213623047,90.5,49744,2025-05-28 17:30:00+00:00
90.59500122070312,91.29000091552734,90.31999969482422,91.1050033569336,118016,2025-05-28 18:30:00+00:00
91.08000183105469,91.20149993896484,90.47000122070312,90.9800033569336,148892,2025-05-28 19:30:00+00:00
93.76000213623047,93.76000213623047,90.22000122070312,90.29499816894531,173675,2025-05-29 13:30:00+00:00
90.42500305175781,92.37000274658203,90.23500061035156,92.3499984741211,78987,2025-05-29 14:30:00+00:00
92.18000030517578,92.19000244140625,91.19999694824219,92.0,49902,2025-05-29 15:30:00+00:00
92.08999633789062,92.58000183105469,91.99500274658203,92.16000366210938,52006,2025-05-29 16:30:00+00:00
92.04650115966797,92.91000366210938,90.94499969482422,91.12000274658203,181965,2025-05-29 17:30:00+00:00
91.16000366210938,91.51000213623047,90.88999938964844,91.2750015258789,57022,2025-05-29 18:30:00+00:00
91.27999877929688,92.0199966430664,91.27999877929688,91.51000213623047,162449,2025-05-29 19:30:00+00:00
90.55000305175781,91.0999984741211,89.16999816894531,91.05249786376953,82910,2025-05-30 13:30:00+00:00
90.9749984741211,91.49410247802734,90.30999755859375,90.69000244140625,65412,2025-05-30 14:30:00+00:00
90.66999816894531,90.88500213623047,89.80999755859375,89.80999755859375,68558,2025-05-30 15:30:00+00:00
89.78500366210938,90.43000030517578,89.18000030517578,90.43000030517578,74168,2025-05-30 16:30:00+00:00
90.47000122070312,91.0199966430664,90.4000015258789,90.8550033569336,63655,2025-05-30 17:30:00+00:00
90.93499755859375,91.18000030517578,90.76000213623047,91.12999725341797,74141,2025-05-30 18:30:00+00:00
91.1500015258789,91.19999694824219,90.45999908447266,90.69999694824219,192519,2025-05-30 19:30:00+00:00
89.83999633789062,91.20500183105469,87.97000122070312,89.1050033569336,79700,2025-06-02 13:30:00+00:00
89.1050033569336,89.55999755859375,88.80999755859375,89.31999969482422,43373,2025-06-02 14:30:00+00:00
89.47000122070312,89.76499938964844,88.87000274658203,89.0199966430664,65293,2025-06-02 15:30:00+00:00
88.95999908447266,89.18000030517578,88.56999969482422,88.56999969482422,35080,2025-06-02 16:30:00+00:00
88.58000183105469,88.68000030517578,88.26000213623047,88.59500122070312,71060,2025-06-02 17:30:00+00:00
88.65499877929688,89.03250122070312,88.37000274658203,88.9749984741211,87683,2025-06-02 18:30:00+00:00
88.9749984741211,88.9749984741211,88.37999725341797,88.79000091552734,172558,2025-06-02 19:30:00+00:00
90.12999725341797,91.69000244140625,89.1426010131836,91.69000244140625,84058,2025-06-03 13:30:00+00:00
91.58999633789062,91.83999633789062,90.93000030517578,91.4749984741211,60882,2025-06-03 14:30:00+00:00
91.5,92.83000183105469,91.33000183105469,92.73500061035156,100690,2025-06-03 15:30:00+00:00
92.63999938964844,92.97000122070312,92.4000015258789,92.41999816894531,68874,2025-06-03 16:30:00+00:00
92.45500183105469,93.01000213623047,91.9749984741211,92.65499877929688,87308,2025-06-03 17:30:00+00:00
92.62999725341797,92.98999786376953,92.58999633789062,92.77999877929688,134121,2025-06-03 18:30:00+00:00
92.79000091552734,93.0250015258789,92.63999938964844,92.83000183105469,187093,2025-06-03 19:30:00+00:00
93.0199966430664,93.25,91.1500015258789,91.90499877929688,45031,2025-06-04 13:30:00+00:00
91.99500274658203,91.99500274658203,91.0000991821289,91.69000244140625,37655,2025-06-04 14:30:00+00:00
91.69000244140625,92.01000213623047,91.33999633789062,91.57499694824219,33066,2025-06-04 15:30:00+00:00
91.66999816894531,92.02999877929688,91.41010284423828,91.93499755859375,46881,2025-06-04 16:30:00+00:00
91.95500183105469,92.79570007324219,91.87999725341797,92.38500213623047,55460,2025-06-04 17:30:00+00:00
92.44000244140625,92.58999633789062,91.97000122070312,92.43499755859375,57643,2025-06-04 18:30:00+00:00
92.41500091552734,92.45999908447266,91.62999725341797,91.62999725341797,134741,2025-06-04 19:30:00+00:00
91.25,92.66000366210938,90.37000274658203,90.37999725341797,58925,2025-06-05 13:30:00+00:00
90.33999633789062,91.55000305175781,89.5,91.23500061035156,147316,2025-06-05 14:30:00+00:00
91.30000305175781,92.01000213623047,91.05999755859375,91.54000091552734,55961,2025-06-05 15:30:00+00:00
91.69000244140625,92.30000305175781,91.08499908447266,92.0201644897461,74838,2025-06-05 16:30:00+00:00
92.05000305175781,92.58999633789062,91.30999755859375,91.91000366210938,64136,2025-06-05 17:30:00+00:00
91.91999816894531,92.31999969482422,90.87000274658203,91.55000305175781,128523,2025-06-05 18:30:00+00:00
91.69000244140625,92.41999816894531,91.68000030517578,92.27999877929688,224071,2025-06-05 19:30:00+00:00
93.69999694824219,95.55000305175781,93.31999969482422,94.1500015258789,132881,2025-06-06 13:30:00+00:00
94.18000030517578,95.05000305175781,94.1449966430664,94.3949966430664,48050,2025-06-06 14:30:00+00:00
94.51000213623047,94.75,94.19999694824219,94.75,54863,2025-06-06 15:30:00+00:00
94.52999877929688,95.08999633789062,93.20999908447266,93.20999908447266,82104,2025-06-06 16:30:00+00:00
93.2300033569336,93.61000061035156,92.16000366210938,92.9000015258789,90740,2025-06-06 17:30:00+00:00
93.08000183105469,93.52999877929688,92.97000122070312,93.22000122070312,98385,2025-06-06 18:30:00+00:00
93.2249984741211,93.66999816894531,92.44999694824219,93.63999938964844,250803,2025-06-06 19:30:00+00:00
93.87000274658203,94.25499725341797,91.80999755859375,93.94059753417969,131458,2025-06-09 13:30:00+00:00
94.17500305175781,94.37999725341797,92.41000366210938,92.41000366210938,57575,2025-06-09 14:30:00+00:00
92.69000244140625,93.0,92.44999694824219,92.625,43562,2025-06-09 15:30:00+00:00
92.70999908447266,93.00499725341797,92.57499694824219,92.75,60272,2025-06-09 16:30:00+00:00
92.75,92.9000015258789,92.02999877929688,92.23500061035156,88691,2025-06-09 17:30:00+00:00
92.2300033569336,92.41000366210938,90.9801025390625,91.22000122070312,129249,2025-06-09 18:30:00+00:00
91.4000015258789,91.79000091552734,90.7300033569336,90.75,192203,2025-06-09 19:30:00+00:00
92.08000183105469,92.08000183105469,89.62650299072266,90.43000030517578,55591,2025-06-10 13:30:00+00:00
90.2249984741211,90.36000061035156,89.533203125,90.22000122070312,110326,2025-06-10 14:30:00+00:00
90.1449966430664,91.06999969482422,89.79499816894531,91.05000305175781,75927,2025-06-10 15:30:00+00:00
91.06999969482422,91.52999877929688,90.49449920654297,91.52999877929688,52576,2025-06-10 16:30:00+00:00
91.45500183105469,91.9800033569336,91.01580047607422,91.77999877929688,82636,2025-06-10 17:30:00+00:00
91.80999755859375,92.52999877929688,91.62999725341797,92.52999877929688,98011,2025-06-10 18:30:00+00:00
92.51000213623047,92.58000183105469,91.87999725341797,92.23999786376953,137330,2025-06-10 19:30:00+00:00
92.48999786376953,94.25,92.26499938964844,93.9625015258789,78805,2025-06-11 13:30:00+00:00
93.86000061035156,94.9000015258789,93.80809783935547,94.0999984741211,84346,2025-06-11 14:30:00+00:00
94.0999984741211,94.44249725341797,93.38999938964844,93.86000061035156,62348,2025-06-11 15:30:00+00:00
93.86499786376953,94.33000183105469,93.58000183105469,94.11000061035156,31369,2025-06-11 16:30:00+00:00
94.2249984741211,94.52999877929688,93.36000061035156,93.88999938964844,115943,2025-06-11 17:30:00+00:00
93.83999633789062,93.97000122070312,93.44200134277344,93.80000305175781,57741,2025-06-11 18:30:00+00:00
93.8499984741211,94.23999786376953,93.52999877929688,94.13999938964844,123694,2025-06-11 19:30:00+00:00
93.68000030517578,96.33000183105469,93.5199966430664,95.91000366210938,70912,2025-06-12 13:30:00+00:00
96.05000305175781,96.83999633789062,95.80999755859375,96.17500305175781,75090,2025-06-12 14:30:00+00:00
96.12999725341797,97.0,95.58999633789062,96.8499984741211,72443,2025-06-12 15:30:00+00:00
96.8499984741211,96.8499984741211,96.2699966430664,96.44999694824219,59244,2025-06-12 16:30:00+00:00
96.51499938964844,96.91000366210938,96.41999816894531,96.43499755859375,40176,2025-06-12 17:30:00+00:00
96.5,96.86000061035156,96.19999694824219,96.19999694824219,83436,2025-06-12 18:30:00+00:00
96.27999877929688,97.12000274658203,96.12000274658203,97.0199966430664,224185,2025-06-12 19:30:00+00:00
94.66000366210938,95.69000244140625,93.62999725341797,94.08999633789062,151929,2025-06-13 13:30:00+00:00
93.97000122070312,96.18000030517578,93.73930358886719,95.55500030517578,76053,2025-06-13 14:30:00+00:00
95.70999908447266,96.0199966430664,95.26499938964844,95.80000305175781,39959,2025-06-13 15:30:00+00:00
95.877197265625,96.16999816894531,95.0999984741211,95.50499725341797,66343,2025-06-13 16:30:00+00:00
95.34500122070312,95.7300033569336,94.5833969116211,94.7300033569336,67798,2025-06-13 17:30:00+00:00
94.6500015258789,94.8499984741211,94.06999969482422,94.30999755859375,107904,2025-06-13 18:30:00+00:00
94.30999755859375,94.36000061035156,93.56999969482422,93.91000366210938,284855,2025-06-13 19:30:00+00:00
96.79989624023438,97.5,95.93099975585938,96.88500213623047,83816,2025-06-16 13:30:00+00:00
96.93000030517578,97.5,96.83000183105469,97.11499786376953,37702,2025-06-16 14:30:00+00:00
97.26000213623047,97.26000213623047,96.62999725341797,97.05000305175781,31088,2025-06-16 15:30:00+00:00
96.9800033569336,97.19000244140625,96.7300033569336,96.88999938964844,38529,2025-06-16 16:30:00+00:00
97.04000091552734,97.06999969482422,96.2238998413086,96.45999908447266,53159,2025-06-16 17:30:00+00:00
96.45999908447266,96.4800033569336,95.74500274658203,95.98500061035156,97428,2025-06-16 18:30:00+00:00
95.98500061035156,96.08999633789062,95.33000183105469,95.86000061035156,140988,2025-06-16 19:30:00+00:00
95.30500030517578,96.73999786376953,93.45999908447266,93.45999908447266,83960,2025-06-17 13:30:00+00:00
93.42500305175781,93.87999725341797,92.3949966430664,93.13500213623047,124637,2025-06-17 14:30:00+00:00
93.1500015258789,94.37000274658203,93.11000061035156,94.23999786376953,119080,2025-06-17 15:30:00+00:00
94.20500183105469,94.67500305175781,93.62000274658203,93.72019958496094,56563,2025-06-17 16:30:00+00:00
93.69999694824219,94.13999938964844,92.9749984741211,93.30000305175781,56087,2025-06-17 17:30:00+00:00
93.37000274658203,94.20999908447266,93.16999816894531,94.13999938964844,101806,2025-06-17 18:30:00+00:00
94.1449966430664,94.18000030517578,93.62000274658203,94.05000305175781,164762,2025-06-17 19:30:00+00:00
94.22000122070312,96.54000091552734,93.92500305175781,96.30500030517578,47672,2025-06-18 13:30:00+00:00
96.5,96.59500122070312,95.19000244140625,96.01000213623047,38069,2025-06-18 14:30:00+00:00
96.0250015258789,96.9000015258789,95.87999725341797,96.68000030517578,38100,2025-06-18 15:30:00+00:00
96.80999755859375,96.94999694824219,96.30500030517578,96.7300033569336,51728,2025-06-18 16:30:00+00:00
96.6500015258789,96.94999694824219,95.81950378417969,96.16999816894531,59214,2025-06-18 17:30:00+00:00
96.19999694824219,96.71499633789062,95.23999786376953,95.58999633789062,73166,2025-06-18 18:30:00+00:00
95.50499725341797,96.3499984741211,95.48999786376953,96.0999984741211,111134,2025-06-18 19:30:00+00:00
97.56999969482422,98.69000244140625,96.69999694824219,97.625,197148,2025-06-20 13:30:00+00:00
97.7699966430664,98.29000091552734,97.25499725341797,97.46499633789062,78320,2025-06-20 14:30:00+00:00
97.41000366210938,97.91999816894531,97.25,97.37000274658203,46275,2025-06-20 15:30:00+00:00
97.27999877929688,97.55000305175781,96.24500274658203,96.24500274658203,46620,2025-06-20 16:30:00+00:00
96.1500015258789,96.5,95.98999786376953,96.22250366210938,58300,2025-06-20 17:30:00+00:00
96.2300033569336,96.87000274658203,96.16999816894531,96.58999633789062,56350,2025-06-20 18:30:00+00:00
96.58999633789062,97.33999633789062,96.31999969482422,96.72000122070312,161054,2025-06-20 19:30:00+00:00
95.55000305175781,97.02999877929688,94.5,96.81999969482422,36204,2025-06-23 13:30:00+00:00
96.73500061035156,96.73500061035156,96.0,96.12999725341797,30034,2025-06-23 14:30:00+00:00
96.25,96.3499984741211,93.91729736328125,93.94599914550781,45237,2025-06-23 15:30:00+00:00
93.96540069580078,95.83999633789062,93.11000061035156,95.36499786376953,59639,2025-06-23 16:30:00+00:00
95.77999877929688,97.06999969482422,95.71499633789062,96.3499984741211,41761,2025-06-23 17:30:00+00:00
96.36000061035156,97.18000030517578,96.36000061035156,96.70999908447266,53745,2025-06-23 18:30:00+00:00
96.56999969482422,97.33999633789062,96.50250244140625,97.18000030517578,114740,2025-06-23 19:30:00+00:00
99.0,99.25,97.75,98.98999786376953,52543,2025-06-24 13:30:00+00:00
98.7699966430664,99.4800033569336,98.7699966430664,99.4800033569336,32678,2025-06-24 14:30:00+00:00
99.36000061035156,99.5999984741211,98.91000366210938,99.5,39427,2025-06-24 15:30:00+00:00
99.5199966430664,99.61000061035156,98.87999725341797,98.87999725341797,24169,2025-06-24 16:30:00+00:00
98.97000122070312,99.4749984741211,98.95999908447266,99.29000091552734,41531,2025-06-24 17:30:00+00:00
99.30999755859375,99.9000015258789,99.30999755859375,99.7699966430664,60070,2025-06-24 18:30:00+00:00
99.83000183105469,100.27999877929688,99.7300033569336,99.98999786376953,166259,2025-06-24 19:30:00+00:00
100.91000366210938,103.73999786376953,100.29859924316406,103.0199966430664,231349,2025-06-25 13:30:00+00:00
103.13999938964844,103.31999969482422,100.32520294189453,100.91999816894531,121430,2025-06-25 14:30:00+00:00
100.86000061035156,101.94000244140625,100.80500030517578,101.93000030517578,69323,2025-06-25 15:30:00+00:00
101.83000183105469,102.27999877929688,101.62000274658203,102.16500091552734,72792,2025-06-25 16:30:00+00:00
102.27999877929688,102.66999816894531,101.8499984741211,102.26000213623047,62872,2025-06-25 17:30:00+00:00
102.19999694824219,103.47000122070312,101.79499816894531,102.70500183105469,221127,2025-06-25 18:30:00+00:00
102.70500183105469,102.80000305175781,101.97000122070312,102.36000061035156,231926,2025-06-25 19:30:00+00:00
102.20999908447266,103.01000213623047,99.910400390625,102.91069793701172,99194,2025-06-26 13:30:00+00:00
103.1050033569336,103.25,102.18499755859375,102.19499969482422,79087,2025-06-26 14:30:00+00:00
102.19499969482422,103.26000213623047,102.16999816894531,102.67500305175781,70611,2025-06-26 15:30:00+00:00
102.5354995727539,103.02999877929688,101.06500244140625,101.06500244140625,71809,2025-06-26 16:30:00+00:00
101.06999969482422,101.33000183105469,99.81999969482422,101.0999984741211,94669,2025-06-26 17:30:00+00:00
101.16999816894531,102.04000091552734,101.04000091552734,101.05500030517578,156078,2025-06-26 18:30:00+00:00
101.04100036621094,101.94000244140625,100.86499786376953,101.69000244140625,207802,2025-06-26 19:30:00+00:00
102.1500015258789,102.2750015258789,99.63999938964844,100.12000274658203,102387,2025-06-27 13:30:00+00:00
100.13999938964844,102.03780364990234,99.47000122070312,101.44999694824219,176596,2025-06-27 14:30:00+00:00
101.56999969482422,102.68000030517578,101.56999969482422,102.30000305175781,81461,2025-06-27 15:30:00+00:00
102.20010375976562,102.39749908447266,101.69000244140625,102.28589630126953,53149,2025-06-27 16:30:00+00:00
102.20999908447266,102.29000091552734,100.58499908447266,100.66999816894531,81144,2025-06-27 17:30:00+00:00
100.55500030517578,100.98999786376953,100.08000183105469,100.86000061035156,76602,2025-06-27 18:30:00+00:00
100.91999816894531,101.69000244140625,100.91999816894531,101.3499984741211,230030,2025-06-27 19:30:00+00:00
101.3499984741211,101.55500030517578,98.36000061035156,98.81500244140625,79923,2025-06-30 13:30:00+00:00
98.80000305175781,99.19999694824219,97.93000030517578,98.47000122070312,56732,2025-06-30 14:30:00+00:00
98.4749984741211,98.93460083007812,98.05000305175781,98.19999694824219,50330,2025-06-30 15:30:00+00:00
98.16999816894531,99.33000183105469,98.08000183105469,99.21499633789062,97182,2025-06-30 16:30:00+00:00
99.13999938964844,99.33499908447266,98.61000061035156,98.75499725341797,61490,2025-06-30 17:30:00+00:00
98.70999908447266,98.80999755859375,98.0,98.41999816894531,199822,2025-06-30 18:30:00+00:00
98.44000244140625,98.76000213623047,98.30000305175781,98.5199966430664,229252,2025-06-30 19:30:00+00:00
97.22000122070312,97.70500183105469,94.75,95.11000061035156,164127,2025-07-01 13:30:00+00:00
95.08499908447266,95.3499984741211,93.13999938964844,95.3499984741211,175077,2025-07-01 14:30:00+00:00
95.21499633789062,98.66500091552734,95.21499633789062,98.22000122070312,139502,2025-07-01 15:30:00+00:00
98.29000091552734,99.16999816894531,97.63999938964844,98.875,153539,2025-07-01 16:30:00+00:00
98.87000274658203,99.1500015258789,97.86000061035156,97.99500274658203,74229,2025-07-01 17:30:00+00:00
98.0,98.91000366210938,97.98999786376953,98.48999786376953,149000,2025-07-01 18:30:00+00:00
98.37000274658203,98.66739654541016,98.0199966430664,98.0199966430664,164692,2025-07-01 19:30:00+00:00
99.41000366210938,100.81999969482422,97.27999877929688,100.81999969482422,71197,2025-07-02 13:30:00+00:00
100.77999877929688,101.58999633789062,100.5,101.0,141485,2025-07-02 14:30:00+00:00
100.98999786376953,101.31500244140625,100.72010040283203,101.30500030517578,53384,2025-07-02 15:30:00+00:00
101.30999755859375,101.41000366210938,100.88999938964844,101.2699966430664,77767,2025-07-02 16:30:00+00:00
101.2699966430664,101.76249694824219,101.16999816894531,101.58999633789062,69112,2025-07-02 17:30:00+00:00
101.5,101.94000244140625,101.29000091552734,101.80000305175781,88530,2025-07-02 18:30:00+00:00
101.77999877929688,102.26000213623047,101.1500015258789,102.26000213623047,174889,2025-07-02 19:30:00+00:00
102.31999969482422,105.45999908447266,102.26000213623047,104.91999816894531,153705,2025-07-03 13:30:00+00:00
104.80000305175781,105.33999633789062,104.69499969482422,105.01000213623047,146538,2025-07-03 14:30:00+00:00
105.05999755859375,105.18000030517578,103.5,103.68000030517578,104107,2025-07-03 15:30:00+00:00
102.75,103.9000015258789,101.88749694824219,102.20999908447266,74534,2025-07-07 13:30:00+00:00
102.19000244140625,102.19000244140625,100.80000305175781,102.04499816894531,80702,2025-07-07 14:30:00+00:00
101.98999786376953,102.51000213623047,100.3949966430664,101.44000244140625,76047,2025-07-07 15:30:00+00:00
101.44999694824219,101.63999938964844,100.53379821777344,100.91000366210938,42278,2025-07-07 16:30:00+00:00
100.93000030517578,101.1500015258789,99.18000030517578,99.23999786376953,45113,2025-07-07 17:30:00+00:00
99.23999786376953,99.83999633789062,98.83499908447266,99.83000183105469,104658,2025-07-07 18:30:00+00:00
99.83000183105469,100.0999984741211,99.42749786376953,99.9000015258789,153354,2025-07-07 19:30:00+00:00
101.30999755859375,102.0,97.87960052490234,98.56999969482422,105015,2025-07-08 13:30:00+00:00
98.58499908447266,100.20999908447266,97.87000274658203,100.01000213623047,150006,2025-07-08 14:30:00+00:00
99.97000122070312,100.08999633789062,98.90499877929688,100.0,57634,2025-07-08 15:30:00+00:00
100.0,100.30000305175781,99.4574966430664,99.69999694824219,90743,2025-07-08 16:30:00+00:00
99.7300033569336,99.87999725341797,98.5999984741211,99.0,48614,2025-07-08 17:30:00+00:00
98.8949966430664,99.8499984741211,98.88999938964844,99.29499816894531,117335,2025-07-08 18:30:00+00:00
99.33499908447266,99.78500366210938,98.8499984741211,98.94999694824219,252129,2025-07-08 19:30:00+00:00
100.30999755859375,100.30999755859375,98.06999969482422,98.31999969482422,80095,2025-07-09 13:30:00+00:00
98.18000030517578,98.38500213623047,97.0199966430664,98.38500213623047,74421,2025-07-09 14:30:00+00:00
98.38999938964844,99.41999816894531,98.38999938964844,99.25499725341797,106779,2025-07-09 15:30:00+00:00
99.25,99.9800033569336,98.97000122070312,99.95999908447266,117220,2025-07-09 16:30:00+00:00
99.83499908447266,101.18000030517578,99.61000061035156,99.76000213623047,95787,2025-07-09 17:30:00+00:00
99.8499984741211,100.55999755859375,99.12000274658203,99.67500305175781,209931,2025-07-09 18:30:00+00:00
99.5999984741211,99.68000030517578,98.52999877929688,98.62999725341797,172762,2025-07-09 19:30:00+00:00
98.7300033569336,99.97000122070312,90.6500015258789,91.2699966430664,278219,2025-07-10 13:30:00+00:00
91.19000244140625,91.30999755859375,86.48490142822266,88.23999786376953,1126243,2025-07-10 14:30:00+00:00
88.23999786376953,91.55000305175781,88.23999786376953,90.97000122070312,644980,2025-07-10 15:30:00+00:00
90.8499984741211,93.70999908447266,89.4000015258789,91.61499786376953,432798,2025-07-10 16:30:00+00:00
91.37999725341797,93.5999984741211,90.16999816894531,93.38999938964844,261485,2025-07-10 17:30:00+00:00
93.38999938964844,95.48999786376953,93.38999938964844,94.68499755859375,427631,2025-07-10 18:30:00+00:00
94.78900146484375,94.79900360107422,92.02999877929688,92.6500015258789,444856,2025-07-10 19:30:00+00:00
91.7300033569336,92.8550033569336,89.6500015258789,91.51499938964844,137555,2025-07-11 13:30:00+00:00
91.62999725341797,92.30999755859375,91.50499725341797,91.97000122070312,98023,2025-07-11 14:30:00+00:00
91.93000030517578,92.95999908447266,91.93000030517578,92.94000244140625,111793,2025-07-11 15:30:00+00:00
93.0,93.01000213623047,91.76000213623047,92.44999694824219,126865,2025-07-11 16:30:00+00:00
92.33999633789062,92.43000030517578,91.56649780273438,92.19000244140625,98152,2025-07-11 17:30:00+00:00
92.23999786376953,92.86000061035156,92.05000305175781,92.61000061035156,113026,2025-07-11 18:30:00+00:00
92.63999938964844,92.69000244140625,91.91000366210938,91.91000366210938,196189,2025-07-11 19:30:00+00:00
90.51000213623047,91.0,88.4800033569336,89.25,118839,2025-07-14 13:30:00+00:00
89.19999694824219,90.08000183105469,88.5,90.0,74267,2025-07-14 14:30:00+00:00
90.01409912109375,91.37999725341797,89.83999633789062,91.2699966430664,133884,2025-07-14 15:30:00+00:00
91.2699966430664,91.58999633789062,90.75,90.94499969482422,97708,2025-07-14 16:30:00+00:00
91.08999633789062,92.29499816894531,90.91999816894531,92.2300033569336,87182,2025-07-14 17:30:00+00:00
92.05999755859375,92.2249984741211,91.23999786376953,91.24500274658203,121272,2025-07-14 18:30:00+00:00
91.24500274658203,91.9800033569336,90.86000061035156,91.68000030517578,240940,2025-07-14 19:30:00+00:00
92.47000122070312,93.20999908447266,90.58000183105469,91.44999694824219,151550,2025-07-15 13:30:00+00:00
91.44999694824219,91.45500183105469,90.5999984741211,91.04620361328125,110997,2025-07-15 14:30:00+00:00
90.93000030517578,90.93000030517578,89.61000061035156,90.3550033569336,114999,2025-07-15 15:30:00+00:00
90.19499969482422,90.51499938964844,89.21240234375,89.8550033569336,114448,2025-07-15 16:30:00+00:00
89.8499984741211,90.68000030517578,89.33000183105469,90.58000183105469,84587,2025-07-15 17:30:00+00:00
90.6500015258789,90.6500015258789,89.52999877929688,90.02999877929688,138482,2025-07-15 18:30:00+00:00
90.0,90.23999786376953,89.56999969482422,90.01000213623047,168965,2025-07-15 19:30:00+00:00
90.33999633789062,91.70999908447266,89.43000030517578,90.08910369873047,85653,2025-07-16 13:30:00+00:00
90.13729858398438,90.91000366210938,89.37000274658203,89.68499755859375,123625,2025-07-16 14:30:00+00:00
89.68499755859375,90.61000061035156,88.76000213623047,90.51000213623047,97230,2025-07-16 15:30:00+00:00
90.45999908447266,91.66999816894531,90.45149993896484,91.38999938964844,113835,2025-07-16 16:30:00+00:00
91.21659851074219,91.5999984741211,90.9000015258789,91.54000091552734,68882,2025-07-16 17:30:00+00:00
91.54000091552734,92.61000061035156,91.31999969482422,92.0999984741211,96476,2025-07-16 18:30:00+00:00
92.04499816894531,92.33000183105469,91.31999969482422,91.31999969482422,151164,2025-07-16 19:30:00+00:00
91.29000091552734,94.80000305175781,90.95999908447266,94.63749694824219,163431,2025-07-17 13:30:00+00:00
94.9000015258789,96.08000183105469,94.13999938964844,95.89250183105469,149929,2025-07-17 14:30:00+00:00
95.97000122070312,96.83999633789062,95.90660095214844,96.55999755859375,165281,2025-07-17 15:30:00+00:00
96.57830047607422,96.63999938964844,95.41000366210938,95.45500183105469,127588,2025-07-17 16:30:00+00:00
95.45999908447266,96.1500015258789,95.25350189208984,96.0199966430664,101353,2025-07-17 17:30:00+00:00
96.11000061035156,97.11000061035156,95.9990005493164,96.87000274658203,212146,2025-07-17 18:30:00+00:00
96.87000274658203,97.91000366210938,96.7699966430664,97.58999633789062,324962,2025-07-17 19:30:00+00:00
98.55999755859375,99.41000366210938,97.04000091552734,97.25499725341797,181645,2025-07-18 13:30:00+00:00
97.23500061035156,97.6500015258789,96.66999816894531,97.27999877929688,91024,2025-07-18 14:30:00+00:00
97.30999755859375,98.38999938964844,97.11499786376953,97.99500274658203,135195,2025-07-18 15:30:00+00:00
97.91999816894531,98.30999755859375,97.51000213623047,98.29000091552734,115483,2025-07-18 16:30:00+00:00
98.37999725341797,99.05000305175781,98.2300033569336,98.79000091552734,105280,2025-07-18 17:30:00+00:00
98.75,99.05999755859375,98.22000122070312,98.22000122070312,180424,2025-07-18 18:30:00+00:00
98.16500091552734,98.36000061035156,97.7699966430664,97.7699966430664,216315,2025-07-18 19:30:00+00:00
98.38999938964844,98.76000213623047,96.34110260009766,97.17749786376953,79120,2025-07-21 13:30:00+00:00
97.22000122070312,97.91999816894531,96.69999694824219,97.43499755859375,60438,2025-07-21 14:30:00+00:00
97.41999816894531,97.87000274658203,95.80740356445312,96.2750015258789,78212,2025-07-21 15:30:00+00:00
96.2750015258789,96.75,94.80010223388672,95.05999755859375,98459,2025-07-21 16:30:00+00:00
95.19999694824219,95.55999755859375,94.77999877929688,95.38999938964844,76632,2025-07-21 17:30:00+00:00
95.4000015258789,95.63999938964844,93.73999786376953,94.0199966430664,88622,2025-07-21 18:30:00+00:00
93.9800033569336,94.37000274658203,93.69999694824219,93.7300033569336,186647,2025-07-21 19:30:00+00:00
93.58999633789062,94.20439910888672,90.41000366210938,93.06999969482422,119162,2025-07-22 13:30:00+00:00
93.05000305175781,94.16999816894531,93.05000305175781,93.67500305175781,89948,2025-07-22 14:30:00+00:00
93.83000183105469,94.2699966430664,93.5999984741211,93.88500213623047,112642,2025-07-22 15:30:00+00:00
93.88500213623047,94.38999938964844,93.75,94.31500244140625,74900,2025-07-22 16:30:00+00:00
94.4000015258789,94.51000213623047,93.25499725341797,93.73500061035156,68409,2025-07-22 17:30:00+00:00
93.74500274658203,94.30000305175781,93.68499755859375,93.83000183105469,62140,2025-07-22 18:30:00+00:00
93.86499786376953,94.1500015258789,93.72000122070312,93.79000091552734,123616,2025-07-22 19:30:00+00:00
95.0999984741211,98.47480010986328,95.0999984741211,97.58499908447266,125221,2025-07-23 13:30:00+00:00
97.5999984741211,98.37999725341797,97.5199966430664,98.25,77676,2025-07-23 14:30:00+00:00
98.25,98.94999694824219,97.54000091552734,98.94999694824219,100027,2025-07-23 15:30:00+00:00
98.8550033569336,99.01000213623047,98.06999969482422,98.3561019897461,54098,2025-07-23 16:30:00+00:00
98.4000015258789,99.5,97.93000030517578,99.23999786376953,74636,2025-07-23 17:30:00+00:00
99.04000091552734,99.44000244140625,98.6500015258789,98.80999755859375,78541,2025-07-23 18:30:00+00:00
98.69999694824219,99.04000091552734,98.36000061035156,98.83999633789062,86359,2025-07-23 19:30:00+00:00
98.41000366210938,98.73999786376953,96.75,97.88999938964844,93340,2025-07-24 13:30:00+00:00
97.59359741210938,98.19999694824219,97.27999877929688,97.33999633789062,54340,2025-07-24 14:30:00+00:00
97.3550033569336,97.48390197753906,96.44999694824219,96.80999755859375,56102,2025-07-24 15:30:00+00:00
96.81999969482422,97.13999938964844,96.56999969482422,96.9800033569336,57447,2025-07-24 16:30:00+00:00
96.94000244140625,97.9677963256836,96.74500274658203,97.75,70463,2025-07-24 17:30:00+00:00
97.75,98.08000183105469,97.44000244140625,97.83999633789062,78796,2025-07-24 18:30:00+00:00
97.83499908447266,98.12999725341797,97.31500244140625,97.8499984741211,158315,2025-07-24 19:30:00+00:00
99.5999984741211,100.62000274658203,98.9000015258789,99.65499877929688,150553,2025-07-25 13:30:00+00:00
99.91000366210938,100.5999984741211,99.4000015258789,99.75399780273438,194226,2025-07-25 14:30:00+00:00
99.75,100.97850036621094,99.16000366210938,100.97850036621094,98816,2025-07-25 15:30:00+00:00
100.91999816894531,102.19000244140625,100.69999694824219,102.12000274658203,137186,2025-07-25 16:30:00+00:00
102.05500030517578,102.89990234375,101.83999633789062,102.62000274658203,181150,2025-07-25 17:30:00+00:00
102.6500015258789,103.4000015258789,102.52999877929688,102.94499969482422,216381,2025-07-25 18:30:00+00:00
102.95999908447266,103.79000091552734,102.47000122070312,103.72000122070312,300470,2025-07-25 19:30:00+00:00
104.81999969482422,105.0,103.72010040283203,104.05000305175781,136560,2025-07-28 13:30:00+00:00
104.1449966430664,104.94000244140625,102.92620086669922,103.68000030517578,99895,2025-07-28 14:30:00+00:00
103.68000030517578,104.66999816894531,103.52330017089844,104.66000366210938,66608,2025-07-28 15:30:00+00:00
104.54000091552734,104.58000183105469,103.9800033569336,104.20999908447266,58980,2025-07-28 16:30:00+00:00
104.33999633789062,104.94999694824219,104.31999969482422,104.81999969482422,78005,2025-07-28 17:30:00+00:00
104.79499816894531,104.94000244140625,104.45919799804688,104.69249725341797,76080,2025-07-28 18:30:00+00:00
104.66999816894531,105.5999984741211,104.51000213623047,105.56999969482422,240021,2025-07-28 19:30:00+00:00
107.51000213623047,113.9800033569336,107.2699966430664,112.82499694824219,859633,2025-07-29 13:30:00+00:00
112.86000061035156,113.55000305175781,110.7300033569336,110.73999786376953,271722,2025-07-29 14:30:00+00:00
110.73999786376953,111.70500183105469,110.16000366210938,110.66000366210938,177883,2025-07-29 15:30:00+00:00
110.6500015258789,114.4000015258789,109.77999877929688,114.26000213623047,269217,2025-07-29 16:30:00+00:00
114.26499938964844,115.0,112.98999786376953,113.20999908447266,329683,2025-07-29 17:30:00+00:00
113.13520050048828,114.79499816894531,113.0,113.41999816894531,314862,2025-07-29 18:30:00+00:00
113.4800033569336,113.69000244140625,111.94000244140625,111.94999694824219,405781,2025-07-29 19:30:00+00:00
112.41999816894531,113.2249984741211,110.55000305175781,111.87000274658203,239544,2025-07-30 13:30:00+00:00
112.20999908447266,112.3499984741211,109.45020294189453,109.45020294189453,188268,2025-07-30 14:30:00+00:00
109.41000366210938,110.41999816894531,108.31999969482422,110.22000122070312,196448,2025-07-30 15:30:00+00:00
110.2699966430664,111.7699966430664,110.1500015258789,111.56999969482422,170329,2025-07-30 16:30:00+00:00
111.62000274658203,112.08000183105469,111.08000183105469,111.70999908447266,181392,2025-07-30 17:30:00+00:00
111.66999816894531,112.4000015258789,110.41999816894531,111.86000061035156,527687,2025-07-30 18:30:00+00:00
111.87000274658203,114.06999969482422,111.79000091552734,114.02999877929688,641754,2025-07-30 19:30:00+00:00
125.0,137.5,123.87000274658203,136.51499938964844,1371859,2025-07-31 13:30:00+00:00
136.38999938964844,139.1199951171875,132.66000366210938,134.8314971923828,706845,2025-07-31 14:30:00+00:00
135.24000549316406,138.89999389648438,135.04100036621094,136.31500244140625,402676,2025-07-31 15:30:00+00:00
136.16000366210938,137.1750030517578,134.3300018310547,135.34500122070312,394758,2025-07-31 16:30:00+00:00
135.34500122070312,136.0,133.02000427246094,133.8300018310547,401318,2025-07-31 17:30:00+00:00
133.8300018310547,136.0,132.52999877929688,133.40249633789062,361338,2025-07-31 18:30:00+00:00
133.49000549316406,135.0,132.7899932861328,134.58999633789062,628010,2025-07-31 19:30:00+00:00
130.0,134.75,127.96990203857422,133.2100067138672,337532,2025-08-01 13:30:00+00:00
133.1999969482422,134.6199951171875,131.15499877929688,132.25999450683594,300709,2025-08-01 14:30:00+00:00
132.23500061035156,136.05999755859375,132.1699981689453,135.36500549316406,199561,2025-08-01 15:30:00+00:00
135.3699951171875,135.77000427246094,131.4600067138672,132.1199951171875,170896,2025-08-01 16:30:00+00:00
132.33999633789062,132.97999572753906,130.0133056640625,131.4499969482422,173073,2025-08-01 17:30:00+00:00
131.2899932861328,132.1199951171875,130.8300018310547,131.67999267578125,216735,2025-08-01 18:30:00+00:00
131.52000427246094,133.6999969482422,130.9600067138672,133.6699981689453,386412,2025-08-01 19:30:00+00:00
136.0,136.3249969482422,132.7100067138672,135.19500732421875,99946,2025-08-04 13:30:00+00:00
135.12750244140625,136.5,134.72999572753906,136.46499633789062,72768,2025-08-04 14:30:00+00:00
136.14999389648438,136.44000244140625,135.25,136.10000610351562,80396,2025-08-04 15:30:00+00:00
136.11000061035156,136.77960205078125,135.4199981689453,135.89500427246094,79037,2025-08-04 16:30:00+00:00
135.88400268554688,136.0,134.86000061035156,135.02000427246094,80913,2025-08-04 17:30:00+00:00
134.92999267578125,137.47999572753906,134.86000061035156,136.66000366210938,140773,2025-08-04 18:30:00+00:00
136.6320037841797,138.5500030517578,136.56500244140625,138.52000427246094,235381,2025-08-04 19:30:00+00:00
138.08999633789062,143.26429748535156,137.0,140.61000061035156,271750,2025-08-05 13:30:00+00:00
140.58999633789062,140.64999389648438,136.9499969482422,138.00999450683594,186327,2025-08-05 14:30:00+00:00
138.27999877929688,139.7969970703125,137.3800048828125,139.0500030517578,164018,2025-08-05 15:30:00+00:00
139.52000427246094,139.9499969482422,138.89999389648438,139.75999450683594,202453,2025-08-05 16:30:00+00:00
139.75,140.64999389648438,139.25,139.2899932861328,107548,2025-08-05 17:30:00+00:00
139.25,140.19500732421875,139.00999450683594,139.5050048828125,210743,2025-08-05 18:30:00+00:00
139.5050048828125,140.5800018310547,139.33999633789062,140.36000061035156,313283,2025-08-05 19:30:00+00:00
140.61000061035156,141.35589599609375,137.12010192871094,138.61500549316406,137647,2025-08-06 13:30:00+00:00
138.6199951171875,139.33999633789062,138.0,138.42750549316406,63779,2025-08-06 14:30:00+00:00
138.6300048828125,138.86000061035156,136.42999267578125,136.72390747070312,63171,2025-08-06 15:30:00+00:00
136.8249969482422,137.6199951171875,135.60000610351562,135.6999969482422,71653,2025-08-06 16:30:00+00:00
135.50999450683594,136.15499877929688,135.17999267578125,135.85000610351562,110563,2025-08-06 17:30:00+00:00
135.61000061035156,136.11000061035156,134.67999267578125,135.8249053955078,126076,2025-08-06 18:30:00+00:00
135.7100067138672,136.6300048828125,134.8699951171875,136.49000549316406,176383,2025-08-06 19:30:00+00:00
137.6199951171875,138.86000061035156,134.91000366210938,135.66000366210938,77385,2025-08-07 13:30:00+00:00
135.77000427246094,135.92739868164062,134.5800018310547,134.94000244140625,149915,2025-08-07 14:30:00+00:00
135.0,135.67999267578125,134.7220001220703,135.0,123370,2025-08-07 15:30:00+00:00
135.08999633789062,135.3000030517578,133.7899932861328,135.0,233966,2025-08-07 16:30:00+00:00
135.07000732421875,135.6968994140625,134.6999969482422,135.1699981689453,141810,2025-08-07 17:30:00+00:00
135.0800018310547,135.6300048828125,134.91000366210938,135.3300018310547,116044,2025-08-07 18:30:00+00:00
135.3300018310547,135.61500549316406,134.98500061035156,135.07000732421875,201957,2025-08-07 19:30:00+00:00
136.38999938964844,138.19630432128906,135.89999389648438,136.72500610351562,94698,2025-08-08 13:30:00+00:00
136.89999389648438,137.85499572753906,136.33999633789062,136.72000122070312,59940,2025-08-08 14:30:00+00:00
136.7949981689453,137.47000122070312,136.11000061035156,136.74000549316406,51574,2025-08-08 15:30:00+00:00
136.6699981689453,136.7899932861328,135.55999755859375,135.99000549316406,35143,2025-08-08 16:30:00+00:00
136.0,136.25999450683594,135.6199951171875,135.72000122070312,43499,2025-08-08 17:30:00+00:00
135.91000366210938,136.60000610351562,135.7100067138672,136.42999267578125,50206,2025-08-08 18:30:00+00:00
136.3800048828125,136.73500061035156,135.9499969482422,136.22999572753906,131306,2025-08-08 19:30:00+00:00
135.7899932861328,137.16830444335938,134.1999969482422,135.625,75657,2025-08-11 13:30:00+00:00
135.625,136.22999572753906,135.1300048828125,135.56500244140625,60106,2025-08-11 14:30:00+00:00
135.35000610351562,136.5800018310547,135.2449951171875,136.11000061035156,73066,2025-08-11 15:30:00+00:00
136.3300018310547,136.3300018310547,135.2899932861328,135.3000030517578,35954,2025-08-11 16:30:00+00:00
135.19500732421875,135.64999389648438,134.2899932861328,135.1750030517578,151829,2025-08-11 17:30:00+00:00
135.36000061035156,136.25,134.77999877929688,136.25,96987,2025-08-11 18:30:00+00:00
136.18499755859375,136.19000244140625,134.07000732421875,134.08999633789062,253728,2025-08-11 19:30:00+00:00
137.2100067138672,139.61000061035156,136.1999969482422,139.61000061035156,113601,2025-08-12 13:30:00+00:00
139.79420471191406,140.24000549316406,138.97500610351562,139.52000427246094,100910,2025-08-12 14:30:00+00:00
139.57000732421875,140.55999755859375,138.85000610351562,139.55999755859375,141398,2025-08-12 15:30:00+00:00
139.39999389648438,140.60499572753906,139.39999389648438,139.83999633789062,97146,2025-08-12 16:30:00+00:00
139.75,141.66000366210938,139.6501007080078,140.99000549316406,84174,2025-08-12 17:30:00+00:00
141.0050048828125,141.80999755859375,140.86000061035156,141.7100067138672,90341,2025-08-12 18:30:00+00:00
141.75,142.77999877929688,141.75,142.1199951171875,241860,2025-08-12 19:30:00+00:00
143.91000366210938,145.3000030517578,141.92999267578125,142.14999389648438,135122,2025-08-13 13:30:00+00:00
142.26499938964844,142.26499938964844,138.22000122070312,140.1699981689453,163279,2025-08-13 14:30:00+00:00
139.9499969482422,141.38999938964844,139.9199981689453,140.6649932861328,87591,2025-08-13 15:30:00+00:00
140.7050018310547,142.00999450683594,140.5,141.78500366210938,57717,2025-08-13 16:30:00+00:00
141.78500366210938,142.05999755859375,141.2100067138672,141.6699981689453,53892,2025-08-13 17:30:00+00:00
141.8699951171875,143.27999877929688,141.5399932861328,142.60000610351562,77295,2025-08-13 18:30:00+00:00
142.64999389648438,143.02999877929688,141.72000122070312,141.72999572753906,192754,2025-08-13 19:30:00+00:00
139.02000427246094,140.75,138.63499450683594,139.30999755859375,120291,2025-08-14 13:30:00+00:00
139.3300018310547,140.34500122070312,138.97500610351562,139.1300048828125,57594,2025-08-14 14:30:00+00:00
139.44000244140625,139.84500122070312,137.70590209960938,138.27999877929688,63919,2025-08-14 15:30:00+00:00
138.39999389648438,139.69000244140625,138.17999267578125,139.4499969482422,40309,2025-08-14 16:30:00+00:00
139.3000030517578,139.32000732421875,137.4199981689453,138.4951934814453,57331,2025-08-14 17:30:00+00:00
138.5399932861328,138.92999267578125,138.3800048828125,138.81500244140625,49321,2025-08-14 18:30:00+00:00
138.85000610351562,139.91000366210938,138.74000549316406,139.50999450683594,176174,2025-08-14 19:30:00+00:00
138.9199981689453,139.64500427246094,136.2100067138672,137.41000366210938,110241,2025-08-15 13:30:00+00:00
137.39999389648438,138.3350067138672,137.39999389648438,137.58999633789062,29302,2025-08-15 14:30:00+00:00
137.7274932861328,137.75,136.8000030517578,137.3699951171875,25862,2025-08-15 15:30:00+00:00
137.4405975341797,137.8000030517578,136.66000366210938,137.6649932861328,66068,2025-08-15 16:30:00+00:00
137.6999969482422,138.1999969482422,137.24000549316406,137.72000122070312,39622,2025-08-15 17:30:00+00:00
137.72999572753906,138.16000366210938,137.16000366210938,137.86000061035156,67617,2025-08-15 18:30:00+00:00
137.9600067138672,138.86500549316406,137.85499572753906,138.8000030517578,154713,2025-08-15 19:30:00+00:00
138.30999755859375,141.57000732421875,137.24000549316406,139.90379333496094,76699,2025-08-18 13:30:00+00:00
140.07000732421875,140.6300048828125,139.17999267578125,139.30999755859375,66745,2025-08-18 14:30:00+00:00
139.52000427246094,140.1649932861328,139.02000427246094,139.56500244140625,43978,2025-08-18 15:30:00+00:00
139.58999633789062,139.8300018310547,138.97000122070312,139.60000610351562,44504,2025-08-18 16:30:00+00:00
139.74000549316406,139.9600067138672,138.91000366210938,139.14999389648438,30123,2025-08-18 17:30:00+00:00
139.1999969482422,139.3778076171875,138.97000122070312,139.18499755859375,43993,2025-08-18 18:30:00+00:00
139.17999267578125,139.6199951171875,139.11000061035156,139.3300018310547,56109,2025-08-18 19:30:00+00:00
138.89999389648438,139.5,136.55999755859375,138.1199951171875,62007,2025-08-19 13:30:00+00:00
137.8699951171875,138.4499969482422,136.77499389648438,137.52999877929688,74256,2025-08-19 14:30:00+00:00
137.55999755859375,137.57000732421875,136.22999572753906,136.7100067138672,42029,2025-08-19 15:30:00+00:00
136.6300048828125,136.8000030517578,134.3300018310547,135.1300048828125,96279,2025-08-19 16:30:00+00:00
135.27000427246094,136.74000549316406,135.0050048828125,136.64500427246094,87963,2025-08-19 17:30:00+00:00
136.52999877929688,136.77999877929688,136.10000610351562,136.64999389648438,41744,2025-08-19 18:30:00+00:00
136.63499450683594,137.07000732421875,135.8708953857422,136.91000366210938,133640,2025-08-19 19:30:00+00:00
134.9499969482422,136.11000061035156,131.50100708007812,133.44500732421875,106484,2025-08-20 13:30:00+00:00
133.41000366210938,135.5198974609375,132.5,135.5198974609375,170796,2025-08-20 14:30:00+00:00
135.47000122070312,136.16000366210938,134.66000366210938,135.22000122070312,37359,2025-08-20 15:30:00+00:00
135.22999572753906,135.3800048828125,134.49000549316406,134.77999877929688,34819,2025-08-20 16:30:00+00:00
134.8300018310547,135.24000549316406,133.7899932861328,134.27499389648438,48147,2025-08-20 17:30:00+00:00
134.2899932861328,134.97000122070312,134.0399932861328,134.97000122070312,57358,2025-08-20 18:30:00+00:00
134.92999267578125,135.22999572753906,134.72000122070312,134.9199981689453,110243,2025-08-20 19:30:00+00:00
134.92999267578125,135.50790405273438,133.89999389648438,135.15499877929688,37183,2025-08-21 13:30:00+00:00
135.3800048828125,135.7100067138672,133.9385986328125,134.80499267578125,37893,2025-08-21 14:30:00+00:00
134.8300018310547,135.55560302734375,134.49000549316406,134.92999267578125,50517,2025-08-21 15:30:00+00:00
135.16000366210938,135.2899932861328,134.52000427246094,134.6999969482422,50975,2025-08-21 16:30:00+00:00
134.57000732421875,135.8000030517578,134.57000732421875,135.56500244140625,22732,2025-08-21 17:30:00+00:00
135.5500030517578,135.77999877929688,135.08999633789062,135.27000427246094,37920,2025-08-21 18:30:00+00:00
135.0500030517578,135.27999877929688,134.75999450683594,135.07000732421875,85057,2025-08-21 19:30:00+00:00
135.1300048828125,141.73989868164062,134.8699951171875,140.66000366210938,114449,2025-08-22 13:30:00+00:00
140.6999969482422,142.88999938964844,140.6999969482422,141.4199981689453,120709,2025-08-22 14:30:00+00:00
141.55999755859375,142.14999389648438,140.75999450683594,141.16000366210938,52903,2025-08-22 15:30:00+00:00
141.27999877929688,141.9499969482422,141.24000549316406,141.41000366210938,51651,2025-08-22 16:30:00+00:00
141.27000427246094,141.970458984375,140.55999755859375,140.9499969482422,106347,2025-08-22 17:30:00+00:00
140.9600067138672,141.1300048828125,140.27999877929688,140.6999969482422,96688,2025-08-22 18:30:00+00:00
140.72500610351562,141.34500122070312,140.35000610351562,140.4499969482422,141566,2025-08-22 19:30:00+00:00
139.35000610351562,140.99000549316406,137.6486053466797,140.3800048828125,69913,2025-08-25 13:30:00+00:00
140.47999572753906,140.47999572753906,139.0,139.92999267578125,64991,2025-08-25 14:30:00+00:00
140.02000427246094,140.02000427246094,139.1300048828125,139.4949951171875,35524,2025-08-25 15:30:00+00:00
139.57000732421875,139.6199951171875,138.14999389648438,138.5800018310547,65697,2025-08-25 16:30:00+00:00
138.6300048828125,139.05999755859375,138.32000732421875,139.0449981689453,37704,2025-08-25 17:30:00+00:00
139.2050018310547,139.64019775390625,138.6699981689453,138.6699981689453,52699,2025-08-25 18:30:00+00:00
138.6750030517578,139.0800018310547,138.10000610351562,138.1999969482422,135636,2025-08-25 19:30:00+00:00
138.1300048828125,139.97999572753906,138.1300048828125,139.97999572753906,61050,2025-08-26 13:30:00+00:00
139.5399932861328,141.52999877929688,139.5399932861328,141.22999572753906,40810,2025-08-26 14:30:00+00:00
141.52000427246094,143.75,141.39999389648438,143.3800048828125,93409,2025-08-26 15:30:00+00:00
143.39999389648438,144.4499969482422,142.77999877929688,142.83999633789062,67850,2025-08-26 16:30:00+00:00
143.02000427246094,143.02000427246094,141.8800048828125,141.92999267578125,44249,2025-08-26 17:30:00+00:00
142.02099609375,142.61000061035156,141.72999572753906,142.61000061035156,60632,2025-08-26 18:30:00+00:00
142.61000061035156,142.61500549316406,141.47999572753906,141.50999450683594,179694,2025-08-26 19:30:00+00:00
140.60000610351562,142.77499389648438,139.63999938964844,141.83999633789062,73417,2025-08-27 13:30:00+00:00
141.83999633789062,142.65249633789062,141.51499938964844,142.2100067138672,44694,2025-08-27 14:30:00+00:00
142.3000030517578,142.42999267578125,141.07000732421875,141.27499389648438,33442,2025-08-27 15:30:00+00:00
141.41000366210938,141.7050018310547,141.2100067138672,141.5449981689453,32484,2025-08-27 16:30:00+00:00
141.63999938964844,142.13999938964844,141.5500030517578,141.6300048828125,32204,2025-08-27 17:30:00+00:00
141.80499267578125,142.14999389648438,141.42999267578125,141.6699981689453,52017,2025-08-27 18:30:00+00:00
141.6300048828125,141.7100067138672,140.42999267578125,140.42999267578125,80520,2025-08-27 19:30:00+00:00
141.5,143.3800048828125,141.47500610351562,141.95840454101562,50390,2025-08-28 13:30:00+00:00
141.88999938964844,142.74000549316406,141.67999267578125,142.27999877929688,36801,2025-08-28 14:30:00+00:00
142.3000030517578,143.1999969482422,142.27000427246094,143.1999969482422,28128,2025-08-28 15:30:00+00:00
143.05999755859375,144.92999267578125,142.9199981689453,144.24000549316406,127201,2025-08-28 16:30:00+00:00
143.97000122070312,144.2899932861328,143.1999969482422,143.83999633789062,76973,2025-08-28 17:30:00+00:00
143.64999389648438,143.76499938964844,142.92999267578125,143.6649932861328,71064,2025-08-28 18:30:00+00:00
143.67999267578125,143.68499755859375,142.17999267578125,142.3300018310547,146467,2025-08-28 19:30:00+00:00
140.1999969482422,141.0,136.75999450683594,137.60000610351562,91699,2025-08-29 13:30:00+00:00
137.39999389648438,137.52000427246094,134.5854949951172,135.44000244140625,84287,2025-08-29 14:30:00+00:00
135.5,135.67999267578125,134.5500030517578,135.139892578125,80962,2025-08-29 15:30:00+00:00
134.9949951171875,135.72000122070312,134.5850067138672,135.06500244140625,57326,2025-08-29 16:30:00+00:00
135.17999267578125,135.7899932861328,134.88999938964844,135.05999755859375,33570,2025-08-29 17:30:00+00:00
134.9550018310547,135.63999938964844,134.77000427246094,135.27000427246094,61945,2025-08-29 18:30:00+00:00
135.28500366210938,136.25,134.9300994873047,136.22999572753906,127132,2025-08-29 19:30:00+00:00
131.89999389648438,134.77499389648438,130.08999633789062,134.53500366210938,104714,2025-09-02 13:30:00+00:00
134.8000030517578,135.7899932861328,134.5,135.1999969482422,115251,2025-09-02 14:30:00+00:00
135.1199951171875,135.14999389648438,133.5800018310547,135.0050048828125,122388,2025-09-02 15:30:00+00:00
135.0500030517578,135.11000061035156,134.0,134.39999389648438,68822,2025-09-02 16:30:00+00:00
134.6199951171875,134.75999450683594,134.00999450683594,134.11749267578125,49886,2025-09-02 17:30:00+00:00
134.1999969482422,134.4600067138672,134.0,134.22000122070312,63889,2025-09-02 18:30:00+00:00
134.24000549316406,134.52000427246094,133.9600067138672,133.99000549316406,153123,2025-09-02 19:30:00+00:00
133.94000244140625,134.4875030517578,132.2032012939453,132.8800048828125,42765,2025-09-03 13:30:00+00:00
132.9575958251953,133.8300018310547,132.74000549316406,133.8000030517578,76074,2025-09-03 14:30:00+00:00
133.67999267578125,134.33999633789062,133.52000427246094,134.0800018310547,50972,2025-09-03 15:30:00+00:00
134.0,134.1999969482422,133.47000122070312,133.6649932861328,59299,2025-09-03 16:30:00+00:00
133.77000427246094,133.82000732421875,132.44000244140625,133.42999267578125,65004,2025-09-03 17:30:00+00:00
133.35000610351562,133.4499969482422,133.0,133.1300048828125,43676,2025-09-03 18:30:00+00:00
133.14999389648438,134.2550048828125,133.14999389648438,133.77999877929688,88539,2025-09-03 19:30:00+00:00
134.25999450683594,135.00779724121094,133.6999969482422,134.91000366210938,64442,2025-09-04 13:30:00+00:00
134.8350067138672,135.77639770507812,134.8350067138672,135.24000549316406,69107,2025-09-04 14:30:00+00:00
135.19000244140625,135.92999267578125,135.09500122070312,135.14999389648438,45231,2025-09-04 15:30:00+00:00
135.1999969482422,135.30999755859375,134.67999267578125,135.1999969482422,41042,2025-09-04 16:30:00+00:00
135.1300048828125,135.81500244140625,135.1300048828125,135.58999633789062,67079,2025-09-04 17:30:00+00:00
135.68499755859375,135.7899932861328,134.9600067138672,135.60000610351562,68311,2025-09-04 18:30:00+00:00
135.7899932861328,136.36000061035156,135.61000061035156,135.8800048828125,138199,2025-09-04 19:30:00+00:00
136.4499969482422,138.28500366210938,132.39219665527344,132.39219665527344,102758,2025-09-05 13:30:00+00:00
132.50999450683594,132.7899932861328,129.0,129.9199981689453,112203,2025-09-05 14:30:00+00:00
130.1300048828125,132.06900024414062,130.05250549316406,131.8300018310547,69901,2025-09-05 15:30:00+00:00
131.85499572753906,132.97000122070312,131.0500030517578,132.8300018310547,65000,2025-09-05 16:30:00+00:00
132.82000732421875,133.64999389648438,132.49000549316406,133.5449981689453,78851,2025-09-05 17:30:00+00:00
133.6999969482422,135.0800018310547,133.55999755859375,134.7899932861328,194159,2025-09-05 18:30:00+00:00
134.77999877929688,135.5500030517578,134.55999755859375,135.1999969482422,139791,2025-09-05 19:30:00+00:00
136.69000244140625,138.78990173339844,135.0,138.1300048828125,97500,2025-09-08 13:30:00+00:00
138.14999389648438,139.18499755859375,137.27499389648438,138.92999267578125,90498,2025-09-08 14:30:00+00:00
139.2799072265625,139.2799072265625,137.5800018310547,137.97500610351562,48061,2025-09-08 15:30:00+00:00
138.08999633789062,138.66439819335938,137.99000549316406,138.5449981689453,34731,2025-09-08 16:30:00+00:00
138.27000427246094,138.66000366210938,138.02999877929688,138.66000366210938,38124,2025-09-08 17:30:00+00:00
138.4550018310547,138.66000366210938,137.77000427246094,138.02999877929688,50805,2025-09-08 18:30:00+00:00
137.9600067138672,138.8560028076172,137.94000244140625,138.77000427246094,116960,2025-09-08 19:30:00+00:00
139.1699981689453,140.8300018310547,137.5850067138672,137.8300018310547,91443,2025-09-09 13:30:00+00:00
137.02000427246094,137.14999389648438,135.8300018310547,136.63999938964844,51882,2025-09-09 14:30:00+00:00
136.60000610351562,137.35000610351562,136.27999877929688,137.10279846191406,25694,2025-09-09 15:30:00+00:00
137.3800048828125,137.52999877929688,137.0,137.4199981689453,30653,2025-09-09 16:30:00+00:00
137.42039489746094,138.13499450683594,137.2949981689453,138.13499450683594,27183,2025-09-09 17:30:00+00:00
138.13999938964844,138.5500030517578,138.0050048828125,138.2100067138672,35699,2025-09-09 18:30:00+00:00
138.24000549316406,139.02000427246094,138.1199951171875,138.50999450683594,85435,2025-09-09 19:30:00+00:00
143.25999450683594,154.0,143.0,149.8300018310547,450101,2025-09-10 13:30:00+00:00
149.75,150.27000427246094,148.51010131835938,149.6750030517578,196844,2025-09-10 14:30:00+00:00
149.64999389648438,151.39999389648438,149.39999389648438,150.3249969482422,196010,2025-09-10 15:30:00+00:00
150.25999450683594,151.99000549316406,150.10000610351562,150.85980224609375,160880,2025-09-10 16:30:00+00:00
150.64500427246094,151.10000610351562,147.57000732421875,148.0500030517578,167565,2025-09-10 17:30:00+00:00
148.1999969482422,150.0,148.00999450683594,149.36500549316406,119597,2025-09-10 18:30:00+00:00
149.4199981689453,151.58999633789062,149.4199981689453,151.55999755859375,259718,2025-09-10 19:30:00+00:00
151.5,153.88999938964844,151.39999389648438,152.73500061035156,226547,2025-09-11 13:30:00+00:00
152.44000244140625,153.47000122070312,151.27000427246094,152.07000732421875,106025,2025-09-11 14:30:00+00:00
152.125,152.32000732421875,151.00999450683594,151.23500061035156,60250,2025-09-11 15:30:00+00:00
151.23500061035156,151.67999267578125,150.3300018310547,150.39999389648438,67791,2025-09-11 16:30:00+00:00
150.44000244140625,150.7050018310547,148.36000061035156,148.43089294433594,73635,2025-09-11 17:30:00+00:00
148.4949951171875,148.4949951171875,146.5500030517578,147.10499572753906,105358,2025-09-11 18:30:00+00:00
147.10000610351562,147.585205078125,146.58999633789062,146.75999450683594,183039,2025-09-11 19:30:00+00:00
146.89999389648438,149.49000549316406,145.58999633789062,148.8699951171875,106302,2025-09-12 13:30:00+00:00
148.87139892578125,149.83990478515625,148.69000244140625,149.63499450683594,74552,2025-09-12 14:30:00+00:00
149.72999572753906,149.77999877929688,148.47999572753906,148.97000122070312,45446,2025-09-12 15:30:00+00:00
149.0,149.67999267578125,148.85000610351562,148.89500427246094,39290,2025-09-12 16:30:00+00:00
148.97999572753906,150.69000244140625,148.6999969482422,149.49000549316406,61179,2025-09-12 17:30:00+00:00
149.46499633789062,150.35000610351562,149.07000732421875,149.24000549316406,74944,2025-09-12 18:30:00+00:00
149.2550048828125,149.75,147.90809631347656,149.6699981689453,129122,2025-09-12 19:30:00+00:00
150.22000122070312,154.33999633789062,150.22000122070312,154.22000122070312,107644,2025-09-15 13:30:00+00:00
154.00999450683594,155.72999572753906,153.82000732421875,155.44000244140625,131868,2025-09-15 14:30:00+00:00
155.4600067138672,155.4600067138672,153.9801025390625,154.3800048828125,99957,2025-09-15 15:30:00+00:00
154.52000427246094,155.4199981689453,154.3874969482422,154.8300018310547,107308,2025-09-15 16:30:00+00:00
154.6699981689453,155.14999389648438,153.10000610351562,153.3800048828125,99318,2025-09-15 17:30:00+00:00
153.25,153.27000427246094,152.3000030517578,152.44000244140625,52512,2025-09-15 18:30:00+00:00
152.5500030517578,152.96499633789062,151.9600067138672,152.47999572753906,151751,2025-09-15 19:30:00+00:00
152.42999267578125,153.1300048828125,150.74000549316406,150.8800048828125,67687,2025-09-16 13:30:00+00:00
150.9949951171875,151.64999389648438,150.52000427246094,150.80499267578125,53636,2025-09-16 14:30:00+00:00
150.9949951171875,152.32000732421875,150.9949951171875,151.77000427246094,32222,2025-09-16 15:30:00+00:00
151.63499450683594,152.72000122070312,151.44000244140625,152.7100067138672,37110,2025-09-16 16:30:00+00:00
152.6300048828125,153.49000549316406,152.47000122070312,152.75,59782,2025-09-16 17:30:00+00:00
152.88999938964844,153.88999938964844,152.6999969482422,152.94000244140625,35158,2025-09-16 18:30:00+00:00
152.88999938964844,153.6699981689453,152.74000549316406,153.33999633789062,107737,2025-09-16 19:30:00+00:00
153.11000061035156,154.14999389648438,152.11000061035156,153.55499267578125,39091,2025-09-17 13:30:00+00:00
153.5,154.13999938964844,152.12010192871094,152.77999877929688,62586,2025-09-17 14:30:00+00:00
152.90499877929688,153.3300018310547,152.19000244140625,152.25999450683594,37682,2025-09-17 15:30:00+00:00
152.36000061035156,152.44000244140625,151.47000122070312,152.21009826660156,26451,2025-09-17 16:30:00+00:00
152.3300018310547,155.55250549316406,152.2100067138672,155.17999267578125,97015,2025-09-17 17:30:00+00:00
155.22999572753906,155.22999572753906,151.25,154.92999267578125,140395,2025-09-17 18:30:00+00:00
154.83999633789062,154.85000610351562,152.11000061035156,152.2100067138672,180300,2025-09-17 19:30:00+00:00
156.0,158.67999267578125,154.88999938964844,158.67999267578125,119919,2025-09-18 13:30:00+00:00
158.86000061035156,158.86000061035156,155.99000549316406,157.1199951171875,59385,2025-09-18 14:30:00+00:00
157.3300018310547,158.3699951171875,157.3300018310547,158.08999633789062,85466,2025-09-18 15:30:00+00:00
158.08999633789062,158.61000061035156,157.86000061035156,158.4250030517578,96465,2025-09-18 16:30:00+00:00
158.5500030517578,158.5500030517578,157.0,157.34500122070312,70948,2025-09-18 17:30:00+00:00
157.36000061035156,159.53500366210938,157.36000061035156,158.75999450683594,124001,2025-09-18 18:30:00+00:00
158.75999450683594,159.16000366210938,158.2899932861328,158.4600067138672,190603,2025-09-18 19:30:00+00:00
158.0,159.29249572753906,154.5399932861328,154.7667999267578,139172,2025-09-19 13:30:00+00:00
154.52000427246094,155.0399932861328,152.25,154.19000244140625,88758,2025-09-19 14:30:00+00:00
154.00999450683594,154.47000122070312,153.5,153.9199981689453,114543,2025-09-19 15:30:00+00:00
153.8800048828125,154.36849975585938,153.47000122070312,154.06500244140625,43831,2025-09-19 16:30:00+00:00
154.03500366210938,154.75,153.02000427246094,153.19000244140625,53448,2025-09-19 17:30:00+00:00
153.375,154.02000427246094,152.4949951171875,153.88999938964844,176176,2025-09-19 18:30:00+00:00
153.86000061035156,155.51499938964844,153.74000549316406,154.9499969482422,172016,2025-09-19 19:30:00+00:00
154.2100067138672,154.51499938964844,149.39500427246094,149.39500427246094,64591,2025-09-22 13:30:00+00:00
149.77000427246094,151.7899932861328,149.47000122070312,151.0399932861328,100983,2025-09-22 14:30:00+00:00
150.97999572753906,152.75,150.55450439453125,152.36500549316406,160393,2025-09-22 15:30:00+00:00
152.4149932861328,154.94000244140625,152.3300018310547,154.38499450683594,114618,2025-09-22 16:30:00+00:00
154.38499450683594,154.42999267578125,153.4600067138672,153.69000244140625,77828,2025-09-22 17:30:00+00:00
153.68499755859375,153.9250030517578,152.5399932861328,152.5449981689453,129953,2025-09-22 18:30:00+00:00
152.5800018310547,153.1999969482422,151.11000061035156,151.1300048828125,268414,2025-09-22 19:30:00+00:00
151.14999389648438,154.1300048828125,150.40660095214844,152.27999877929688,75696,2025-09-23 13:30:00+00:00
152.22999572753906,153.423095703125,151.14999389648438,151.55999755859375,39331,2025-09-23 14:30:00+00:00
151.55999755859375,151.60499572753906,143.91000366210938,146.08999633789062,252223,2025-09-23 15:30:00+00:00
146.25,146.77000427246094,145.35000610351562,145.4499969482422,170874,2025-09-23 16:30:00+00:00
145.4499969482422,145.4499969482422,141.17999267578125,141.6199951171875,202149,2025-09-23 17:30:00+00:00
141.52999877929688,143.40499877929688,141.52000427246094,143.2899932861328,123011,2025-09-23 18:30:00+00:00
143.3300018310547,146.8000030517578,143.2899932861328,146.14500427246094,290885,2025-09-23 19:30:00+00:00
145.16000366210938,146.5800018310547,141.8000030517578,144.22000122070312,110000,2025-09-24 13:30:00+00:00
144.22000122070312,144.3000030517578,141.7899932861328,142.5491943359375,94786,2025-09-24 14:30:00+00:00
142.4550018310547,142.6096954345703,140.57000732421875,141.52000427246094,87659,2025-09-24 15:30:00+00:00
141.30999755859375,141.60000610351562,139.52000427246094,139.66000366210938,77479,2025-09-24 16:30:00+00:00
139.72999572753906,140.47999572753906,138.4456024169922,140.28990173339844,89890,2025-09-24 17:30:00+00:00
139.80999755859375,141.2100067138672,139.55999755859375,140.58999633789062,140778,2025-09-24 18:30:00+00:00
140.6300048828125,141.38999938964844,139.85000610351562,141.13999938964844,229630,2025-09-24 19:30:00+00:00
137.3000030517578,138.13999938964844,134.0399932861328,137.39500427246094,183338,2025-09-25 13:30:00+00:00
137.27000427246094,138.1699981689453,136.6649932861328,136.6649932861328,83238,2025-09-25 14:30:00+00:00
136.77000427246094,138.95559692382812,136.77000427246094,137.2899932861328,60960,2025-09-25 15:30:00+00:00
137.4199981689453,138.01759338378906,136.8300018310547,137.1199951171875,58265,2025-09-25 16:30:00+00:00
137.41000366210938,137.41000366210938,135.11000061035156,136.74000549316406,87773,2025-09-25 17:30:00+00:00
136.77999877929688,137.0500030517578,135.38999938964844,135.81500244140625,76388,2025-09-25 18:30:00+00:00
135.843994140625,136.2899932861328,135.4499969482422,135.77000427246094,150553,2025-09-25 19:30:00+00:00
135.75,138.5399932861328,135.75,137.0500030517578,57339,2025-09-26 13:30:00+00:00
137.0850067138672,137.53419494628906,135.6999969482422,137.07000732421875,58397,2025-09-26 14:30:00+00:00
137.10000610351562,137.38999938964844,136.1699981689453,136.86000061035156,44494,2025-09-26 15:30:00+00:00
136.94000244140625,137.49000549316406,136.5500030517578,136.86000061035156,30907,2025-09-26 16:30:00+00:00
136.94000244140625,137.44000244140625,136.64999389648438,136.97999572753906,41198,2025-09-26 17:30:00+00:00
137.1199951171875,137.47500610351562,136.64999389648438,137.13499450683594,130576,2025-09-26 18:30:00+00:00
137.08999633789062,138.8300018310547,137.08999633789062,138.75999450683594,211949,2025-09-26 19:30:00+00:00
140.60000610351562,142.8800048828125,140.3000030517578,142.27000427246094,121103,2025-09-29 13:30:00+00:00
142.25999450683594,143.21499633789062,141.7949981689453,142.75,104207,2025-09-29 14:30:00+00:00
142.7301025390625,145.0500030517578,142.30999755859375,145.0500030517578,110520,2025-09-29 15:30:00+00:00
144.93499755859375,144.97999572753906,142.86500549316406,143.96499633789062,78590,2025-09-29 16:30:00+00:00
144.02999877929688,144.52000427246094,142.67999267578125,142.67999267578125,136217,2025-09-29 17:30:00+00:00
142.72999572753906,143.49000549316406,142.3300018310547,142.44000244140625,107678,2025-09-29 18:30:00+00:00
142.42999267578125,142.58999633789062,141.22000122070312,141.22000122070312,153022,2025-09-29 19:30:00+00:00
141.55999755859375,144.45730590820312,141.33999633789062,141.8800048828125,87240,2025-09-30 13:30:00+00:00
141.625,142.61000061035156,140.3800048828125,140.9199981689453,80504,2025-09-30 14:30:00+00:00
141.07000732421875,141.07000732421875,139.6300048828125,140.4499969482422,33626,2025-09-30 15:30:00+00:00
140.4499969482422,140.91000366210938,140.09010314941406,140.3249969482422,39227,2025-09-30 16:30:00+00:00
140.10000610351562,140.39999389648438,139.10499572753906,140.01820373535156,40620,2025-09-30 17:30:00+00:00
140.0518035888672,141.10000610351562,139.73519897460938,140.80999755859375,44207,2025-09-30 18:30:00+00:00
140.91000366210938,142.3350067138672,140.82000732421875,142.3350067138672,101432,2025-09-30 19:30:00+00:00
139.9499969482422,144.02000427246094,139.9499969482422,144.01499938964844,44786,2025-10-01 13:30:00+00:00
143.9250030517578,145.47000122070312,143.33999633789062,145.25999450683594,47301,2025-10-01 14:30:00+00:00
145.2949981689453,145.85000610351562,144.72000122070312,145.4199981689453,47843,2025-10-01 15:30:00+00:00
145.2100067138672,145.75999450683594,144.55999755859375,145.65499877929688,55229,2025-10-01 16:30:00+00:00
145.65249633789062,146.66000366210938,145.3699951171875,146.66000366210938,54751,2025-10-01 17:30:00+00:00
146.6417999267578,148.36000061035156,146.60850524902344,148.36000061035156,66772,2025-10-01 18:30:00+00:00
148.4600067138672,149.57000732421875,147.8300018310547,148.00999450683594,202181,2025-10-01 19:30:00+00:00
149.2100067138672,150.02999877929688,143.77000427246094,144.42999267578125,128755,2025-10-02 13:30:00+00:00
144.5800018310547,145.30999755859375,144.25,144.95249938964844,104806,2025-10-02 14:30:00+00:00
144.94000244140625,145.86500549316406,144.1699981689453,145.47999572753906,50713,2025-10-02 15:30:00+00:00
145.52000427246094,146.8699951171875,145.42999267578125,145.9600067138672,61986,2025-10-02 16:30:00+00:00
145.9600067138672,147.75999450683594,145.8800048828125,147.38999938964844,47180,2025-10-02 17:30:00+00:00
147.25,148.1999969482422,146.5800018310547,148.10000610351562,61998,2025-10-02 18:30:00+00:00
148.19500732421875,148.19500732421875,147.3574981689453,147.6699981689453,123515,2025-10-02 19:30:00+00:00
148.19000244140625,148.19000244140625,144.6999969482422,144.9600067138672,37590,2025-10-03 13:30:00+00:00
145.00999450683594,147.8300018310547,145.00999450683594,146.860107421875,37228,2025-10-03 14:30:00+00:00
146.6699981689453,147.67999267578125,146.1300048828125,147.3300018310547,46182,2025-10-03 15:30:00+00:00
147.3249969482422,147.32749938964844,145.72799682617188,146.10499572753906,40070,2025-10-03 16:30:00+00:00
146.11000061035156,148.39999389648438,144.0,147.9499969482422,75127,2025-10-03 17:30:00+00:00
147.9199981689453,148.2899932861328,146.57000732421875,146.72500610351562,54625,2025-10-03 18:30:00+00:00
146.72999572753906,148.19000244140625,146.72999572753906,147.58999633789062,133843,2025-10-03 19:30:00+00:00
150.35000610351562,154.33999633789062,149.6125030517578,150.5399932861328,146681,2025-10-06 13:30:00+00:00
150.32000732421875,154.89999389648438,150.32000732421875,154.41000366210938,75641,2025-10-06 14:30:00+00:00
154.00999450683594,154.9499053955078,153.6300048828125,154.32009887695312,69437,2025-10-06 15:30:00+00:00
154.3249969482422,154.47000122070312,152.50999450683594,153.5,52915,2025-10-06 16:30:00+00:00
153.6199951171875,154.5,153.05999755859375,153.7050018310547,61332,2025-10-06 17:30:00+00:00
153.41000366210938,154.35000610351562,152.8000030517578,153.9199981689453,58794,2025-10-06 18:30:00+00:00
153.72000122070312,154.19000244140625,153.08999633789062,153.9600067138672,144020,2025-10-06 19:30:00+00:00
153.72999572753906,155.3249969482422,152.38499450683594,154.60000610351562,51220,2025-10-07 13:30:00+00:00
154.52999877929688,155.3000030517578,150.0,150.11000061035156,139180,2025-10-07 14:30:00+00:00
150.14999389648438,150.22999572753906,145.86610412597656,148.65499877929688,63550,2025-10-07 15:30:00+00:00
148.65499877929688,149.9499969482422,148.65499877929688,149.38999938964844,30280,2025-10-07 16:30:00+00:00
149.36000061035156,149.67999267578125,148.52000427246094,149.55999755859375,38243,2025-10-07 17:30:00+00:00
149.5800018310547,150.64999389648438,149.0800018310547,150.4199981689453,94398,2025-10-07 18:30:00+00:00
150.4600067138672,151.02999877929688,149.5399932861328,149.77999877929688,228426,2025-10-07 19:30:00+00:00
151.1999969482422,156.31399536132812,150.9550018310547,155.9250030517578,115612,2025-10-08 13:30:00+00:00
156.24000549316406,156.6199951171875,154.25,155.64999389648438,100311,2025-10-08 14:30:00+00:00
155.77999877929688,156.75,155.02999877929688,155.47999572753906,50167,2025-10-08 15:30:00+00:00
155.4149932861328,155.4149932861328,154.4499969482422,155.00999450683594,52464,2025-10-08 16:30:00+00:00
154.72999572753906,154.77999877929688,153.05499267578125,153.5749969482422,59047,2025-10-08 17:30:00+00:00
153.58999633789062,154.50999450683594,152.9199981689453,154.39520263671875,55512,2025-10-08 18:30:00+00:00
154.27999877929688,154.94000244140625,154.1199951171875,154.4499969482422,144833,2025-10-08 19:30:00+00:00
151.4600067138672,154.0,150.75999450683594,151.66000366210938,75729,2025-10-09 13:30:00+00:00
151.23500061035156,152.8300018310547,149.01600646972656,152.2675018310547,65850,2025-10-09 14:30:00+00:00
152.74000549316406,153.5500030517578,152.1074981689453,152.56500244140625,26877,2025-10-09 15:30:00+00:00
152.8800048828125,153.55999755859375,152.44000244140625,152.80499267578125,28361,2025-10-09 16:30:00+00:00
152.77000427246094,153.5800018310547,151.8699951171875,152.06500244140625,118742,2025-10-09 17:30:00+00:00
152.06500244140625,152.1699981689453,150.69500732421875,151.4600067138672,50499,2025-10-09 18:30:00+00:00
151.44000244140625,151.72000122070312,148.92999267578125,148.9499969482422,131701,2025-10-09 19:30:00+00:00
150.24000549316406,157.02000427246094,148.44000244140625,156.5500030517578,239474,2025-10-10 13:30:00+00:00
156.5449981689453,156.5449981689453,150.77000427246094,151.19000244140625,191165,2025-10-10 14:30:00+00:00
151.19000244140625,152.88999938964844,149.00010681152344,151.61500549316406,149166,2025-10-10 15:30:00+00:00
151.64999389648438,152.1699981689453,148.57000732421875,149.76499938964844,47903,2025-10-10 16:30:00+00:00
149.85000610351562,150.72999572753906,148.91000366210938,149.57000732421875,68715,2025-10-10 17:30:00+00:00
149.57000732421875,149.88999938964844,147.4499969482422,147.52499389648438,72063,2025-10-10 18:30:00+00:00
147.63999938964844,147.76499938964844,144.91000366210938,145.33999633789062,224417,2025-10-10 19:30:00+00:00
149.16000366210938,151.1999969482422,148.05999755859375,148.91000366210938,80506,2025-10-13 13:30:00+00:00
149.14999389648438,151.0,148.19200134277344,150.5800018310547,91045,2025-10-13 14:30:00+00:00
150.52000427246094,151.11000061035156,149.88999938964844,150.14840698242188,35150,2025-10-13 15:30:00+00:00
150.3800048828125,151.0399932861328,149.89999389648438,150.0399932861328,36721,2025-10-13 16:30:00+00:00
150.10499572753906,150.3699951171875,149.4199981689453,150.0749969482422,49942,2025-10-13 17:30:00+00:00
149.9600067138672,150.07699584960938,148.9949951171875,148.9949951171875,88842,2025-10-13 18:30:00+00:00
149.0,150.07000732421875,148.0399932861328,149.72000122070312,128694,2025-10-13 19:30:00+00:00
146.14999389648438,151.34649658203125,143.0,150.4199981689453,82068,2025-10-14 13:30:00+00:00
150.99000549316406,151.1999969482422,149.20050048828125,150.60000610351562,53624,2025-10-14 14:30:00+00:00
150.60000610351562,150.88999938964844,149.33999633789062,150.13999938964844,45122,2025-10-14 15:30:00+00:00
150.0850067138672,151.72999572753906,150.00010681152344,151.7100067138672,45861,2025-10-14 16:30:00+00:00
151.63999938964844,152.8800048828125,151.33999633789062,152.34500122070312,48959,2025-10-14 17:30:00+00:00
152.34500122070312,153.5800018310547,152.0399932861328,153.0,61819,2025-10-14 18:30:00+00:00
153.07000732421875,153.9550018310547,151.68499755859375,153.80999755859375,168396,2025-10-14 19:30:00+00:00
155.77000427246094,159.88999938964844,155.25,158.8249969482422,161600,2025-10-15 13:30:00+00:00
158.82000732421875,159.5,155.75,158.8300018310547,117230,2025-10-15 14:30:00+00:00
159.0500030517578,159.08999633789062,156.58999633789062,158.0,88927,2025-10-15 15:30:00+00:00
158.0,158.3300018310547,156.38009643554688,157.69000244140625,74082,2025-10-15 16:30:00+00:00
158.2100067138672,159.88499450683594,157.27000427246094,159.5500030517578,72632,2025-10-15 17:30:00+00:00
159.5500030517578,162.1199951171875,159.5500030517578,162.1199951171875,161837,2025-10-15 18:30:00+00:00
161.97999572753906,162.47000122070312,161.32000732421875,162.0800018310547,229069,2025-10-15 19:30:00+00:00
162.50999450683594,164.889892578125,159.77999877929688,160.2899932861328,175622,2025-10-16 13:30:00+00:00
159.93499755859375,162.08999633789062,159.71009826660156,160.6999969482422,54825,2025-10-16 14:30:00+00:00
160.32000732421875,161.97999572753906,159.6999969482422,160.3065948486328,89433,2025-10-16 15:30:00+00:00
159.9199981689453,163.5,159.5800018310547,162.55999755859375,114514,2025-10-16 16:30:00+00:00
162.5050048828125,162.61000061035156,159.5493927001953,159.97500610351562,91911,2025-10-16 17:30:00+00:00
160.10000610351562,161.2100067138672,158.8000030517578,159.1699981689453,110935,2025-10-16 18:30:00+00:00
159.1699981689453,160.82000732421875,158.55999755859375,160.41000366210938,159919,2025-10-16 19:30:00+00:00
156.02000427246094,158.9600067138672,155.00999450683594,157.08999633789062,101061,2025-10-17 13:30:00+00:00
156.9178009033203,157.86000061035156,150.97500610351562,151.86000061035156,116543,2025-10-17 14:30:00+00:00
152.49000549316406,155.16000366210938,152.26499938964844,153.55999755859375,134504,2025-10-17 15:30:00+00:00
153.47500610351562,153.47500610351562,151.35000610351562,151.9600067138672,97993,2025-10-17 16:30:00+00:00
151.64999389648438,153.07000732421875,150.77000427246094,153.02000427246094,62854,2025-10-17 17:30:00+00:00
152.9199981689453,154.09500122070312,151.20010375976562,153.1750030517578,173226,2025-10-17 18:30:00+00:00
153.1699981689453,154.16000366210938,152.74000549316406,153.77000427246094,159696,2025-10-17 19:30:00+00:00
156.4499969482422,158.08999633789062,154.3000030517578,158.08999633789062,255848,2025-10-20 13:30:00+00:00
158.10000610351562,158.57000732421875,156.78750610351562,156.84500122070312,59067,2025-10-20 14:30:00+00:00
156.75999450683594,157.89999389648438,156.24000549316406,156.27999877929688,49591,2025-10-20 15:30:00+00:00
156.22000122070312,158.13499450683594,156.22000122070312,157.85000610351562,33270,2025-10-20 16:30:00+00:00
157.9600067138672,158.67999267578125,157.8300018310547,158.4199981689453,58548,2025-10-20 17:30:00+00:00
158.39999389648438,158.70509338378906,157.86000061035156,158.58970642089844,45848,2025-10-20 18:30:00+00:00
158.72999572753906,159.52999877929688,157.61000061035156,157.72999572753906,153817,2025-10-20 19:30:00+00:00
158.0,158.0,152.52999877929688,153.5800018310547,67670,2025-10-21 13:30:00+00:00
153.2100067138672,156.52999877929688,152.83999633789062,154.94000244140625,63191,2025-10-21 14:30:00+00:00
154.92999267578125,156.0399932861328,154.24000549316406,155.85000610351562,44434,2025-10-21 15:30:00+00:00
155.88999938964844,156.91000366210938,155.33999633789062,155.52999877929688,47899,2025-10-21 16:30:00+00:00
155.47999572753906,157.00999450683594,155.38999938964844,156.77999877929688,59842,2025-10-21 17:30:00+00:00
156.6199951171875,157.6699981689453,156.14999389648438,156.42999267578125,52014,2025-10-21 18:30:00+00:00
156.6300048828125,157.24000549316406,156.0800018310547,156.6999969482422,137777,2025-10-21 19:30:00+00:00
161.2100067138672,161.82000732421875,148.96499633789062,148.96499633789062,222775,2025-10-22 13:30:00+00:00
148.82000732421875,150.0850067138672,141.0500030517578,141.97500610351562,276523,2025-10-22 14:30:00+00:00
142.05499267578125,146.43499755859375,141.60000610351562,144.47000122070312,221334,2025-10-22 15:30:00+00:00
144.63999938964844,145.24000549316406,142.6699981689453,143.88499450683594,77525,2025-10-22 16:30:00+00:00
143.8699951171875,144.25999450683594,141.02000427246094,143.97999572753906,150331,2025-10-22 17:30:00+00:00
144.05999755859375,147.8699951171875,143.923095703125,147.74000549316406,106500,2025-10-22 18:30:00+00:00
147.80999755859375,148.57000732421875,147.52000427246094,148.3800048828125,174771,2025-10-22 19:30:00+00:00
151.36000061035156,154.63999938964844,149.55499267578125,151.47500610351562,187394,2025-10-23 13:30:00+00:00
151.35000610351562,152.6300048828125,150.25999450683594,150.80999755859375,128323,2025-10-23 14:30:00+00:00
150.94000244140625,152.0399932861328,150.77999877929688,151.38999938964844,52918,2025-10-23 15:30:00+00:00
151.40220642089844,152.00999450683594,150.7949981689453,150.7949981689453,59899,2025-10-23 16:30:00+00:00
150.85000610351562,152.5,150.77999877929688,152.4499969482422,46112,2025-10-23 17:30:00+00:00
152.66000366210938,153.11000061035156,152.1699981689453,153.05999755859375,59985,2025-10-23 18:30:00+00:00
152.75,152.8000030517578,151.63999938964844,152.32000732421875,102852,2025-10-23 19:30:00+00:00
157.13999938964844,163.60000610351562,156.25,160.24000549316406,227495,2025-10-24 13:30:00+00:00
160.0800018310547,163.8800048828125,159.60000610351562,162.41000366210938,153854,2025-10-24 14:30:00+00:00
162.5050048828125,162.5050048828125,159.80999755859375,161.18499755859375,59441,2025-10-24 15:30:00+00:00
161.24000549316406,161.40499877929688,159.6999969482422,160.1300048828125,40695,2025-10-24 16:30:00+00:00
160.33999633789062,160.8125,159.5,160.14999389648438,29076,2025-10-24 17:30:00+00:00
160.13999938964844,161.27000427246094,159.4499969482422,161.0800018310547,46744,2025-10-24 18:30:00+00:00
160.94500732421875,161.8000030517578,160.35499572753906,161.3800048828125,129567,2025-10-24 19:30:00+00:00
163.0,163.97999572753906,160.7711944580078,162.18499755859375,76491,2025-10-27 13:30:00+00:00
162.19000244140625,163.3000030517578,161.1999969482422,161.69000244140625,52488,2025-10-27 14:30:00+00:00
162.02999877929688,162.4199981689453,160.85360717773438,162.0800018310547,95844,2025-10-27 15:30:00+00:00
161.7624969482422,162.60079956054688,161.22999572753906,161.92999267578125,67979,2025-10-27 16:30:00+00:00
161.8350067138672,162.92999267578125,161.8350067138672,162.58999633789062,52109,2025-10-27 17:30:00+00:00
162.66000366210938,162.75,161.4949951171875,161.97000122070312,93864,2025-10-27 18:30:00+00:00
161.97000122070312,163.66000366210938,161.97000122070312,162.97000122070312,135077,2025-10-27 19:30:00+00:00
163.25,164.0800018310547,155.19000244140625,159.4600067138672,210548,2025-10-28 13:30:00+00:00
159.3574981689453,161.00999450683594,158.89999389648438,158.9600067138672,126596,2025-10-28 14:30:00+00:00
159.02499389648438,161.72000122070312,158.031005859375,161.1999969482422,121310,2025-10-28 15:30:00+00:00
161.32000732421875,162.36000061035156,160.9499969482422,161.7899932861328,133317,2025-10-28 16:30:00+00:00
161.7899932861328,162.5,160.88499450683594,162.4250030517578,94035,2025-10-28 17:30:00+00:00
162.41000366210938,163.0,161.00999450683594,161.4499969482422,186868,2025-10-28 18:30:00+00:00
161.4499969482422,162.93499755859375,160.63999938964844,162.00999450683594,273615,2025-10-28 19:30:00+00:00
150.38999938964844,160.0,148.27999877929688,159.53500366210938,518445,2025-10-29 13:30:00+00:00
159.77000427246094,162.63780212402344,155.63499450683594,159.61000061035156,391230,2025-10-29 14:30:00+00:00
159.99000549316406,166.94000244140625,159.99000549316406,165.5625,303568,2025-10-29 15:30:00+00:00
165.49000549316406,166.24989318847656,161.4425048828125,162.1300048828125,213120,2025-10-29 16:30:00+00:00
161.6199951171875,163.6649932861328,157.2550048828125,158.9199981689453,186893,2025-10-29 17:30:00+00:00
158.27000427246094,159.69000244140625,155.11000061035156,157.75999450683594,227472,2025-10-29 18:30:00+00:00
157.75999450683594,157.75999450683594,153.75,155.35000610351562,366063,2025-10-29 19:30:00+00:00
151.63999938964844,159.79010009765625,150.5500030517578,159.2550048828125,122696,2025-10-30 13:30:00+00:00
159.2550048828125,161.3000030517578,156.7899932861328,158.27999877929688,123040,2025-10-30 14:30:00+00:00
158.60000610351562,158.80999755859375,153.9550018310547,155.27499389648438,98892,2025-10-30 15:30:00+00:00
155.27499389648438,155.6699981689453,153.5500030517578,155.47000122070312,67257,2025-10-30 16:30:00+00:00
155.16000366210938,156.88999938964844,154.69000244140625,156.1475067138672,101855,2025-10-30 17:30:00+00:00
156.05499267578125,156.14999389648438,153.84500122070312,154.32000732421875,88860,2025-10-30 18:30:00+00:00
154.1300048828125,154.39999389648438,152.15499877929688,153.35000610351562,216134,2025-10-30 19:30:00+00:00
154.5,156.9499969482422,154.5,155.14500427246094,75744,2025-10-31 13:30:00+00:00
155.11500549316406,156.66000366210938,154.5399932861328,154.65499877929688,69310,2025-10-31 14:30:00+00:00
154.6199951171875,154.6999969482422,149.74000549316406,150.36000061035156,138239,2025-10-31 15:30:00+00:00
150.36500549316406,151.30999755859375,148.97000122070312,150.97500610351562,81360,2025-10-31 16:30:00+00:00
151.24000549316406,154.14999389648438,151.11000061035156,153.64999389648438,100448,2025-10-31 17:30:00+00:00
153.65499877929688,154.13999938964844,152.5,153.99000549316406,99886,2025-10-31 18:30:00+00:00
154.0,155.7899932861328,153.1300048828125,153.14999389648438,269002,2025-10-31 19:30:00+00:00
154.74000549316406,157.99000549316406,154.0500030517578,154.1699981689453,121261,2025-11-03 14:30:00+00:00
154.1649932861328,156.3800048828125,153.40499877929688,156.3699951171875,239455,2025-11-03 15:30:00+00:00
156.3699951171875,156.89999389648438,155.22500610351562,155.9250030517578,79865,2025-11-03 16:30:00+00:00
155.9600067138672,157.11000061035156,155.69000244140625,156.05999755859375,90101,2025-11-03 17:30:00+00:00
156.44000244140625,156.52000427246094,153.71499633789062,154.0050048828125,109873,2025-11-03 18:30:00+00:00
154.1999969482422,154.22999572753906,153.1999969482422,153.9600067138672,75509,2025-11-03 19:30:00+00:00
153.9499969482422,154.22250366210938,152.5,152.85000610351562,271998,2025-11-03 20:30:00+00:00
147.0399932861328,150.54989624023438,144.50999450683594,149.82000732421875,244882,2025-11-04 14:30:00+00:00
149.5,149.77999877929688,146.67999267578125,148.1300048828125,94140,2025-11-04 15:30:00+00:00
148.25,149.00840759277344,147.4550018310547,148.41000366210938,55688,2025-11-04 16:30:00+00:00
148.4550018310547,148.9600067138672,147.64999389648438,148.1699981689453,68557,2025-11-04 17:30:00+00:00
148.06500244140625,149.2899932861328,147.8000030517578,148.5800018310547,75739,2025-11-04 18:30:00+00:00
148.5800018310547,148.5800018310547,145.02999877929688,146.24000549316406,183743,2025-11-04 19:30:00+00:00
146.3350067138672,146.72999572753906,145.39999389648438,146.1199951171875,219739,2025-11-04 20:30:00+00:00
145.91000366210938,150.5500030517578,145.91000366210938,149.86000061035156,88238,2025-11-05 14:30:00+00:00
149.4600067138672,152.59500122070312,149.4600067138672,150.77999877929688,103590,2025-11-05 15:30:00+00:00
150.58999633789062,154.63999938964844,150.58999633789062,154.41000366210938,80827,2025-11-05 16:30:00+00:00
154.37240600585938,155.63999938964844,153.67999267578125,155.30999755859375,64947,2025-11-05 17:30:00+00:00
155.25,155.5399932861328,153.0800018310547,153.4550018310547,100615,2025-11-05 18:30:00+00:00
153.4550018310547,153.80999755859375,151.4600067138672,152.63999938964844,95767,2025-11-05 19:30:00+00:00
152.6999969482422,153.24000549316406,150.86000061035156,151.2100067138672,181345,2025-11-05 20:30:00+00:00
154.1199951171875,154.5850067138672,148.8300018310547,151.1750030517578,108093,2025-11-06 14:30:00+00:00
151.58999633789062,153.14999389648438,149.6199951171875,151.16000366210938,111065,2025-11-06 15:30:00+00:00
151.1199951171875,151.5800018310547,148.89999389648438,149.11000061035156,48317,2025-11-06 16:30:00+00:00
149.2100067138672,151.13999938964844,149.2100067138672,150.7899932861328,45668,2025-11-06 17:30:00+00:00
151.25,152.41000366210938,150.47999572753906,151.8300018310547,60296,2025-11-06 18:30:00+00:00
152.07000732421875,152.4499969482422,150.3000030517578,150.46499633789062,114656,2025-11-06 19:30:00+00:00
150.4600067138672,151.66000366210938,148.69000244140625,148.9199981689453,190810,2025-11-06 20:30:00+00:00
145.02000427246094,147.85650634765625,143.1999969482422,147.25999450683594,165304,2025-11-07 14:30:00+00:00
147.38499450683594,147.52999877929688,141.56500244140625,142.33999633789062,103969,2025-11-07 15:30:00+00:00
142.74000549316406,147.5,141.64999389648438,146.6300048828125,129259,2025-11-07 16:30:00+00:00
146.6999969482422,150.08999633789062,145.47000122070312,149.75999450683594,58454,2025-11-07 17:30:00+00:00
150.11000061035156,151.94500732421875,149.83999633789062,151.10000610351562,119294,2025-11-07 18:30:00+00:00
151.4499969482422,154.8800048828125,151.3000030517578,152.77999877929688,155105,2025-11-07 19:30:00+00:00
153.19000244140625,156.97000122070312,153.14999389648438,156.47000122070312,356227,2025-11-07 20:30:00+00:00
160.61000061035156,164.05999755859375,159.33749389648438,162.33999633789062,120663,2025-11-10 14:30:00+00:00
162.0399932861328,162.72000122070312,158.02000427246094,159.5399932861328,142022,2025-11-10 15:30:00+00:00
159.60499572753906,160.61000061035156,159.02000427246094,160.2050018310547,55150,2025-11-10 16:30:00+00:00
160.36000061035156,162.39999389648438,160.17999267578125,162.03500366210938,55780,2025-11-10 17:30:00+00:00
162.4600067138672,162.5399932861328,160.66000366210938,162.0,53553,2025-11-10 18:30:00+00:00
162.09500122070312,162.09500122070312,159.3699951171875,160.03500366210938,68099,2025-11-10 19:30:00+00:00
159.57000732421875,160.5399932861328,159.1999969482422,159.75,159969,2025-11-10 20:30:00+00:00
159.5800018310547,160.47000122070312,156.2100067138672,156.27999877929688,78183,2025-11-11 14:30:00+00:00
156.2100067138672,157.4550018310547,153.30999755859375,153.82000732421875,128439,2025-11-11 15:30:00+00:00
154.09500122070312,155.36390686035156,153.80999755859375,154.75,49563,2025-11-11 16:30:00+00:00
154.7899932861328,155.02000427246094,152.7100067138672,153.4550018310547,53889,2025-11-11 17:30:00+00:00
153.5,155.27000427246094,153.22000122070312,154.6750030517578,43961,2025-11-11 18:30:00+00:00
154.85000610351562,154.94000244140625,152.0,152.1199951171875,63874,2025-11-11 19:30:00+00:00
152.00999450683594,153.5574951171875,151.1199951171875,151.77000427246094,165713,2025-11-11 20:30:00+00:00
153.05999755859375,157.22999572753906,151.82000732421875,154.0449981689453,83212,2025-11-12 14:30:00+00:00
153.73500061035156,154.3424072265625,151.30999755859375,152.5800018310547,84757,2025-11-12 15:30:00+00:00
152.6999969482422,152.9362030029297,150.14999389648438,150.14999389648438,62921,2025-11-12 16:30:00+00:00
150.67999267578125,151.25999450683594,149.0,149.52999877929688,39571,2025-11-12 17:30:00+00:00
149.53500366210938,150.05999755859375,148.82000732421875,149.44000244140625,55291,2025-11-12 18:30:00+00:00
149.5050048828125,149.78500366210938,147.75999450683594,147.85000610351562,94281,2025-11-12 19:30:00+00:00
147.77499389648438,148.47999572753906,146.77499389648438,147.2899932861328,259156,2025-11-12 20:30:00+00:00
144.57000732421875,146.57000732421875,135.58999633789062,137.02499389648438,259366,2025-11-13 14:30:00+00:00
136.92999267578125,138.82000732421875,133.5500030517578,136.36000061035156,412802,2025-11-13 15:30:00+00:00
136.07000732421875,137.27000427246094,135.4600067138672,136.4499969482422,200743,2025-11-13 16:30:00+00:00
136.82000732421875,137.69000244140625,133.52999877929688,133.86500549316406,197957,2025-11-13 17:30:00+00:00
134.19000244140625,134.24000549316406,130.1199951171875,130.9199981689453,266692,2025-11-13 18:30:00+00:00
131.0532989501953,131.0532989501953,125.4000015258789,126.95999908447266,542184,2025-11-13 19:30:00+00:00
127.07499694824219,130.36000061035156,126.20999908447266,128.74000549316406,599354,2025-11-13 20:30:00+00:00
122.27999877929688,133.33999633789062,120.00769805908203,129.97000122070312,406295,2025-11-14 14:30:00+00:00
130.02499389648438,134.8699951171875,129.9550018310547,133.33999633789062,265384,2025-11-14 15:30:00+00:00
133.27999877929688,134.8300018310547,132.7100067138672,134.15499877929688,190817,2025-11-14 16:30:00+00:00
134.15499877929688,134.36000061035156,130.97999572753906,131.9250030517578,142565,2025-11-14 17:30:00+00:00
131.89999389648438,132.0399932861328,129.58999633789062,130.0,266315,2025-11-14 18:30:00+00:00
130.19500732421875,132.72500610351562,129.91000366210938,131.3300018310547,187932,2025-11-14 19:30:00+00:00
131.3300018310547,132.59500122070312,130.19000244140625,132.1199951171875,276871,2025-11-14 20:30:00+00:00
132.94000244140625,137.25,132.35499572753906,135.11000061035156,296870,2025-11-17 14:30:00+00:00
135.08999633789062,135.4250030517578,132.49000549316406,133.72000122070312,106517,2025-11-17 15:30:00+00:00
133.7949981689453,135.13499450683594,132.9199981689453,133.07000732421875,93760,2025-11-17 16:30:00+00:00
133.16000366210938,133.38999938964844,130.25,130.25,73879,2025-11-17 17:30:00+00:00
130.19000244140625,131.2899932861328,129.1300048828125,129.83999633789062,161032,2025-11-17 18:30:00+00:00
129.8350067138672,130.5800018310547,127.73999786376953,129.2899932861328,189233,2025-11-17 19:30:00+00:00
129.47999572753906,130.1699981689453,128.39500427246094,128.4600067138672,265491,2025-11-17 20:30:00+00:00
124.94000244140625,129.88999938964844,123.69000244140625,125.88999938964844,117107,2025-11-18 14:30:00+00:00
125.88999938964844,130.4550018310547,124.62000274658203,129.9949951171875,170286,2025-11-18 15:30:00+00:00
129.70750427246094,130.1699981689453,128.16000366210938,128.52999877929688,135813,2025-11-18 16:30:00+00:00
128.41000366210938,131.87750244140625,128.1999969482422,129.80999755859375,128800,2025-11-18 17:30:00+00:00
129.8350067138672,132.1300048828125,129.1999969482422,131.26499938964844,214098,2025-11-18 18:30:00+00:00
131.2550048828125,132.5399932861328,130.74000549316406,131.33999633789062,161742,2025-11-18 19:30:00+00:00
131.35000610351562,131.99000549316406,130.39999389648438,130.7100067138672,222976,2025-11-18 20:30:00+00:00
134.25,146.99000549316406,132.72500610351562,144.18580627441406,422647,2025-11-19 14:30:00+00:00
144.11500549316406,144.8000030517578,141.1199951171875,141.9600067138672,163206,2025-11-19 15:30:00+00:00
142.33999633789062,144.72000122070312,142.30499267578125,143.0,185641,2025-11-19 16:30:00+00:00
142.95460510253906,144.60000610351562,141.33999633789062,143.85499572753906,164235,2025-11-19 17:30:00+00:00
143.97000122070312,145.27499389648438,141.82000732421875,142.0800018310547,101525,2025-11-19 18:30:00+00:00
142.67999267578125,144.77000427246094,141.8699951171875,143.94000244140625,133703,2025-11-19 19:30:00+00:00
143.72000122070312,144.67999267578125,141.3699951171875,141.55999755859375,240360,2025-11-19 20:30:00+00:00
146.42999267578125,153.80999755859375,146.42999267578125,153.1999969482422,300181,2025-11-20 14:30:00+00:00
153.32000732421875,154.25999450683594,146.3404998779297,146.84500122070312,240859,2025-11-20 15:30:00+00:00
146.5399932861328,146.99000549316406,143.25,144.47500610351562,174954,2025-11-20 16:30:00+00:00
144.77000427246094,145.02999877929688,141.1300048828125,143.55999755859375,110519,2025-11-20 17:30:00+00:00
143.55499267578125,144.0,139.00999450683594,141.5399932861328,175665,2025-11-20 18:30:00+00:00
141.24000549316406,143.1199951171875,138.67999267578125,138.97999572753906,121058,2025-11-20 19:30:00+00:00
138.89999389648438,139.36000061035156,136.85000610351562,139.36000061035156,278066,2025-11-20 20:30:00+00:00
139.83999633789062,143.0,136.39999389648438,136.57000732421875,234725,2025-11-21 14:30:00+00:00
136.39999389648438,138.5449981689453,133.5,138.51499938964844,176596,2025-11-21 15:30:00+00:00
138.27999877929688,139.97999572753906,136.5500030517578,139.52999877929688,132259,2025-11-21 16:30:00+00:00
139.58999633789062,140.0,137.49009704589844,137.91000366210938,84569,2025-11-21 17:30:00+00:00
137.6699981689453,143.0,137.6699981689453,142.8000030517578,142946,2025-11-21 18:30:00+00:00
143.22999572753906,143.22999572753906,140.11000061035156,140.6649932861328,120596,2025-11-21 19:30:00+00:00
140.6649932861328,143.0500030517578,140.66000366210938,143.0500030517578,221769,2025-11-21 20:30:00+00:00
144.22999572753906,150.92999267578125,144.22999572753906,150.44000244140625,162475,2025-11-24 14:30:00+00:00
150.55999755859375,156.22999572753906,150.1199951171875,153.38999938964844,374981,2025-11-24 15:30:00+00:00
153.1999969482422,153.52000427246094,152.07000732421875,152.52000427246094,136939,2025-11-24 16:30:00+00:00
152.59500122070312,153.30999755859375,152.0,152.86000061035156,139705,2025-11-24 17:30:00+00:00
152.4199981689453,153.4499969482422,151.51319885253906,151.92999267578125,116793,2025-11-24 18:30:00+00:00
151.97000122070312,152.24000549316406,150.65499877929688,151.2899932861328,150807,2025-11-24 19:30:00+00:00
151.11000061035156,151.72000122070312,150.77000427246094,151.60000610351562,211395,2025-11-24 20:30:00+00:00
150.32000732421875,152.7899932861328,146.57000732421875,152.55999755859375,130357,2025-11-25 14:30:00+00:00
153.05999755859375,154.5800018310547,152.49000549316406,154.5800018310547,60081,2025-11-25 15:30:00+00:00
154.69000244140625,154.8300018310547,153.3300018310547,153.9199981689453,43028,2025-11-25 16:30:00+00:00
154.0800018310547,154.6300048828125,153.47000122070312,153.88999938964844,40361,2025-11-25 17:30:00+00:00
154.27000427246094,154.47999572753906,153.25100708007812,153.88999938964844,43203,2025-11-25 18:30:00+00:00
153.91000366210938,156.0,153.6300048828125,155.77499389648438,69699,2025-11-25 19:30:00+00:00
155.74000549316406,156.25999450683594,155.36000061035156,155.927001953125,141153,2025-11-25 20:30:00+00:00
157.0,157.5,155.9199981689453,156.72500610351562,121684,2025-11-26 14:30:00+00:00
156.72000122070312,157.97999572753906,155.3800048828125,155.8000030517578,72157,2025-11-26 15:30:00+00:00
155.89500427246094,157.5449981689453,155.60000610351562,157.16000366210938,63228,2025-11-26 16:30:00+00:00
157.3699951171875,158.69949340820312,157.0500030517578,158.13499450683594,44209,2025-11-26 17:30:00+00:00
158.0,159.6699981689453,157.1699981689453,159.6699981689453,61914,2025-11-26 18:30:00+00:00
159.8000030517578,160.30999755859375,159.0,159.52000427246094,68084,2025-11-26 19:30:00+00:00
159.6750030517578,160.1947021484375,158.86000061035156,159.00999450683594,123808,2025-11-26 20:30:00+00:00
160.47000122070312,161.0399932861328,156.77000427246094,160.0800018310547,35512,2025-11-28 14:30:00+00:00
160.05999755859375,162.14999389648438,158.50999450683594,161.36500549316406,67779,2025-11-28 15:30:00+00:00
161.36000061035156,162.75999450683594,161.07000732421875,161.63499450683594,56899,2025-11-28 16:30:00+00:00
158.77000427246094,160.0,154.32000732421875,158.24000549316406,172531,2025-12-01 14:30:00+00:00
158.27999877929688,160.5,158.0800018310547,158.5800018310547,103583,2025-12-01 15:30:00+00:00
159.15499877929688,159.8000030517578,158.61000061035156,159.60499572753906,72172,2025-12-01 16:30:00+00:00
159.60499572753906,161.77999877929688,159.60499572753906,161.16000366210938,93400,2025-12-01 17:30:00+00:00
161.25999450683594,162.58999633789062,160.75,161.26499938964844,117786,2025-12-01 18:30:00+00:00
161.39999389648438,161.97999572753906,159.77999877929688,160.34500122070312,134301,2025-12-01 19:30:00+00:00
160.4149932861328,161.02999877929688,158.4199981689453,158.58999633789062,254201,2025-12-01 20:30:00+00:00
161.10000610351562,162.1221923828125,158.9199981689453,159.16000366210938,75346,2025-12-02 14:30:00+00:00
159.375,159.83999633789062,157.86000061035156,159.5500030517578,91839,2025-12-02 15:30:00+00:00
159.58999633789062,161.158203125,159.1999969482422,160.3300018310547,120940,2025-12-02 16:30:00+00:00
160.3699951171875,160.65499877929688,158.72999572753906,160.27000427246094,96188,2025-12-02 17:30:00+00:00
160.4600067138672,160.4600067138672,159.32000732421875,159.72000122070312,99800,2025-12-02 18:30:00+00:00
159.7100067138672,160.8350067138672,159.7100067138672,160.7949981689453,117608,2025-12-02 19:30:00+00:00
160.9499969482422,161.77000427246094,160.33999633789062,160.4499969482422,215337,2025-12-02 20:30:00+00:00
159.86000061035156,159.86000061035156,147.0,153.11500549316406,326589,2025-12-03 14:30:00+00:00
153.02499389648438,158.3350067138672,153.02499389648438,158.1300048828125,138118,2025-12-03 15:30:00+00:00
158.13999938964844,159.2949981689453,156.22999572753906,156.88999938964844,120591,2025-12-03 16:30:00+00:00
156.94500732421875,157.86000061035156,155.6300048828125,157.08999633789062,120825,2025-12-03 17:30:00+00:00
157.02999877929688,158.11000061035156,155.85000610351562,157.67010498046875,89280,2025-12-03 18:30:00+00:00
157.75,158.66000366210938,157.27000427246094,158.50999450683594,71074,2025-12-03 19:30:00+00:00
158.56500244140625,158.72999572753906,157.23399353027344,157.47000122070312,175322,2025-12-03 20:30:00+00:00
156.82000732421875,160.3491973876953,154.24000549316406,159.2899932861328,73731,2025-12-04 14:30:00+00:00
159.9499969482422,161.2899932861328,158.35000610351562,158.96499633789062,115965,2025-12-04 15:30:00+00:00
158.97000122070312,159.89999389648438,158.02999877929688,159.8000030517578,90216,2025-12-04 16:30:00+00:00
159.8000030517578,162.60000610351562,159.8000030517578,162.60000610351562,63198,2025-12-04 17:30:00+00:00
162.49000549316406,163.0225067138672,161.6291961669922,162.14999389648438,133532,2025-12-04 18:30:00+00:00
162.14999389648438,163.6999969482422,161.94000244140625,162.39999389648438,135854,2025-12-04 19:30:00+00:00
162.39999389648438,162.4499969482422,159.4600067138672,159.61000061035156,191799,2025-12-04 20:30:00+00:00
158.8699951171875,159.52999877929688,156.27999877929688,157.63999938964844,174515,2025-12-05 14:30:00+00:00
157.6649932861328,160.82000732421875,157.6649932861328,160.13999938964844,117151,2025-12-05 15:30:00+00:00
160.02000427246094,160.8800048828125,159.19000244140625,159.7550048828125,59266,2025-12-05 16:30:00+00:00
159.97000122070312,165.88999938964844,159.97000122070312,164.5399932861328,115573,2025-12-05 17:30:00+00:00
164.57000732421875,164.57000732421875,160.9199981689453,161.3699951171875,98228,2025-12-05 18:30:00+00:00
160.94000244140625,162.4969940185547,160.94000244140625,162.0749969482422,94831,2025-12-05 19:30:00+00:00
162.0749969482422,163.1300048828125,161.36000061035156,163.02999877929688,209426,2025-12-05 20:30:00+00:00
165.8699951171875,166.7550048828125,161.3000030517578,162.1199951171875,203185,2025-12-08 14:30:00+00:00
161.4600067138672,161.9149932861328,156.5,160.19000244140625,136383,2025-12-08 15:30:00+00:00
160.60000610351562,160.60000610351562,153.0,155.2050018310547,196680,2025-12-08 16:30:00+00:00
155.2050018310547,155.74000549316406,153.7550048828125,154.1199951171875,170047,2025-12-08 17:30:00+00:00
154.08999633789062,155.0,152.61000061035156,153.5399932861328,143040,2025-12-08 18:30:00+00:00
153.59500122070312,154.3000030517578,152.75,153.1699981689453,196396,2025-12-08 19:30:00+00:00
153.24000549316406,154.0,152.3300018310547,153.77000427246094,369059,2025-12-08 20:30:00+00:00
152.99000549316406,156.60000610351562,151.0500030517578,154.69000244140625,183729,2025-12-09 14:30:00+00:00
154.74000549316406,155.17010498046875,153.17999267578125,154.3300018310547,178966,2025-12-09 15:30:00+00:00
154.33999633789062,156.38999938964844,154.08999633789062,155.4499969482422,114316,2025-12-09 16:30:00+00:00
155.6699981689453,155.85000610351562,154.91000366210938,155.83999633789062,84337,2025-12-09 17:30:00+00:00
155.97999572753906,156.11000061035156,153.86500549316406,154.58999633789062,75006,2025-12-09 18:30:00+00:00
154.56500244140625,154.6999969482422,152.5,152.66000366210938,98834,2025-12-09 19:30:00+00:00
152.57000732421875,153.85000610351562,152.44000244140625,152.8699951171875,236976,2025-12-09 20:30:00+00:00
153.1300048828125,154.85000610351562,150.35760498046875,150.875,119570,2025-12-10 14:30:00+00:00
150.8800048828125,153.73500061035156,148.02999877929688,153.6999969482422,252655,2025-12-10 15:30:00+00:00
153.72000122070312,155.6300048828125,153.72000122070312,154.4199981689453,51144,2025-12-10 16:30:00+00:00
154.3000030517578,156.02000427246094,153.9199981689453,155.97000122070312,59771,2025-12-10 17:30:00+00:00
156.0,160.7899932861328,156.0,158.16000366210938,109114,2025-12-10 18:30:00+00:00
158.0800018310547,164.6999969482422,157.80999755859375,163.5800018310547,196230,2025-12-10 19:30:00+00:00
163.77999877929688,164.15499877929688,161.8699951171875,162.49000549316406,303791,2025-12-10 20:30:00+00:00
161.19000244140625,161.19000244140625,154.7449951171875,157.33999633789062,200371,2025-12-11 14:30:00+00:00
157.44000244140625,158.6699981689453,155.17999267578125,156.89999389648438,212727,2025-12-11 15:30:00+00:00
157.00999450683594,161.22999572753906,157.00999450683594,161.2100067138672,125922,2025-12-11 16:30:00+00:00
160.97000122070312,163.3000030517578,160.80999755859375,163.07000732421875,61049,2025-12-11 17:30:00+00:00
163.02999877929688,164.52000427246094,162.99000549316406,164.49249267578125,83479,2025-12-11 18:30:00+00:00
164.67999267578125,165.22999572753906,163.85000610351562,164.61000061035156,94639,2025-12-11 19:30:00+00:00
164.6199951171875,165.8300018310547,164.0749969482422,164.8800048828125,166669,2025-12-11 20:30:00+00:00
163.72999572753906,163.92999267578125,150.5500030517578,150.9499969482422,300266,2025-12-12 14:30:00+00:00
150.9499969482422,154.5,145.19000244140625,146.69000244140625,385105,2025-12-12 15:30:00+00:00
146.69000244140625,149.3699951171875,143.5919952392578,147.03500366210938,341889,2025-12-12 16:30:00+00:00
146.5,148.47000122070312,145.4499969482422,146.85499572753906,265760,2025-12-12 17:30:00+00:00
146.44000244140625,147.25,141.78439331054688,144.0,245268,2025-12-12 18:30:00+00:00
144.1199951171875,144.58999633789062,140.76499938964844,140.9199981689453,186185,2025-12-12 19:30:00+00:00
140.91000366210938,141.39999389648438,138.63999938964844,139.77999877929688,393815,2025-12-12 20:30:00+00:00
142.36000061035156,142.8300018310547,136.9250030517578,139.02999877929688,237723,2025-12-15 14:30:00+00:00
139.1999969482422,142.4600067138672,139.07000732421875,141.33999633789062,211163,2025-12-15 15:30:00+00:00
141.3000030517578,142.5500030517578,140.72000122070312,142.2100067138672,127350,2025-12-15 16:30:00+00:00
142.52000427246094,143.17999267578125,141.61000061035156,141.82000732421875,139977,2025-12-15 17:30:00+00:00
141.86000061035156,145.75,141.52000427246094,143.8800048828125,117348,2025-12-15 18:30:00+00:00
143.9499969482422,144.22000122070312,142.57000732421875,142.72500610351562,99824,2025-12-15 19:30:00+00:00
142.6699981689453,143.1300048828125,141.65499877929688,142.38999938964844,213596,2025-12-15 20:30:00+00:00
141.0,142.0399932861328,138.57000732421875,140.13499450683594,130093,2025-12-16 14:30:00+00:00
140.19000244140625,141.36000061035156,138.0,138.3699951171875,103164,2025-12-16 15:30:00+00:00
138.39999389648438,140.9425048828125,138.39999389648438,139.91000366210938,124242,2025-12-16 16:30:00+00:00
140.19000244140625,140.5500030517578,139.4600067138672,139.77999877929688,80770,2025-12-16 17:30:00+00:00
140.10000610351562,141.4600067138672,139.5,139.68499755859375,161408,2025-12-16 18:30:00+00:00
139.84300231933594,140.4600067138672,138.7100067138672,139.58999633789062,125614,2025-12-16 19:30:00+00:00
139.7550048828125,140.28480529785156,138.4600067138672,138.57000732421875,208595,2025-12-16 20:30:00+00:00
137.6199951171875,139.94000244140625,132.8800048828125,134.5,222880,2025-12-17 14:30:00+00:00
134.52999877929688,134.7100067138672,127.5199966430664,127.80999755859375,445492,2025-12-17 15:30:00+00:00
128.14999389648438,128.58999633789062,126.58000183105469,127.22000122070312,357198,2025-12-17 16:30:00+00:00
127.22000122070312,128.1300048828125,126.06999969482422,126.51000213623047,403225,2025-12-17 17:30:00+00:00
126.26000213623047,127.37999725341797,125.4000015258789,127.29000091552734,272953,2025-12-17 18:30:00+00:00
127.20500183105469,129.0500030517578,126.31999969482422,127.69999694824219,241315,2025-12-17 19:30:00+00:00
127.66999816894531,128.47000122070312,126.94000244140625,128.3699951171875,471037,2025-12-17 20:30:00+00:00
133.3800048828125,136.0998992919922,131.22999572753906,134.71499633789062,207946,2025-12-18 14:30:00+00:00
134.71499633789062,136.5800018310547,134.41000366210938,135.61000061035156,247837,2025-12-18 15:30:00+00:00
135.5,135.9799041748047,133.1699981689453,134.2617950439453,104037,2025-12-18 16:30:00+00:00
134.2100067138672,136.1999969482422,134.0850067138672,135.52999877929688,64453,2025-12-18 17:30:00+00:00
135.5800018310547,136.92999267578125,135.32000732421875,135.9499969482422,113137,2025-12-18 18:30:00+00:00
135.92999267578125,136.6699981689453,134.47000122070312,135.13499450683594,159428,2025-12-18 19:30:00+00:00
135.30999755859375,135.47000122070312,133.88999938964844,133.92999267578125,205081,2025-12-18 20:30:00+00:00
135.1300048828125,139.4199981689453,132.6199951171875,133.35000610351562,138798,2025-12-19 14:30:00+00:00
133.22000122070312,134.52499389648438,133.13999938964844,134.52499389648438,123590,2025-12-19 15:30:00+00:00
134.66000366210938,135.78990173339844,133.22999572753906,135.47000122070312,115790,2025-12-19 16:30:00+00:00
135.27000427246094,135.99000549316406,134.6999969482422,135.38999938964844,141917,2025-12-19 17:30:00+00:00
135.38999938964844,135.74000549316406,134.4499969482422,134.63999938964844,103184,2025-12-19 18:30:00+00:00
134.64999389648438,135.02000427246094,133.64999389648438,134.50999450683594,140367,2025-12-19 19:30:00+00:00
134.3000030517578,136.5,134.10000610351562,136.1699981689453,270565,2025-12-19 20:30:00+00:00
139.5399932861328,139.63690185546875,134.5,137.83999633789062,186163,2025-12-22 14:30:00+00:00
138.38999938964844,139.37989807128906,135.7949981689453,136.38299560546875,111867,2025-12-22 15:30:00+00:00
136.13999938964844,137.99000549316406,136.05999755859375,137.91000366210938,62679,2025-12-22 16:30:00+00:00
137.91000366210938,138.3699951171875,136.8300018310547,136.99000549316406,69536,2025-12-22 17:30:00+00:00
137.01499938964844,137.88999938964844,136.24000549316406,137.66000366210938,65594,2025-12-22 18:30:00+00:00
137.63999938964844,137.69000244140625,135.72000122070312,136.44000244140625,71522,2025-12-22 19:30:00+00:00
136.64999389648438,138.30999755859375,136.64999389648438,137.10499572753906,158747,2025-12-22 20:30:00+00:00
136.0,136.9499969482422,135.00999450683594,136.01100158691406,78369,2025-12-23 14:30:00+00:00
136.0,136.8800048828125,135.0,135.9600067138672,66417,2025-12-23 15:30:00+00:00
135.9600067138672,138.9499969482422,135.31500244140625,138.77999877929688,59483,2025-12-23 16:30:00+00:00
138.58999633789062,138.94000244140625,138.12010192871094,138.94000244140625,42775,2025-12-23 17:30:00+00:00
138.9499969482422,139.9600067138672,138.57000732421875,139.17999267578125,52806,2025-12-23 18:30:00+00:00
139.1649932861328,139.3300018310547,138.02999877929688,139.10000610351562,61759,2025-12-23 19:30:00+00:00
139.10000610351562,139.10000610351562,137.3000030517578,137.61000061035156,119674,2025-12-23 20:30:00+00:00
136.49000549316406,138.80999755859375,135.89999389648438,136.97999572753906,55953,2025-12-24 14:30:00+00:00
137.0850067138672,138.14999389648438,136.8000030517578,137.9949951171875,37461,2025-12-24 15:30:00+00:00
137.66000366210938,137.89999389648438,136.75,137.4600067138672,72548,2025-12-24 16:30:00+00:00
138.13999938964844,138.78500366210938,136.3800048828125,137.82000732421875,58011,2025-12-26 14:30:00+00:00
137.6699981689453,138.25990295410156,136.77999877929688,137.64999389648438,27896,2025-12-26 15:30:00+00:00
137.58999633789062,137.82000732421875,136.4499969482422,137.3574981689453,36832,2025-12-26 16:30:00+00:00
137.375,138.05999755859375,137.13009643554688,137.38999938964844,28114,2025-12-26 17:30:00+00:00
137.5800018310547,137.81500244140625,137.14999389648438,137.1699981689453,20320,2025-12-26 18:30:00+00:00
137.13999938964844,138.00999450683594,137.08999633789062,138.00999450683594,42461,2025-12-26 19:30:00+00:00
137.82000732421875,138.11000061035156,137.1999969482422,137.5,71215,2025-12-26 20:30:00+00:00
137.50999450683594,138.02000427246094,134.77999877929688,136.47000122070312,77922,2025-12-29 14:30:00+00:00
136.4499969482422,136.77999877929688,135.00999450683594,135.41000366210938,58183,2025-12-29 15:30:00+00:00
135.72000122070312,137.07000732421875,135.35000610351562,136.07000732421875,50742,2025-12-29 16:30:00+00:00
136.0749969482422,136.6199951171875,135.51499938964844,136.08999633789062,49789,2025-12-29 17:30:00+00:00
136.1699981689453,136.6199951171875,135.39999389648438,136.3699951171875,36359,2025-12-29 18:30:00+00:00
136.32000732421875,137.11000061035156,136.1699981689453,136.82000732421875,50671,2025-12-29 19:30:00+00:00
137.0,137.0,135.8800048828125,136.14999389648438,118448,2025-12-29 20:30:00+00:00
136.89999389648438,136.89999389648438,134.9600067138672,135.42999267578125,48216,2025-12-30 14:30:00+00:00
135.30499267578125,135.92999267578125,134.57009887695312,135.52000427246094,50316,2025-12-30 15:30:00+00:00
135.5399932861328,135.63999938964844,134.97000122070312,135.30999755859375,25182,2025-12-30 16:30:00+00:00
135.16000366210938,135.77000427246094,134.61000061035156,134.7100067138672,45586,2025-12-30 17:30:00+00:00
134.64999389648438,136.19500732421875,134.64999389648438,135.3800048828125,67617,2025-12-30 18:30:00+00:00
135.3300018310547,135.58009338378906,134.69000244140625,134.69000244140625,67862,2025-12-30 19:30:00+00:00
134.7899932861328,135.22999572753906,133.9199981689453,135.22999572753906,161875,2025-12-30 20:30:00+00:00
135.99000549316406,136.62840270996094,133.05999755859375,134.22000122070312,70508,2025-12-31 14:30:00+00:00
134.60000610351562,135.1699981689453,133.75,134.3000030517578,34975,2025-12-31 15:30:00+00:00
134.0500030517578,134.49000549316406,133.27000427246094,134.0,38912,2025-12-31 16:30:00+00:00
134.0,134.44000244140625,133.6999969482422,134.36000061035156,40205,2025-12-31 17:30:00+00:00
134.31500244140625,135.02999877929688,134.16000366210938,134.51499938964844,45942,2025-12-31 18:30:00+00:00
134.5,134.52999877929688,132.9199981689453,133.13999938964844,49252,2025-12-31 19:30:00+00:00
133.22000122070312,133.5399932861328,132.14999389648438,133.42999267578125,125100,2025-12-31 20:30:00+00:00
136.22999572753906,139.75,135.74000549316406,138.5500030517578,111938,2026-01-02 14:30:00+00:00
138.5500030517578,143.38999938964844,138.5500030517578,142.52999877929688,105516,2026-01-02 15:30:00+00:00
142.8350067138672,143.38999938964844,141.1300048828125,141.77000427246094,134277,2026-01-02 16:30:00+00:00
142.08999633789062,142.22999572753906,140.02999877929688,140.3800048828125,55370,2026-01-02 17:30:00+00:00
140.16000366210938,140.75,138.9149932861328,140.22000122070312,56213,2026-01-02 18:30:00+00:00
140.26499938964844,141.4600067138672,139.5399932861328,141.3000030517578,100270,2026-01-02 19:30:00+00:00
141.30499267578125,141.55999755859375,140.5800018310547,140.7899932861328,109272,2026-01-02 20:30:00+00:00
142.85000610351562,144.67999267578125,141.08450317382812,144.49000549316406,114556,2026-01-05 14:30:00+00:00
144.5,146.25999450683594,142.8699951171875,143.02000427246094,98225,2026-01-05 15:30:00+00:00
143.21499633789062,144.77999877929688,142.6750030517578,143.02499389648438,85886,2026-01-05 16:30:00+00:00
143.02499389648438,143.51499938964844,142.0399932861328,142.47000122070312,49378,2026-01-05 17:30:00+00:00
142.22999572753906,142.92999267578125,140.64999389648438,140.69000244140625,80242,2026-01-05 18:30:00+00:00
140.5800018310547,141.59500122070312,140.4199981689453,140.42999267578125,58781,2026-01-05 19:30:00+00:00
140.25,140.7899932861328,139.7899932861328,140.49000549316406,161801,2026-01-05 20:30:00+00:00
129.97000122070312,130.02999877929688,111.18000030517578,120.29499816894531,2060196,2026-01-06 14:30:00+00:00
120.1500015258789,125.0,117.72000122070312,122.3499984741211,1097042,2026-01-06 15:30:00+00:00
124.68599700927734,127.63999938964844,123.30999755859375,124.3949966430664,858923,2026-01-06 16:30:00+00:00
124.70999908447266,127.36399841308594,124.5,126.79499816894531,313279,2026-01-06 17:30:00+00:00
126.79499816894531,129.66000366210938,126.5000991821289,129.66000366210938,234430,2026-01-06 18:30:00+00:00
129.66000366210938,131.77999877929688,128.74009704589844,130.75,434585,2026-01-06 19:30:00+00:00
130.97999572753906,131.30999755859375,129.5800018310547,130.71009826660156,399468,2026-01-06 20:30:00+00:00
129.11000061035156,129.3699951171875,122.49549865722656,123.05999755859375,446921,2026-01-07 14:30:00+00:00
123.0199966430664,124.76000213623047,120.2301025390625,120.43499755859375,430761,2026-01-07 15:30:00+00:00
120.43499755859375,123.25,119.80000305175781,122.18000030517578,451691,2026-01-07 16:30:00+00:00
122.1500015258789,122.91999816894531,120.97000122070312,121.02999877929688,391823,2026-01-07 17:30:00+00:00
121.06999969482422,121.99500274658203,119.4000015258789,120.99009704589844,432830,2026-01-07 18:30:00+00:00
121.3499984741211,122.0,118.87999725341797,119.5,232294,2026-01-07 19:30:00+00:00
119.25,119.63999938964844,118.54000091552734,119.62000274658203,455116,2026-01-07 20:30:00+00:00
118.79000091552734,118.81999969482422,115.25,118.58000183105469,307578,2026-01-08 14:30:00+00:00
118.31500244140625,122.23999786376953,117.38500213623047,121.81919860839844,222797,2026-01-08 15:30:00+00:00
121.79000091552734,123.73999786376953,121.51499938964844,121.94000244140625,288234,2026-01-08 16:30:00+00:00
122.08000183105469,123.33000183105469,121.06999969482422,121.43000030517578,317389,2026-01-08 17:30:00+00:00
121.42500305175781,121.5199966430664,120.26000213623047,120.80999755859375,233052,2026-01-08 18:30:00+00:00
120.5999984741211,121.16000366210938,119.1500015258789,119.29000091552734,688468,2026-01-08 19:30:00+00:00
119.2699966430664,121.44000244140625,118.88999938964844,119.9000015258789,589678,2026-01-08 20:30:00+00:00
120.0,125.87999725341797,119.30999755859375,125.44000244140625,661535,2026-01-09 14:30:00+00:00
125.48999786376953,127.70999908447266,124.95500183105469,126.50499725341797,500205,2026-01-09 15:30:00+00:00
126.50499725341797,126.80000305175781,125.61000061035156,125.76000213623047,179905,2026-01-09 16:30:00+00:00
125.7300033569336,126.05500030517578,124.4000015258789,124.7300033569336,199538,2026-01-09 17:30:00+00:00
124.76000213623047,125.0,123.37000274658203,123.86000061035156,161628,2026-01-09 18:30:00+00:00
123.86000061035156,124.55000305175781,122.70999908447266,124.06999969482422,213875,2026-01-09 19:30:00+00:00
124.05750274658203,125.80999755859375,124.04499816894531,125.30000305175781,326315,2026-01-09 20:30:00+00:00
122.87000274658203,129.50999450683594,122.87000274658203,127.56999969482422,132290,2026-01-12 14:30:00+00:00
127.26000213623047,129.36000061035156,127.21499633789062,127.9000015258789,128280,2026-01-12 15:30:00+00:00
127.9000015258789,128.7899932861328,127.41000366210938,127.56999969482422,136932,2026-01-12 16:30:00+00:00
127.55999755859375,129.67999267578125,127.43170166015625,128.1300048828125,147940,2026-01-12 17:30:00+00:00
128.11000061035156,129.9499969482422,127.79000091552734,128.6999969482422,105612,2026-01-12 18:30:00+00:00
128.69000244140625,129.0500030517578,127.37000274658203,127.69499969482422,126973,2026-01-12 19:30:00+00:00
127.70500183105469,127.70500183105469,126.58999633789062,127.26499938964844,202024,2026-01-12 20:30:00+00:00
127.2300033569336,128.27999877929688,123.70999908447266,127.80999755859375,217401,2026-01-13 14:30:00+00:00
127.68000030517578,128.1459503173828,126.41000366210938,127.48999786376953,179270,2026-01-13 15:30:00+00:00
127.7699966430664,128.8800048828125,127.16000366210938,127.88999938964844,72777,2026-01-13 16:30:00+00:00
127.75499725341797,129.3249969482422,127.53500366210938,128.8800048828125,104602,2026-01-13 17:30:00+00:00
128.77000427246094,129.69000244140625,128.57000732421875,129.19500732421875,58450,2026-01-13 18:30:00+00:00
129.52000427246094,129.52000427246094,127.66000366210938,128.0500030517578,134564,2026-01-13 19:30:00+00:00
128.0500030517578,128.14500427246094,126.81999969482422,126.9000015258789,219545,2026-01-13 20:30:00+00:00
127.04000091552734,127.26249694824219,123.83999633789062,125.11000061035156,77496,2026-01-14 14:30:00+00:00
125.0,126.66999816894531,123.69999694824219,124.30999755859375,42969,2026-01-14 15:30:00+00:00
124.6500015258789,125.18000030517578,123.11000061035156,123.1500015258789,64711,2026-01-14 16:30:00+00:00
123.1500015258789,123.29000091552734,122.20999908447266,123.07499694824219,39689,2026-01-14 17:30:00+00:00
123.07499694824219,123.62000274658203,122.3499984741211,123.11000061035156,94472,2026-01-14 18:30:00+00:00
123.17500305175781,123.7699966430664,122.58999633789062,123.54499816894531,111433,2026-01-14 19:30:00+00:00
123.44999694824219,125.16000366210938,123.05000305175781,125.13999938964844,155132,2026-01-14 20:30:00+00:00
127.8499984741211,132.4499969482422,127.2300033569336,131.47000122070312,149728,2026-01-15 14:30:00+00:00
131.4600067138672,132.85000610351562,130.75,131.80499267578125,136317,2026-01-15 15:30:00+00:00
132.0399932861328,133.5,132.0399932861328,132.3699951171875,120082,2026-01-15 16:30:00+00:00
132.2100067138672,132.75,131.19000244140625,131.19000244140625,64482,2026-01-15 17:30:00+00:00
131.25999450683594,131.4199981689453,130.1199951171875,130.72999572753906,92556,2026-01-15 18:30:00+00:00
130.72999572753906,131.97999572753906,130.4199981689453,131.97999572753906,87810,2026-01-15 19:30:00+00:00
131.7449951171875,132.50999450683594,131.66000366210938,132.0800018310547,202201,2026-01-15 20:30:00+00:00
132.8000030517578,138.9199981689453,132.02999877929688,135.91000366210938,325241,2026-01-16 14:30:00+00:00
136.1699981689453,138.77000427246094,135.5399932861328,138.5399932861328,156858,2026-01-16 15:30:00+00:00
138.72999572753906,139.38999938964844,137.17999267578125,137.19000244140625,89501,2026-01-16 16:30:00+00:00
136.9600067138672,137.75,136.32000732421875,137.41000366210938,66150,2026-01-16 17:30:00+00:00
137.55999755859375,138.19000244140625,136.85000610351562,137.2449951171875,58614,2026-01-16 18:30:00+00:00
137.41000366210938,137.9949951171875,136.4499969482422,136.97000122070312,142505,2026-01-16 19:30:00+00:00
136.8800048828125,137.49000549316406,136.02999877929688,136.8800048828125,214019,2026-01-16 20:30:00+00:00
133.0,137.36500549316406,132.80099487304688,136.77999877929688,103757,2026-01-20 14:30:00+00:00
136.7899932861328,137.14999389648438,135.11000061035156,135.85000610351562,56296,2026-01-20 15:30:00+00:00
135.89500427246094,136.14999389648438,135.3300018310547,135.49000549316406,46110,2026-01-20 16:30:00+00:00
135.16000366210938,136.4499053955078,135.02000427246094,135.88999938964844,45420,2026-01-20 17:30:00+00:00
136.02000427246094,137.36000061035156,135.4550018310547,135.9199981689453,88147,2026-01-20 18:30:00+00:00
135.82000732421875,136.5399932861328,135.07000732421875,136.3300018310547,73003,2026-01-20 19:30:00+00:00
136.22999572753906,137.0,135.97999572753906,136.38999938964844,151242,2026-01-20 20:30:00+00:00
137.6999969482422,139.8699951171875,135.89999389648438,139.36000061035156,101143,2026-01-21 14:30:00+00:00
139.39999389648438,140.67999267578125,139.08999633789062,140.1999969482422,97807,2026-01-21 15:30:00+00:00
140.05499267578125,140.39999389648438,137.19500732421875,137.8350067138672,92365,2026-01-21 16:30:00+00:00
137.6199951171875,139.10000610351562,136.68499755859375,138.1024932861328,72602,2026-01-21 17:30:00+00:00
137.97000122070312,141.22000122070312,137.34500122070312,141.07000732421875,114903,2026-01-21 18:30:00+00:00
140.8800048828125,143.99989318847656,140.42999267578125,141.69000244140625,122527,2026-01-21 19:30:00+00:00
141.4199981689453,143.77000427246094,141.4199981689453,143.72999572753906,288133,2026-01-21 20:30:00+00:00
146.75,150.75,143.04859924316406,144.0399932861328,333583,2026-01-22 14:30:00+00:00
143.41000366210938,146.6300048828125,143.41000366210938,146.5800018310547,123653,2026-01-22 15:30:00+00:00
146.61000061035156,147.94000244140625,145.63999938964844,147.58999633789062,121980,2026-01-22 16:30:00+00:00
147.74249267578125,148.0399932861328,145.91000366210938,146.22500610351562,134724,2026-01-22 17:30:00+00:00
146.44000244140625,146.9600067138672,145.49000549316406,146.33999633789062,94757,2026-01-22 18:30:00+00:00
146.39999389648438,147.0399932861328,144.25,146.00250244140625,157140,2026-01-22 19:30:00+00:00
146.0399932861328,147.4499969482422,145.42999267578125,147.35000610351562,131917,2026-01-22 20:30:00+00:00
147.27999877929688,147.99000549316406,142.21499633789062,146.75999450683594,147438,2026-01-23 14:30:00+00:00
146.7550048828125,147.5399932861328,146.30099487304688,146.77000427246094,67868,2026-01-23 15:30:00+00:00
146.69000244140625,146.74000549316406,145.3159942626953,146.35000610351562,48700,2026-01-23 16:30:00+00:00
146.4600067138672,146.47999572753906,145.09500122070312,146.10499572753906,44625,2026-01-23 17:30:00+00:00
146.01499938964844,146.6699981689453,145.02000427246094,146.4149932861328,39244,2026-01-23 18:30:00+00:00
146.40499877929688,146.40499877929688,145.22000122070312,145.35000610351562,41274,2026-01-23 19:30:00+00:00
145.35000610351562,146.6999969482422,145.22320556640625,145.88499450683594,140598,2026-01-23 20:30:00+00:00
145.0,147.13999938964844,143.62010192871094,144.17999267578125,115779,2026-01-26 14:30:00+00:00
144.10000610351562,145.33999633789062,143.69000244140625,144.75999450683594,82141,2026-01-26 15:30:00+00:00
144.5,146.0,144.14999389648438,145.8000030517578,104766,2026-01-26 16:30:00+00:00
145.75,147.49000549316406,145.6999969482422,147.0399932861328,53081,2026-01-26 17:30:00+00:00
147.22000122070312,147.80999755859375,146.9600067138672,147.3699951171875,48890,2026-01-26 18:30:00+00:00
147.36500549316406,147.75999450683594,146.88999938964844,147.57000732421875,68441,2026-01-26 19:30:00+00:00
147.60000610351562,148.58999633789062,147.41000366210938,148.4250030517578,149679,2026-01-26 20:30:00+00:00
149.55999755859375,153.66000366210938,147.6999969482422,152.7899932861328,119858,2026-01-27 14:30:00+00:00
152.94000244140625,153.5850067138672,148.69000244140625,149.52499389648438,188340,2026-01-27 15:30:00+00:00
149.66409301757812,150.0780029296875,148.10000610351562,149.57000732421875,102686,2026-01-27 16:30:00+00:00
149.31500244140625,150.3300018310547,148.3800048828125,149.2899932861328,71934,2026-01-27 17:30:00+00:00
149.2899932861328,149.94000244140625,149.08999633789062,149.5,48746,2026-01-27 18:30:00+00:00
149.32000732421875,149.75999450683594,148.4821014404297,148.5500030517578,74839,2026-01-27 19:30:00+00:00
148.5,148.5,146.69000244140625,146.8699951171875,173352,2026-01-27 20:30:00+00:00
146.72000122070312,147.47500610351562,139.25,141.7899932861328,260765,2026-01-28 14:30:00+00:00
141.7899932861328,143.86000061035156,141.12010192871094,143.86000061035156,117327,2026-01-28 15:30:00+00:00
143.90499877929688,144.44000244140625,143.10000610351562,143.1199951171875,71479,2026-01-28 16:30:00+00:00
143.13499450683594,145.80999755859375,142.63999938964844,145.0399932861328,151045,2026-01-28 17:30:00+00:00
145.4600067138672,146.83999633789062,145.22999572753906,145.57000732421875,81969,2026-01-28 18:30:00+00:00
145.39999389648438,146.99000549316406,144.5,145.2449951171875,126085,2026-01-28 19:30:00+00:00
145.0,147.01499938964844,144.44000244140625,146.97000122070312,345876,2026-01-28 20:30:00+00:00
170.0,182.85000610351562,167.8800048828125,171.24000549316406,1753165,2026-01-29 14:30:00+00:00
171.24000549316406,179.2899932861328,168.36000061035156,175.1649932861328,630978,2026-01-29 15:30:00+00:00
175.33999633789062,175.85000610351562,172.08999633789062,174.10000610351562,341576,2026-01-29 16:30:00+00:00
174.08999633789062,175.2899932861328,171.0,174.0749969482422,257537,2026-01-29 17:30:00+00:00
173.9199981689453,175.75,172.11000061035156,175.75,226666,2026-01-29 18:30:00+00:00
175.44000244140625,175.58999633789062,172.86000061035156,173.0399932861328,274911,2026-01-29 19:30:00+00:00
173.13499450683594,177.22000122070312,173.13499450683594,176.82000732421875,380274,2026-01-29 20:30:00+00:00
179.89999389648438,189.55999755859375,176.72000122070312,189.37750244140625,636143,2026-01-30 14:30:00+00:00
198.27000427246094,199.5399932861328,196.59500122070312,197.47999572753906,1137006,2026-02-02 18:30:00+00:00
197.74000549316406,198.6300048828125,195.0,195.36000061035156,373759,2026-02-02 19:30:00+00:00
195.14500427246094,196.22999572753906,193.88999938964844,196.1999969482422,468380,2026-02-02 20:30:00+00:00
199.0,203.3699951171875,197.0,202.02499389648438,445131,2026-02-03 14:30:00+00:00
202.02499389648438,205.74000549316406,201.2100067138672,201.375,417120,2026-02-03 15:30:00+00:00
201.69000244140625,202.0998992919922,199.83999633789062,199.83999633789062,232529,2026-02-03 16:30:00+00:00
199.80999755859375,199.86000061035156,193.16009521484375,193.4149932861328,318463,2026-02-03 17:30:00+00:00
193.60000610351562,194.86000061035156,190.22000122070312,193.77999877929688,387358,2026-02-03 18:30:00+00:00
194.25,197.14999389648438,192.99000549316406,196.81500244140625,294422,2026-02-03 19:30:00+00:00
196.81500244140625,199.47999572753906,196.81500244140625,199.46499633789062,345506,2026-02-03 20:30:00+00:00
201.0,202.0,194.63999938964844,197.1199951171875,431367,2026-02-04 14:30:00+00:00
197.0850067138672,202.8000030517578,196.02000427246094,200.58999633789062,313048,2026-02-04 15:30:00+00:00
200.89999389648438,202.94000244140625,197.04100036621094,197.97999572753906,312173,2026-02-04 16:30:00+00:00
197.72999572753906,199.5,191.7550048828125,195.38380432128906,395470,2026-02-04 17:30:00+00:00
195.07000732421875,195.18499755859375,192.3000030517578,195.18499755859375,278379,2026-02-04 18:30:00+00:00
195.18499755859375,200.50999450683594,195.17999267578125,199.60000610351562,188940,2026-02-04 19:30:00+00:00
199.52000427246094,202.3000030517578,199.22000122070312,199.61500549316406,269230,2026-02-04 20:30:00+00:00
199.1199951171875,207.1746063232422,193.0,197.24000549316406,441664,2026-02-05 14:30:00+00:00
198.4499969482422,202.16000366210938,193.10000610351562,200.69000244140625,312194,2026-02-05 15:30:00+00:00
200.74000549316406,208.0,199.44000244140625,202.0,366498,2026-02-05 16:30:00+00:00
201.61000061035156,208.0,199.92999267578125,205.0,251581,2026-02-05 17:30:00+00:00
204.86000061035156,205.6699981689453,201.4250030517578,203.81500244140625,107256,2026-02-05 18:30:00+00:00
203.5500030517578,206.0,202.1699981689453,204.92999267578125,202005,2026-02-05 19:30:00+00:00
205.0500030517578,206.83990478515625,201.52999877929688,205.4499969482422,361687,2026-02-05 20:30:00+00:00
208.0,219.67999267578125,208.0,215.50999450683594,353091,2026-02-06 14:30:00+00:00
217.91000366210938,220.27000427246094,215.1999969482422,217.13499450683594,328148,2026-02-06 15:30:00+00:00
217.13999938964844,220.25999450683594,216.7100067138672,219.6300048828125,160848,2026-02-06 16:30:00+00:00
219.55999755859375,220.4149932861328,218.1199951171875,218.64999389648438,145650,2026-02-06 17:30:00+00:00
218.64999389648438,220.0,216.4199981689453,216.5,209500,2026-02-06 18:30:00+00:00
216.44000244140625,220.19149780273438,215.61000061035156,216.88999938964844,266973,2026-02-06 19:30:00+00:00
216.4600067138672,217.5800018310547,214.5800018310547,215.47000122070312,407602,2026-02-06 20:30:00+00:00
218.4600067138672,224.25,213.33999633789062,220.0,224722,2026-02-09 14:30:00+00:00
220.0,224.69549560546875,219.7675018310547,221.02999877929688,231040,2026-02-09 15:30:00+00:00
220.89999389648438,222.3249969482422,219.27000427246094,221.92999267578125,140147,2026-02-09 16:30:00+00:00
221.77999877929688,222.08999633789062,217.58999633789062,218.5,162442,2026-02-09 17:30:00+00:00
217.99000549316406,220.72999572753906,217.99000549316406,219.29800415039062,122493,2026-02-09 18:30:00+00:00
219.27999877929688,220.92999267578125,217.9199981689453,218.94500732421875,173005,2026-02-09 19:30:00+00:00
218.83999633789062,220.9600067138672,218.27000427246094,218.86000061035156,311418,2026-02-09 20:30:00+00:00
218.41000366210938,219.5,214.0,216.75999450683594,151084,2026-02-10 14:30:00+00:00
216.70350646972656,220.55999755859375,216.3300018310547,220.2100067138672,91437,2026-02-10 15:30:00+00:00
219.9600067138672,223.0998992919922,219.36000061035156,222.27999877929688,108897,2026-02-10 16:30:00+00:00
221.88999938964844,222.17999267578125,217.8800048828125,217.88999938964844,80958,2026-02-10 17:30:00+00:00
218.1300048828125,219.4600067138672,217.39999389648438,218.27000427246094,92379,2026-02-10 18:30:00+00:00
218.27499389648438,218.6699981689453,217.02999877929688,217.88499450683594,93452,2026-02-10 19:30:00+00:00
217.52999877929688,220.13999938964844,217.3300018310547,219.81500244140625,147386,2026-02-10 20:30:00+00:00
227.25999450683594,235.02000427246094,214.0,215.0500030517578,742619,2026-02-11 14:30:00+00:00
215.87249755859375,222.90499877929688,213.49000549316406,222.47500610351562,320088,2026-02-11 15:30:00+00:00
222.0,222.39999389648438,217.3800048828125,219.25999450683594,219437,2026-02-11 16:30:00+00:00
219.46499633789062,220.66000366210938,217.97999572753906,219.44500732421875,107538,2026-02-11 17:30:00+00:00
219.44500732421875,221.6999969482422,218.10000610351562,219.55499267578125,156621,2026-02-11 18:30:00+00:00
219.55499267578125,221.22549438476562,218.49000549316406,221.22549438476562,170827,2026-02-11 19:30:00+00:00
220.83999633789062,222.38999938964844,219.36000061035156,219.36000061035156,251678,2026-02-11 20:30:00+00:00
223.80999755859375,231.1199951171875,222.47000122070312,225.64999389648438,171950,2026-02-12 14:30:00+00:00
225.22999572753906,226.16000366210938,218.44000244140625,218.62750244140625,96880,2026-02-12 15:30:00+00:00
218.0800018310547,221.49989318847656,217.08999633789062,217.67999267578125,84118,2026-02-12 16:30:00+00:00
217.69500732421875,219.69000244140625,216.72000122070312,218.02000427246094,74994,2026-02-12 17:30:00+00:00
218.00999450683594,218.80999755859375,216.6699981689453,217.13999938964844,55501,2026-02-12 18:30:00+00:00
217.28500366210938,219.16000366210938,216.00999450683594,216.91000366210938,159474,2026-02-12 19:30:00+00:00
216.88999938964844,217.8300018310547,215.0500030517578,215.42999267578125,270052,2026-02-12 20:30:00+00:00
216.38999938964844,220.5,211.09100341796875,219.92999267578125,227736,2026-02-13 14:30:00+00:00
220.49000549316406,223.1699981689453,219.1199951171875,221.39999389648438,111013,2026-02-13 15:30:00+00:00
221.61500549316406,223.0,220.91000366210938,221.92999267578125,66624,2026-02-13 16:30:00+00:00
222.33999633789062,223.0800018310547,220.0,220.49000549316406,73007,2026-02-13 17:30:00+00:00
221.02000427246094,222.1425018310547,218.0500030517578,219.02999877929688,90724,2026-02-13 18:30:00+00:00
219.0749969482422,220.447998046875,216.6300048828125,216.64500427246094,106090,2026-02-13 19:30:00+00:00
216.5,218.82000732421875,215.9499969482422,216.30999755859375,203316,2026-02-13 20:30:00+00:00
215.66000366210938,220.89990234375,214.47999572753906,218.42999267578125,77372,2026-02-17 14:30:00+00:00
218.33999633789062,221.87989807128906,216.22999572753906,218.91000366210938,60185,2026-02-17 15:30:00+00:00
218.60000610351562,222.1699981689453,218.60000610351562,220.2949981689453,95894,2026-02-17 16:30:00+00:00
220.28500366210938,221.5,218.0,219.3699951171875,72067,2026-02-17 17:30:00+00:00
219.32000732421875,223.24000549316406,218.83929443359375,220.64999389648438,82943,2026-02-17 18:30:00+00:00
220.8800048828125,221.89999389648438,217.03500366210938,217.03500366210938,104362,2026-02-17 19:30:00+00:00
216.91000366210938,218.47500610351562,216.63999938964844,216.92999267578125,195673,2026-02-17 20:30:00+00:00
222.0,224.47999572753906,219.0,222.9250030517578,157372,2026-02-18 14:30:00+00:00
222.8800048828125,225.38999938964844,221.5800018310547,222.55499267578125,95596,2026-02-18 15:30:00+00:00
222.55499267578125,223.25999450683594,219.83250427246094,221.8300018310547,129776,2026-02-18 16:30:00+00:00
221.92999267578125,222.41990661621094,220.4250030517578,220.4250030517578,68604,2026-02-18 17:30:00+00:00
220.6999969482422,221.26409912109375,217.7899932861328,218.15499877929688,78703,2026-02-18 18:30:00+00:00
218.3800048828125,218.47500610351562,216.5500030517578,218.0399932861328,102957,2026-02-18 19:30:00+00:00
218.1300048828125,219.0,216.0800018310547,217.82000732421875,210978,2026-02-18 20:30:00+00:00
215.75,218.3000030517578,212.32000732421875,213.9499969482422,213925,2026-02-19 14:30:00+00:00
213.96499633789062,218.44000244140625,213.96499633789062,217.2899932861328,137041,2026-02-19 15:30:00+00:00
217.39500427246094,218.5,215.6199951171875,217.2050018310547,68219,2026-02-19 16:30:00+00:00
217.1199951171875,217.85000610351562,215.63999938964844,216.98500061035156,80800,2026-02-19 17:30:00+00:00
216.97000122070312,218.2899932861328,216.10000610351562,217.24000549316406,53485,2026-02-19 18:30:00+00:00
217.38499450683594,219.0,216.92579650878906,218.4199981689453,86081,2026-02-19 19:30:00+00:00
218.42999267578125,220.58999633789062,218.36500549316406,218.57000732421875,169733,2026-02-19 20:30:00+00:00
219.75,227.52999877929688,216.5709991455078,226.3800048828125,211888,2026-02-20 14:30:00+00:00
226.8300018310547,228.61000061035156,224.10000610351562,225.6699981689453,99735,2026-02-20 15:30:00+00:00
224.72000122070312,225.69000244140625,222.0,222.47000122070312,63368,2026-02-20 16:30:00+00:00
222.77499389648438,226.98500061035156,222.72999572753906,223.6300048828125,71795,2026-02-20 17:30:00+00:00
223.6699981689453,227.0,222.27999877929688,225.1649932861328,59576,2026-02-20 18:30:00+00:00
225.60000610351562,226.8800048828125,224.97999572753906,226.8800048828125,68934,2026-02-20 19:30:00+00:00
227.0,228.39999389648438,226.3000030517578,226.47500610351562,191110,2026-02-20 20:30:00+00:00
225.0,228.8800048828125,222.17999267578125,223.42999267578125,149220,2026-02-23 14:30:00+00:00
223.5,225.95989990234375,222.91000366210938,225.38999938964844,74823,2026-02-23 15:30:00+00:00
225.46499633789062,226.63499450683594,223.61000061035156,224.5,156259,2026-02-23 16:30:00+00:00
224.11000061035156,225.07000732421875,222.5,222.97000122070312,125640,2026-02-23 17:30:00+00:00
222.5399932861328,222.88999938964844,219.00999450683594,219.16749572753906,92392,2026-02-23 18:30:00+00:00
219.2550048828125,220.1999969482422,218.85000610351562,219.2449951171875,78419,2026-02-23 19:30:00+00:00
218.8800048828125,223.0500030517578,218.8800048828125,222.88999938964844,182574,2026-02-23 20:30:00+00:00
220.50999450683594,234.49000549316406,219.0500030517578,234.3000030517578,206905,2026-02-24 14:30:00+00:00
234.2050018310547,236.81199645996094,230.5800018310547,230.5800018310547,219116,2026-02-24 15:30:00+00:00
230.11000061035156,235.14500427246094,228.84500122070312,234.41000366210938,122304,2026-02-24 16:30:00+00:00
234.5675048828125,235.5,233.69000244140625,233.77999877929688,69406,2026-02-24 17:30:00+00:00
234.4799041748047,235.39999389648438,233.22999572753906,234.85000610351562,96719,2026-02-24 18:30:00+00:00
234.83999633789062,235.35000610351562,233.58999633789062,233.94000244140625,106486,2026-02-24 19:30:00+00:00
234.14999389648438,237.49000549316406,234.02499389648438,236.55999755859375,200667,2026-02-24 20:30:00+00:00
240.0,243.79989624023438,230.11000061035156,230.94500732421875,203253,2026-02-25 14:30:00+00:00
230.30999755859375,235.2050018310547,229.8300018310547,232.9600067138672,120625,2026-02-25 15:30:00+00:00
233.46499633789062,234.99000549316406,232.63999938964844,234.0050048828125,84335,2026-02-25 16:30:00+00:00
234.4499969482422,235.10000610351562,233.08999633789062,233.3300018310547,46159,2026-02-25 17:30:00+00:00
233.19500732421875,234.82000732421875,231.86000061035156,232.47000122070312,79589,2026-02-25 18:30:00+00:00
232.6300048828125,233.85000610351562,231.58009338378906,231.58009338378906,92610,2026-02-25 19:30:00+00:00
231.7100067138672,231.7100067138672,228.6999969482422,229.7100067138672,190949,2026-02-25 20:30:00+00:00
230.19000244140625,230.5,219.0500946044922,220.7100067138672,422556,2026-02-26 14:30:00+00:00
220.5800018310547,227.99000549316406,218.0,227.99000549316406,176984,2026-02-26 15:30:00+00:00
228.50999450683594,228.50999450683594,224.77000427246094,224.77000427246094,59269,2026-02-26 16:30:00+00:00
224.7899932861328,226.82000732421875,224.6300048828125,226.82000732421875,46912,2026-02-26 17:30:00+00:00
227.5800018310547,229.08999633789062,226.86000061035156,227.5399932861328,59003,2026-02-26 18:30:00+00:00
228.0399932861328,229.6699981689453,227.38999938964844,229.125,59728,2026-02-26 19:30:00+00:00
228.99000549316406,230.07000732421875,228.06649780273438,228.7100067138672,108852,2026-02-26 20:30:00+00:00
223.02999877929688,229.92999267578125,222.5,225.75,104974,2026-02-27 14:30:00+00:00
225.92999267578125,229.02000427246094,225.27000427246094,226.34010314941406,80246,2026-02-27 15:30:00+00:00
226.7100067138672,226.89500427246094,220.3000030517578,220.3000030517578,115981,2026-02-27 16:30:00+00:00
220.30999755859375,223.41000366210938,220.1999969482422,223.41000366210938,105935,2026-02-27 17:30:00+00:00
222.71499633789062,225.91000366210938,222.71499633789062,224.6699981689453,102577,2026-02-27 18:30:00+00:00
224.5500030517578,226.72000122070312,223.89999389648438,225.97500610351562,106501,2026-02-27 19:30:00+00:00
225.9600067138672,228.42999267578125,225.7899932861328,227.3300018310547,110494,2026-02-27 20:30:00+00:00
222.2899932861328,233.89999389648438,219.37210083007812,230.9499969482422,137093,2026-03-02 14:30:00+00:00
230.94500732421875,233.89990234375,228.57000732421875,230.99009704589844,133833,2026-03-02 15:30:00+00:00
231.6649932861328,237.16000366210938,230.5050048828125,237.0500030517578,233534,2026-03-02 16:30:00+00:00
236.38999938964844,237.2100067138672,233.5937957763672,234.41000366210938,72125,2026-03-02 17:30:00+00:00
234.99000549316406,237.64999389648438,233.35769653320312,237.08999633789062,96682,2026-03-02 18:30:00+00:00
237.30409240722656,239.07000732421875,236.77749633789062,237.9199981689453,95653,2026-03-02 19:30:00+00:00
238.08999633789062,239.1999969482422,237.4613037109375,238.5,145398,2026-03-02 20:30:00+00:00
225.64999389648438,226.59500122070312,215.0388946533203,216.16000366210938,231586,2026-03-03 14:30:00+00:00
216.5800018310547,221.40499877929688,214.13999938964844,221.10000610351562,224191,2026-03-03 15:30:00+00:00
220.82000732421875,222.4550018310547,218.47000122070312,221.6475067138672,152726,2026-03-03 16:30:00+00:00
221.3800048828125,224.22000122070312,220.61000061035156,222.10000610351562,116635,2026-03-03 17:30:00+00:00
221.6199951171875,222.91000366210938,216.14999389648438,216.5,155452,2026-03-03 18:30:00+00:00
216.5,217.16000366210938,212.58009338378906,212.58009338378906,299992,2026-03-03 19:30:00+00:00
212.9199981689453,213.72999572753906,210.4250030517578,212.1999969482422,333523,2026-03-03 20:30:00+00:00
217.16000366210938,220.24989318847656,204.01710510253906,213.8300018310547,238361,2026-03-04 14:30:00+00:00
214.1750030517578,214.92999267578125,208.27999877929688,209.52999877929688,77418,2026-03-04 15:30:00+00:00
209.33999633789062,210.69000244140625,205.25,205.25,156161,2026-03-04 16:30:00+00:00
205.52000427246094,206.50999450683594,202.0500030517578,203.09120178222656,135155,2026-03-04 17:30:00+00:00
203.4499969482422,208.99000549316406,202.77000427246094,207.8300018310547,162978,2026-03-04 18:30:00+00:00
208.30999755859375,209.5399932861328,207.05279541015625,209.27499389648438,126665,2026-03-04 19:30:00+00:00
209.22000122070312,211.3800048828125,208.13999938964844,209.9199981689453,218311,2026-03-04 20:30:00+00:00
206.08999633789062,207.99249267578125,200.0,204.38999938964844,157430,2026-03-05 14:30:00+00:00
203.99000549316406,206.9499969482422,202.38999938964844,203.2899932861328,180499,2026-03-05 15:30:00+00:00
203.74000549316406,204.27999877929688,200.57000732421875,201.9600067138672,70051,2026-03-05 16:30:00+00:00
201.6750030517578,201.6750030517578,198.60000610351562,199.74000549316406,97797,2026-03-05 17:30:00+00:00
199.7949981689453,200.8000030517578,199.1300048828125,200.2449951171875,224016,2026-03-05 18:30:00+00:00
200.1199951171875,204.07000732421875,198.83999633789062,204.07000732421875,180938,2026-03-05 19:30:00+00:00
203.72999572753906,205.0,202.8300018310547,204.77999877929688,157210,2026-03-05 20:30:00+00:00
195.14999389648438,198.19000244140625,191.55499267578125,197.99000549316406,277097,2026-03-06 14:30:00+00:00
198.16000366210938,198.16000366210938,190.4239959716797,190.75999450683594,171060,2026-03-06 15:30:00+00:00
190.77000427246094,192.49000549316406,189.4199981689453,189.9250030517578,150658,2026-03-06 16:30:00+00:00
189.97500610351562,192.77999877929688,189.08999633789062,192.46499633789062,90131,2026-03-06 17:30:00+00:00
192.47000122070312,193.05999755859375,189.5,190.4499969482422,163548,2026-03-06 18:30:00+00:00
190.61000061035156,191.17999267578125,184.0399932861328,185.08999633789062,258344,2026-03-06 19:30:00+00:00
184.72999572753906,187.4499969482422,183.60000610351562,187.3800048828125,302192,2026-03-06 20:30:00+00:00
183.3800048828125,189.88999938964844,180.82000732421875,187.35000610351562,301083,2026-03-09 13:30:00+00:00
187.13499450683594,192.74000549316406,187.13499450683594,191.2899932861328,171507,2026-03-09 14:30:00+00:00
191.4600067138672,194.74000549316406,189.8000030517578,194.46499633789062,132666,2026-03-09 15:30:00+00:00
194.47000122070312,195.22000122070312,193.01499938964844,194.2050018310547,80902,2026-03-09 16:30:00+00:00
194.5998992919922,195.5,192.34500122070312,194.32000732421875,118412,2026-03-09 17:30:00+00:00
194.22999572753906,199.49000549316406,193.2899932861328,199.1199951171875,109295,2026-03-09 18:30:00+00:00
199.1199951171875,201.39999389648438,198.46499633789062,200.67999267578125,226808,2026-03-09 19:30:00+00:00
202.1999969482422,210.64999389648438,201.0,208.25,197014,2026-03-10 13:30:00+00:00
208.2550048828125,211.88499450683594,207.24000549316406,209.05999755859375,117953,2026-03-10 14:30:00+00:00
209.17999267578125,209.4499969482422,204.38999938964844,204.4499969482422,145111,2026-03-10 15:30:00+00:00
204.22999572753906,208.61000061035156,202.55999755859375,208.5399932861328,131285,2026-03-10 16:30:00+00:00
208.57000732421875,208.60000610351562,202.44000244140625,203.4949951171875,125746,2026-03-10 17:30:00+00:00
203.0,205.0749969482422,202.93499755859375,203.02000427246094,116442,2026-03-10 18:30:00+00:00
203.00999450683594,203.39999389648438,201.11000061035156,201.3300018310547,122836,2026-03-10 19:30:00+00:00
200.14999389648438,205.1999969482422,198.00999450683594,203.30499267578125,79178,2026-03-11 13:30:00+00:00
203.46499633789062,204.85000610351562,201.77000427246094,202.1999969482422,65894,2026-03-11 14:30:00+00:00
202.41000366210938,202.7899932861328,199.61000061035156,200.42999267578125,70317,2026-03-11 15:30:00+00:00
200.36000061035156,202.1999969482422,200.35000610351562,201.27999877929688,42040,2026-03-11 16:30:00+00:00
201.56500244140625,202.125,199.25,201.23500061035156,75751,2026-03-11 17:30:00+00:00
201.38999938964844,203.5399932861328,200.9300994873047,201.31500244140625,105231,2026-03-11 18:30:00+00:00
201.61000061035156,202.07000732421875,200.25999450683594,200.97999572753906,106300,2026-03-11 19:30:00+00:00
194.1699981689453,198.30160522460938,189.6300048828125,189.6300048828125,257182,2026-03-12 13:30:00+00:00
189.19000244140625,191.5,186.6300048828125,190.84500122070312,199680,2026-03-12 14:30:00+00:00
190.8300018310547,196.11000061035156,190.52000427246094,194.22000122070312,83354,2026-03-12 15:30:00+00:00
194.89999389648438,196.0800018310547,193.32000732421875,193.47000122070312,53951,2026-03-12 16:30:00+00:00
193.3000030517578,194.63499450683594,192.08009338378906,192.85000610351562,39244,2026-03-12 17:30:00+00:00
193.69500732421875,193.99969482421875,191.7949981689453,193.1199951171875,57130,2026-03-12 18:30:00+00:00
193.1999969482422,193.75999450683594,190.89999389648438,191.6199951171875,130405,2026-03-12 19:30:00+00:00
194.13999938964844,196.9499969482422,190.5,191.70509338378906,76018,2026-03-13 13:30:00+00:00
191.4499969482422,193.6905975341797,188.51010131835938,190.22000122070312,48681,2026-03-13 14:30:00+00:00
190.24000549316406,191.2899932861328,188.88999938964844,190.5,102553,2026-03-13 15:30:00+00:00
190.39999389648438,191.0,189.50999450683594,190.91000366210938,28104,2026-03-13 16:30:00+00:00
190.92999267578125,191.42999267578125,190.17999267578125,190.64999389648438,29736,2026-03-13 17:30:00+00:00
190.91000366210938,191.89500427246094,189.44009399414062,190.00999450683594,31719,2026-03-13 18:30:00+00:00
190.22000122070312,190.22000122070312,187.66000366210938,188.5399932861328,96595,2026-03-13 19:30:00+00:00
194.64999389648438,200.0,192.3000946044922,196.5749969482422,134020,2026-03-16 13:30:00+00:00
196.4199981689453,197.0,194.2700958251953,196.49000549316406,66865,2026-03-16 14:30:00+00:00
196.49000549316406,197.5399932861328,194.5,197.05999755859375,91044,2026-03-16 15:30:00+00:00
197.05999755859375,198.1750030517578,195.88999938964844,197.15499877929688,113354,2026-03-16 16:30:00+00:00
197.2899932861328,198.99000549316406,197.22000122070312,198.89999389648438,75699,2026-03-16 17:30:00+00:00
198.89999389648438,201.36000061035156,198.6999969482422,199.0050048828125,172113,2026-03-16 18:30:00+00:00
199.10000610351562,199.1699981689453,196.75999450683594,198.05999755859375,184157,2026-03-16 19:30:00+00:00
198.57000732421875,203.3699951171875,197.0,200.2899932861328,133323,2026-03-17 13:30:00+00:00
199.61000061035156,201.6999969482422,197.78500366210938,198.12899780273438,63461,2026-03-17 14:30:00+00:00
198.1300048828125,198.98500061035156,195.74000549316406,198.92999267578125,77679,2026-03-17 15:30:00+00:00
199.03500366210938,199.25,196.1699981689453,198.26499938964844,50099,2026-03-17 16:30:00+00:00
198.08999633789062,200.09500122070312,198.08999633789062,198.17999267578125,37577,2026-03-17 17:30:00+00:00
198.15499877929688,198.91000366210938,196.99000549316406,197.15499877929688,49112,2026-03-17 18:30:00+00:00
197.32000732421875,198.1199951171875,195.9499969482422,196.0500030517578,130633,2026-03-17 19:30:00+00:00
197.0399932861328,203.52999877929688,196.00999450683594,197.91000366210938,153742,2026-03-18 13:30:00+00:00
198.07000732421875,201.1199951171875,197.52999877929688,199.36000061035156,119021,2026-03-18 14:30:00+00:00
199.8699951171875,200.22000122070312,198.8249969482422,199.66000366210938,50319,2026-03-18 15:30:00+00:00
199.75999450683594,201.6199951171875,199.2550048828125,201.6199951171875,64497,2026-03-18 16:30:00+00:00
201.44000244140625,203.39999389648438,200.67999267578125,201.5500030517578,110913,2026-03-18 17:30:00+00:00
201.1999969482422,201.5,198.07000732421875,198.27999877929688,132728,2026-03-18 18:30:00+00:00
198.3249969482422,201.1199951171875,198.00999450683594,200.55999755859375,205220,2026-03-18 19:30:00+00:00
196.0,199.69500732421875,193.3000030517578,196.2899932861328,97859,2026-03-19 13:30:00+00:00
196.32000732421875,200.8350067138672,196.2100067138672,197.02749633789062,80706,2026-03-19 14:30:00+00:00
197.19500732421875,197.66000366210938,195.48500061035156,196.6999969482422,51887,2026-03-19 15:30:00+00:00
196.6999969482422,198.85000610351562,195.52000427246094,196.1199951171875,50497,2026-03-19 16:30:00+00:00
196.3350067138672,198.10000610351562,195.1699981689453,197.9550018310547,73522,2026-03-19 17:30:00+00:00
197.9600067138672,204.02000427246094,197.47500610351562,200.77999877929688,126620,2026-03-19 18:30:00+00:00
200.50999450683594,202.69000244140625,199.89999389648438,200.88999938964844,115385,2026-03-19 19:30:00+00:00
200.11000061035156,205.0,188.00999450683594,190.4499969482422,242651,2026-03-20 13:30:00+00:00
190.60000610351562,197.19000244140625,189.4199981689453,193.98500061035156,116135,2026-03-20 14:30:00+00:00
194.22500610351562,197.41000366210938,192.92999267578125,195.60499572753906,103098,2026-03-20 15:30:00+00:00
195.64999389648438,198.38999938964844,194.8000030517578,196.49000549316406,149265,2026-03-20 16:30:00+00:00
196.49000549316406,196.5449981689453,194.02999877929688,194.3300018310547,72439,2026-03-20 17:30:00+00:00
194.52999877929688,195.0399932861328,193.14999389648438,194.35499572753906,82464,2026-03-20 18:30:00+00:00
194.13999938964844,197.35000610351562,194.01499938964844,196.97000122070312,223470,2026-03-20 19:30:00+00:00
204.3000030517578,215.27999877929688,204.0,214.19000244140625,248958,2026-03-23 13:30:00+00:00
214.19000244140625,217.6699981689453,211.00010681152344,216.72999572753906,143543,2026-03-23 14:30:00+00:00
217.1699981689453,218.2899932861328,211.61749267578125,211.61749267578125,278029,2026-03-23 15:30:00+00:00
211.625,213.02000427246094,209.1529998779297,211.08999633789062,107631,2026-03-23 16:30:00+00:00
211.0800018310547,212.2949981689453,209.28500366210938,210.5800018310547,73493,2026-03-23 17:30:00+00:00
210.67999267578125,213.4199981689453,210.67999267578125,211.88999938964844,90078,2026-03-23 18:30:00+00:00
211.8800048828125,212.77999877929688,210.7449951171875,211.32000732421875,154560,2026-03-23 19:30:00+00:00
209.5,223.60000610351562,209.5,223.3350067138672,388579,2026-03-24 13:30:00+00:00
222.72000122070312,228.3000030517578,219.8800048828125,223.42999267578125,301029,2026-03-24 14:30:00+00:00
223.98500061035156,227.72999572753906,223.08999633789062,225.5,173656,2026-03-24 15:30:00+00:00
225.49000549316406,226.5500030517578,222.85499572753906,224.42999267578125,97004,2026-03-24 16:30:00+00:00
224.9499969482422,231.5500030517578,223.8000030517578,231.0,230553,2026-03-24 17:30:00+00:00
230.86000061035156,233.98989868164062,229.66000366210938,229.77999877929688,193509,2026-03-24 18:30:00+00:00
230.02499389648438,230.8498992919922,228.35000610351562,228.7100067138672,264348,2026-03-24 19:30:00+00:00
227.0,232.0,225.0,230.36500549316406,265700,2026-03-25 13:30:00+00:00
230.66000366210938,233.58999633789062,230.0,232.0749969482422,184443,2026-03-25 14:30:00+00:00
232.0749969482422,233.24000549316406,230.21499633789062,230.99000549316406,108491,2026-03-25 15:30:00+00:00
230.95010375976562,234.1300048828125,230.95010375976562,232.9199981689453,70601,2026-03-25 16:30:00+00:00
232.75,235.35000610351562,230.75999450683594,234.0,128278,2026-03-25 17:30:00+00:00
234.47000122070312,235.75999450683594,231.3800048828125,234.08999633789062,158678,2026-03-25 18:30:00+00:00
234.10000610351562,235.03990173339844,231.91000366210938,232.66000366210938,213965,2026-03-25 19:30:00+00:00
227.41000366210938,227.41000366210938,220.77310180664062,223.4949951171875,142294,2026-03-26 13:30:00+00:00
222.8000030517578,223.06930541992188,215.8101043701172,217.1999969482422,123546,2026-03-26 14:30:00+00:00
217.1999969482422,220.60000610351562,216.2100067138672,216.68499755859375,72355,2026-03-26 15:30:00+00:00
216.69000244140625,217.44000244140625,213.00999450683594,215.57797241210938,83511,2026-03-26 16:30:00+00:00
216.27499389648438,217.6999969482422,214.41000366210938,214.60499572753906,46543,2026-03-26 17:30:00+00:00
214.72000122070312,216.85000610351562,214.2200927734375,215.77999877929688,68835,2026-03-26 18:30:00+00:00
216.14999389648438,217.2100067138672,215.0800018310547,215.9499969482422,113688,2026-03-26 19:30:00+00:00
214.22999572753906,220.0,208.32749938964844,214.69500732421875,170817,2026-03-27 13:30:00+00:00
215.07000732421875,216.08999633789062,211.83999633789062,214.3350067138672,112296,2026-03-27 14:30:00+00:00
214.3300018310547,217.0500030517578,212.0,212.5800018310547,108867,2026-03-27 15:30:00+00:00
212.75,213.57000732421875,210.7050018310547,213.11000061035156,141602,2026-03-27 16:30:00+00:00
213.25,213.83999633789062,210.61000061035156,213.14999389648438,191228,2026-03-27 17:30:00+00:00
212.91000366210938,213.7100067138672,211.51499938964844,213.00999450683594,113513,2026-03-27 18:30:00+00:00
212.78250122070312,214.72000122070312,212.16000366210938,213.97000122070312,204669,2026-03-27 19:30:00+00:00
213.57000732421875,214.0,199.2100067138672,200.07000732421875,172297,2026-03-30 13:30:00+00:00
200.42999267578125,202.97999572753906,197.0399932861328,200.6875,89716,2026-03-30 14:30:00+00:00
200.4250030517578,203.6300048828125,199.02000427246094,199.38999938964844,88493,2026-03-30 15:30:00+00:00
199.77999877929688,201.67999267578125,199.3800048828125,201.10000610351562,68575,2026-03-30 16:30:00+00:00
201.12840270996094,202.64999389648438,199.5,200.50999450683594,124389,2026-03-30 17:30:00+00:00
200.60000610351562,203.0500030517578,199.4949951171875,201.00999450683594,211916,2026-03-30 18:30:00+00:00
201.06500244140625,203.14999389648438,200.5,202.2100067138672,222234,2026-03-30 19:30:00+00:00
207.80999755859375,211.0,205.8300018310547,211.0,84883,2026-03-31 13:30:00+00:00
211.25999450683594,211.25999450683594,206.5399932861328,209.22000122070312,53759,2026-03-31 14:30:00+00:00
208.57000732421875,210.61000061035156,203.06700134277344,207.53500366210938,96622,2026-03-31 15:30:00+00:00
207.47999572753906,215.6699981689453,207.47999572753906,214.2707977294922,92319,2026-03-31 16:30:00+00:00
214.19000244140625,216.03500366210938,213.9499969482422,215.60000610351562,85438,2026-03-31 17:30:00+00:00
215.66000366210938,217.50999450683594,215.3699951171875,216.69500732421875,126388,2026-03-31 18:30:00+00:00
216.44000244140625,218.53990173339844,216.05999755859375,216.7100067138672,167422,2026-03-31 19:30:00+00:00
222.27499389648438,227.83999633789062,222.02499389648438,223.2100067138672,149719,2026-04-01 13:30:00+00:00
223.25,225.17999267578125,222.25,223.83999633789062,145884,2026-04-01 14:30:00+00:00
223.83999633789062,225.77999877929688,222.80999755859375,225.5800018310547,93636,2026-04-01 15:30:00+00:00
225.5500030517578,226.99000549316406,223.79249572753906,226.83999633789062,99754,2026-04-01 16:30:00+00:00
226.6300048828125,226.92999267578125,221.0800018310547,221.94500732421875,142095,2026-04-01 17:30:00+00:00
221.65499877929688,223.36000061035156,220.6699981689453,223.0800018310547,96977,2026-04-01 18:30:00+00:00
222.99000549316406,223.5399932861328,221.32000732421875,222.94000244140625,140745,2026-04-01 19:30:00+00:00
213.35000610351562,215.89999389648438,210.25999450683594,214.7949981689453,178590,2026-04-02 13:30:00+00:00
215.55999755859375,223.8000030517578,214.44500732421875,222.1999969482422,74845,2026-04-02 14:30:00+00:00
220.36500549316406,220.66000366210938,217.77000427246094,217.9149932861328,41942,2026-04-02 15:30:00+00:00
218.78500366210938,220.11000061035156,217.91000366210938,219.75,26574,2026-04-02 16:30:00+00:00
219.5709991455078,219.85000610351562,215.86000061035156,216.9499969482422,60092,2026-04-02 17:30:00+00:00
217.25750732421875,219.4499969482422,216.6300048828125,218.38999938964844,41804,2026-04-02 18:30:00+00:00
218.6199951171875,219.47000122070312,217.58999633789062,219.22000122070312,88811,2026-04-02 19:30:00+00:00
217.89999389648438,220.99000549316406,206.0,211.55999755859375,236232,2026-04-06 13:30:00+00:00
212.0399932861328,216.81509399414062,210.6699981689453,216.47999572753906,70033,2026-04-06 14:30:00+00:00
216.52999877929688,217.38999938964844,215.00010681152344,216.39999389648438,33686,2026-04-06 15:30:00+00:00
216.2449951171875,217.58999633789062,214.4600067138672,215.64999389648438,25480,2026-04-06 16:30:00+00:00
215.40499877929688,217.02999877929688,214.90499877929688,216.51499938964844,30580,2026-04-06 17:30:00+00:00
217.02999877929688,217.02999877929688,215.67010498046875,215.69000244140625,42351,2026-04-06 18:30:00+00:00
215.75,215.94000244140625,212.69000244140625,215.02999877929688,174834,2026-04-06 19:30:00+00:00
211.9199981689453,215.64500427246094,206.47000122070312,212.2050018310547,92763,2026-04-07 13:30:00+00:00
212.23500061035156,213.35000610351562,209.22999572753906,211.8000030517578,41094,2026-04-07 14:30:00+00:00
211.6699981689453,214.9499969482422,210.7899932861328,212.0800018310547,45458,2026-04-07 15:30:00+00:00
212.1461944580078,213.35000610351562,211.2100067138672,212.1649932861328,33576,2026-04-07 16:30:00+00:00
212.31500244140625,214.125,211.30499267578125,211.30499267578125,35200,2026-04-07 17:30:00+00:00
211.3000030517578,213.34500122070312,209.32749938964844,211.875,36031,2026-04-07 18:30:00+00:00
211.875,215.0800018310547,210.88999938964844,214.05999755859375,103568,2026-04-07 19:30:00+00:00
229.0,244.86000061035156,228.0,231.73500061035156,336280,2026-04-08 13:30:00+00:00
231.73500061035156,232.1999969482422,227.03900146484375,229.0,111847,2026-04-08 14:30:00+00:00
228.84500122070312,234.69000244140625,228.6999969482422,234.69000244140625,90810,2026-04-08 15:30:00+00:00
234.39999389648438,235.85000610351562,234.0399932861328,234.5850067138672,52312,2026-04-08 16:30:00+00:00
234.76499938964844,238.13499450683594,234.38999938964844,236.5050048828125,73630,2026-04-08 17:30:00+00:00
236.8350067138672,236.83999633789062,232.75,232.75,98778,2026-04-08 18:30:00+00:00
233.15249633789062,235.0399932861328,232.77000427246094,234.72999572753906,149260,2026-04-08 19:30:00+00:00
234.0800018310547,243.44000244140625,234.0800018310547,240.49000549316406,88327,2026-04-09 13:30:00+00:00
240.5050048828125,244.25,239.0,242.97999572753906,90583,2026-04-09 14:30:00+00:00
243.57000732421875,247.41990661621094,243.3800048828125,247.1699981689453,118855,2026-04-09 15:30:00+00:00
247.0399932861328,248.99989318847656,245.47000122070312,246.72999572753906,76075,2026-04-09 16:30:00+00:00
246.53500366210938,247.7899932861328,239.36000061035156,240.0399932861328,101446,2026-04-09 17:30:00+00:00
239.9499969482422,242.08999633789062,237.86000061035156,241.48500061035156,108760,2026-04-09 18:30:00+00:00
241.48500061035156,242.67250061035156,240.40499877929688,241.36000061035156,219643,2026-04-09 19:30:00+00:00
244.13999938964844,244.9998016357422,235.33999633789062,240.47999572753906,189332,2026-04-10 13:30:00+00:00
241.39990234375,243.5,239.0,240.14999389648438,79606,2026-04-10 14:30:00+00:00
241.3300018310547,242.4185028076172,239.4499969482422,240.35499572753906,77330,2026-04-10 15:30:00+00:00
240.30250549316406,242.6999969482422,239.33999633789062,241.24000549316406,46272,2026-04-10 16:30:00+00:00
241.69000244140625,244.05999755859375,241.69000244140625,243.00999450683594,51396,2026-04-10 17:30:00+00:00
243.49000549316406,244.13800048828125,242.97999572753906,243.73500061035156,52258,2026-04-10 18:30:00+00:00
243.22000122070312,243.22000122070312,241.4600067138672,241.4600067138672,101458,2026-04-10 19:30:00+00:00
241.52000427246094,246.9600067138672,240.1699981689453,246.3699951171875,193404,2026-04-13 13:30:00+00:00
246.5,250.43499755859375,245.60499572753906,250.1199951171875,112930,2026-04-13 14:30:00+00:00
249.9499969482422,254.5399932861328,248.92999267578125,254.5399932861328,138275,2026-04-13 15:30:00+00:00
254.24000549316406,255.8699951171875,253.91000366210938,255.41000366210938,135979,2026-04-13 16:30:00+00:00
255.60499572753906,257.55499267578125,254.5800018310547,256.7799987792969,153479,2026-04-13 17:30:00+00:00
256.8949890136719,257.5,255.8300018310547,256.2300109863281,172467,2026-04-13 18:30:00+00:00
256.2799987792969,258.8699035644531,255.85000610351562,257.2099914550781,372746,2026-04-13 19:30:00+00:00
260.010009765625,260.010009765625,242.0,252.36000061035156,281534,2026-04-14 13:30:00+00:00
251.90499877929688,255.9698944091797,250.32000732421875,252.95249938964844,89982,2026-04-14 14:30:00+00:00
252.5,253.30999755859375,250.02000427246094,252.60000610351562,68572,2026-04-14 15:30:00+00:00
252.47999572753906,254.91000366210938,249.82000732421875,253.47000122070312,93253,2026-04-14 16:30:00+00:00
253.38999938964844,254.25650024414062,250.86000061035156,253.11000061035156,65784,2026-04-14 17:30:00+00:00
253.2899932861328,254.83250427246094,252.97999572753906,254.52000427246094,72660,2026-04-14 18:30:00+00:00
254.26499938964844,254.8800048828125,253.22999572753906,253.57000732421875,159603,2026-04-14 19:30:00+00:00
250.92999267578125,252.25,240.0,246.0,191624,2026-04-15 13:30:00+00:00
245.3000030517578,246.6300048828125,240.8000030517578,241.5399932861328,92506,2026-04-15 14:30:00+00:00
240.87399291992188,243.55999755859375,235.11000061035156,235.11000061035156,169425,2026-04-15 15:30:00+00:00
235.17999267578125,237.25990295410156,232.86000061035156,233.59500122070312,145045,2026-04-15 16:30:00+00:00
233.33999633789062,236.60150146484375,232.2100067138672,235.36000061035156,179291,2026-04-15 17:30:00+00:00
235.35000610351562,239.98500061035156,234.75,239.5,124088,2026-04-15 18:30:00+00:00
239.58999633789062,239.58999633789062,236.4250030517578,237.9499969482422,196888,2026-04-15 19:30:00+00:00
237.72999572753906,242.25999450683594,235.83999633789062,237.21499633789062,127124,2026-04-16 13:30:00+00:00
236.6300048828125,236.97000122070312,233.92999267578125,236.0850067138672,104131,2026-04-16 14:30:00+00:00
236.22000122070312,236.83999633789062,234.60000610351562,234.77999877929688,120076,2026-04-16 15:30:00+00:00
234.63999938964844,236.6199951171875,232.3000030517578,232.91000366210938,88202,2026-04-16 16:30:00+00:00
233.30999755859375,234.75,232.27000427246094,233.8350067138672,57265,2026-04-16 17:30:00+00:00
233.9550018310547,234.39999389648438,232.16749572753906,233.57989501953125,83893,2026-04-16 18:30:00+00:00
233.5,235.38999938964844,232.13999938964844,234.99000549316406,143021,2026-04-16 19:30:00+00:00
245.65499877929688,248.30999755859375,236.00999450683594,241.85000610351562,205866,2026-04-17 13:30:00+00:00
242.0,244.60499572753906,240.85000610351562,242.8719940185547,115036,2026-04-17 14:30:00+00:00
242.8699951171875,247.22999572753906,242.02000427246094,246.3699951171875,152433,2026-04-17 15:30:00+00:00
246.91000366210938,247.4499969482422,243.22999572753906,243.25,74285,2026-04-17 16:30:00+00:00
243.69000244140625,244.4250030517578,242.5,242.9499969482422,90667,2026-04-17 17:30:00+00:00
243.16000366210938,244.052001953125,241.27000427246094,241.8300018310547,78249,2026-04-17 18:30:00+00:00
241.7899932861328,244.03500366210938,240.8300018310547,243.89999389648438,165645,2026-04-17 19:30:00+00:00
243.75999450683594,245.58990478515625,240.00010681152344,243.8699951171875,77854,2026-04-20 13:30:00+00:00
243.44000244140625,247.91000366210938,243.11500549316406,247.40499877929688,95241,2026-04-20 14:30:00+00:00
247.4499969482422,248.25999450683594,245.30999755859375,247.41000366210938,73035,2026-04-20 15:30:00+00:00
247.69000244140625,248.16000366210938,245.55999755859375,246.7899932861328,57952,2026-04-20 16:30:00+00:00
246.7899932861328,248.2274932861328,245.99000549316406,247.68499755859375,41207,2026-04-20 17:30:00+00:00
247.66000366210938,251.06500244140625,247.40499877929688,250.3699951171875,59183,2026-04-20 18:30:00+00:00
250.27999877929688,251.80999755859375,250.0800018310547,251.72000122070312,113251,2026-04-20 19:30:00+00:00
253.50999450683594,257.3800048828125,252.0281982421875,253.24000549316406,105437,2026-04-21 13:30:00+00:00
253.52999877929688,254.35000610351562,244.66000366210938,248.18499755859375,139086,2026-04-21 14:30:00+00:00
248.57000732421875,249.0,245.76499938964844,248.80999755859375,101095,2026-04-21 15:30:00+00:00
249.2899932861328,249.2899932861328,246.00999450683594,246.46499633789062,46551,2026-04-21 16:30:00+00:00
246.02000427246094,249.3498992919922,246.02000427246094,247.60000610351562,75668,2026-04-21 17:30:00+00:00
247.77999877929688,250.64999389648438,247.13999938964844,250.28500366210938,49429,2026-04-21 18:30:00+00:00
250.2449951171875,250.5,245.92999267578125,247.41000366210938,108973,2026-04-21 19:30:00+00:00
252.00999450683594,256.79998779296875,246.56900024414062,248.25999450683594,152623,2026-04-22 13:30:00+00:00
247.6199951171875,250.51499938964844,246.0,247.4199981689453,68244,2026-04-22 14:30:00+00:00
247.4199981689453,248.44000244140625,246.0836944580078,246.3249969482422,37030,2026-04-22 15:30:00+00:00
246.0,249.5,246.0,249.13999938964844,44179,2026-04-22 16:30:00+00:00
249.42999267578125,249.75999450683594,248.16000366210938,249.55999755859375,29424,2026-04-22 17:30:00+00:00
249.23199462890625,251.0050048828125,248.68890380859375,250.41000366210938,36329,2026-04-22 18:30:00+00:00
250.00999450683594,253.27999877929688,249.36000061035156,253.14999389648438,89930,2026-04-22 19:30:00+00:00
254.57000732421875,257.8699951171875,250.89999389648438,257.0400085449219,117083,2026-04-23 13:30:00+00:00
257.7099914550781,259.3028869628906,253.99000549316406,254.72500610351562,98990,2026-04-23 14:30:00+00:00
254.72500610351562,256.6199951171875,254.0,255.6999969482422,58045,2026-04-23 15:30:00+00:00
256.5799865722656,258.92498779296875,251.4199981689453,252.22000122070312,51915,2026-04-23 16:30:00+00:00
251.61000061035156,256.6752014160156,248.22999572753906,254.5,56526,2026-04-23 17:30:00+00:00
254.7550048828125,255.14999389648438,251.10000610351562,251.33999633789062,52249,2026-04-23 18:30:00+00:00
250.57000732421875,252.03219604492188,249.47999572753906,250.44000244140625,135586,2026-04-23 19:30:00+00:00
254.5,257.59991455078125,251.0,253.90499877929688,115467,2026-04-24 13:30:00+00:00
254.71499633789062,256.79998779296875,252.85000610351562,254.44000244140625,70673,2026-04-24 14:30:00+00:00
253.60009765625,257.6000061035156,253.3800048828125,253.97000122070312,58852,2026-04-24 15:30:00+00:00
254.91000366210938,254.9199981689453,251.0,251.375,39851,2026-04-24 16:30:00+00:00
251.3699951171875,252.97999572753906,250.23330688476562,251.3699951171875,29459,2026-04-24 17:30:00+00:00
251.4600067138672,252.5399932861328,250.89999389648438,251.60000610351562,40204,2026-04-24 18:30:00+00:00
251.67999267578125,252.22999572753906,250.22000122070312,251.32000732421875,84706,2026-04-24 19:30:00+00:00
252.67999267578125,254.0,240.9199981689453,244.3300018310547,159661,2026-04-27 13:30:00+00:00
243.8000030517578,247.10000610351562,243.8000030517578,245.9499969482422,73185,2026-04-27 14:30:00+00:00
245.5225067138672,246.77000427246094,243.75999450683594,243.9250030517578,52717,2026-04-27 15:30:00+00:00
244.375,246.3300018310547,244.0,246.0500030517578,58707,2026-04-27 16:30:00+00:00
245.625,247.7100067138672,245.0749969482422,246.875,63251,2026-04-27 17:30:00+00:00
246.6425018310547,248.3300018310547,245.17999267578125,245.6699981689453,112784,2026-04-27 18:30:00+00:00
245.38999938964844,246.10000610351562,242.41000366210938,244.97999572753906,166982,2026-04-27 19:30:00+00:00
241.88999938964844,244.08999633789062,232.53500366210938,232.53500366210938,256491,2026-04-28 13:30:00+00:00
232.85000610351562,233.42999267578125,227.3800048828125,229.0,237742,2026-04-28 14:30:00+00:00
229.0399932861328,231.36000061035156,227.38870239257812,230.47500610351562,86761,2026-04-28 15:30:00+00:00
230.2100067138672,231.5749969482422,230.2100067138672,230.52499389648438,49545,2026-04-28 16:30:00+00:00
230.22999572753906,236.20989990234375,230.22999572753906,235.31500244140625,70176,2026-04-28 17:30:00+00:00
235.3300018310547,238.47000122070312,234.69009399414062,237.3699951171875,82416,2026-04-28 18:30:00+00:00
237.24000549316406,238.0,236.72120666503906,237.0800018310547,110859,2026-04-28 19:30:00+00:00
240.5399932861328,245.3000030517578,236.60499572753906,237.02499389648438,104145,2026-04-29 13:30:00+00:00
236.89999389648438,238.97999572753906,234.30999755859375,235.11000061035156,62602,2026-04-29 14:30:00+00:00
235.13999938964844,235.1699981689453,230.99000549316406,231.0,99510,2026-04-29 15:30:00+00:00
230.61500549316406,231.7550048828125,229.8249969482422,231.72999572753906,61320,2026-04-29 16:30:00+00:00
231.8800048828125,233.3303985595703,231.10000610351562,231.97999572753906,54300,2026-04-29 17:30:00+00:00
231.61000061035156,234.5,230.35000610351562,232.77000427246094,94314,2026-04-29 18:30:00+00:00
232.69000244140625,233.5399932861328,231.9499969482422,233.50999450683594,101121,2026-04-29 19:30:00+00:00
238.7899932861328,251.74000549316406,237.0850067138672,250.8800048828125,258315,2026-04-30 13:30:00+00:00
250.8800048828125,254.60989379882812,249.0,252.82000732421875,156837,2026-04-30 14:30:00+00:00
252.89999389648438,255.6999969482422,252.58999633789062,254.57000732421875,89292,2026-04-30 15:30:00+00:00
254.57000732421875,255.02499389648438,253.02000427246094,253.99000549316406,93020,2026-04-30 16:30:00+00:00
254.0399932861328,255.43499755859375,251.27999877929688,252.11000061035156,131543,2026-04-30 17:30:00+00:00
252.4199981689453,255.02999877929688,251.75010681152344,255.02999877929688,85041,2026-04-30 18:30:00+00:00
255.02999877929688,255.0399932861328,253.83999633789062,254.55999755859375,167967,2026-04-30 19:30:00+00:00
257.6499938964844,265.0,257.010009765625,261.82501220703125,153452,2026-05-01 13:30:00+00:00
261.9800109863281,262.739990234375,257.7900085449219,260.8800048828125,98055,2026-05-01 14:30:00+00:00
261.3699951171875,264.5,259.989990234375,263.42999267578125,102359,2026-05-01 15:30:00+00:00
263.05999755859375,267.9599914550781,263.05999755859375,267.0849914550781,134973,2026-05-01 16:30:00+00:00
267.0849914550781,268.30499267578125,266.510009765625,266.5950012207031,140544,2026-05-01 17:30:00+00:00
266.45001220703125,267.3800048828125,265.4949951171875,266.75,133630,2026-05-01 18:30:00+00:00
266.8800048828125,267.4494934082031,264.5299987792969,266.80999755859375,176693,2026-05-01 19:30:00+00:00
268.42999267578125,272.6050109863281,260.0000915527344,261.0,165548,2026-05-04 13:30:00+00:00
261.1700134277344,265.17999267578125,259.6199951171875,260.92999267578125,86364,2026-05-04 14:30:00+00:00
260.8800048828125,261.75,256.7043151855469,260.4849853515625,108265,2026-05-04 15:30:00+00:00
260.5799865722656,264.2799987792969,259.1700134277344,264.2799987792969,71252,2026-05-04 16:30:00+00:00
263.0,266.17999267578125,262.5400085449219,263.510009765625,69667,2026-05-04 17:30:00+00:00
263.5350036621094,265.4049987792969,262.0,262.0,81635,2026-05-04 18:30:00+00:00
262.1400146484375,262.8699951171875,259.5899963378906,259.6099853515625,157415,2026-05-04 19:30:00+00:00
264.05999755859375,276.6499938964844,263.9700012207031,273.510009765625,203479,2026-05-05 13:30:00+00:00
273.0,273.5899963378906,268.8900146484375,271.7699890136719,106621,2026-05-05 14:30:00+00:00
271.3900146484375,271.3900146484375,265.0,268.30999755859375,129142,2026-05-05 15:30:00+00:00
269.125,270.2049865722656,266.7300109863281,269.2650146484375,61952,2026-05-05 16:30:00+00:00
269.2650146484375,270.5799865722656,266.7799987792969,268.07000732421875,101853,2026-05-05 17:30:00+00:00
268.1499938964844,272.6700134277344,267.6000061035156,270.7900085449219,121116,2026-05-05 18:30:00+00:00
270.42999267578125,273.25,269.5299987792969,271.8800048828125,175155,2026-05-05 19:30:00+00:00
276.0,280.0,261.6300964355469,262.5400085449219,148199,2026-05-06 13:30:00+00:00
262.56500244140625,277.7300109863281,261.6300048828125,276.5299987792969,149109,2026-05-06 14:30:00+00:00
275.7900085449219,276.7799987792969,272.92010498046875,274.7550048828125,102425,2026-05-06 15:30:00+00:00
274.3299865722656,276.1000061035156,271.0,272.760009765625,120394,2026-05-06 16:30:00+00:00
272.79998779296875,275.1000061035156,272.6199951171875,274.7449951171875,65918,2026-05-06 17:30:00+00:00
274.75,275.2900085449219,272.29010009765625,273.7875061035156,151281,2026-05-06 18:30:00+00:00
273.54998779296875,275.2300109863281,272.7550048828125,274.1499938964844,185299,2026-05-06 19:30:00+00:00
287.29998779296875,287.29998779296875,268.67999267578125,274.1000061035156,229035,2026-05-07 13:30:00+00:00
276.0,281.1099853515625,275.5,278.5799865722656,195218,2026-05-07 14:30:00+00:00
278.67999267578125,278.67999267578125,271.3900146484375,271.92498779296875,154905,2026-05-07 15:30:00+00:00
271.9100036621094,273.32501220703125,269.1449890136719,270.0,101704,2026-05-07 16:30:00+00:00
269.32000732421875,273.1199951171875,268.9949951171875,270.57000732421875,138956,2026-05-07 17:30:00+00:00
270.739990234375,273.54998779296875,269.19000244140625,269.8800048828125,116582,2026-05-07 18:30:00+00:00
270.29998779296875,274.8900146484375,269.5,269.7699890136719,193300,2026-05-07 19:30:00+00:00
277.45001220703125,281.9949951171875,273.0,276.92498779296875,138870,2026-05-08 13:30:00+00:00
276.375,279.2699890136719,275.3900146484375,277.44000244140625,77192,2026-05-08 14:30:00+00:00
279.4798889160156,281.1400146484375,277.67999267578125,280.9150085449219,86029,2026-05-08 15:30:00+00:00
281.3399963378906,281.6199951171875,279.57501220703125,280.2799987792969,41765,2026-05-08 16:30:00+00:00
279.67999267578125,280.9768981933594,277.8299865722656,277.885009765625,52818,2026-05-08 17:30:00+00:00
277.93499755859375,278.7699890136719,275.260009765625,275.44000244140625,101250,2026-05-08 18:30:00+00:00
275.7799987792969,276.05999755859375,272.44000244140625,273.0299987792969,162209,2026-05-08 19:30:00+00:00
276.6199951171875,279.6700134277344,273.0,278.8699951171875,198531,2026-05-11 13:30:00+00:00
278.8599853515625,284.9100036621094,278.0899963378906,282.1499938964844,102779,2026-05-11 14:30:00+00:00
282.7699890136719,285.0,282.0,284.239990234375,76220,2026-05-11 15:30:00+00:00
283.95001220703125,286.04998779296875,282.8299865722656,285.0400085449219,80432,2026-05-11 16:30:00+00:00
285.1000061035156,286.9649963378906,283.75,285.5,84606,2026-05-11 17:30:00+00:00
285.8699951171875,286.7550048828125,284.0799865722656,285.19000244140625,97051,2026-05-11 18:30:00+00:00
284.8349914550781,285.6199951171875,282.7842102050781,284.8299865722656,177400,2026-05-11 19:30:00+00:00
279.7900085449219,280.6199951171875,272.9100036621094,274.7300109863281,237848,2026-05-12 13:30:00+00:00
275.239990234375,276.9176940917969,268.0,269.07000732421875,194191,2026-05-12 14:30:00+00:00
268.8900146484375,274.0299987792969,268.1499938964844,268.1499938964844,158552,2026-05-12 15:30:00+00:00
268.9800109863281,273.625,267.6600036621094,272.44000244140625,67356,2026-05-12 16:30:00+00:00
272.69000244140625,273.5,271.79998779296875,272.7850036621094,90803,2026-05-12 17:30:00+00:00
272.739990234375,276.2099914550781,272.0799865722656,275.17999267578125,97515,2026-05-12 18:30:00+00:00
275.55999755859375,277.19000244140625,274.6199951171875,276.0199890136719,149731,2026-05-12 19:30:00+00:00
280.2900085449219,280.79998779296875,270.0,279.6499938964844,121064,2026-05-13 13:30:00+00:00
279.92999267578125,282.5799865722656,279.1225891113281,282.1700134277344,80235,2026-05-13 14:30:00+00:00
282.0299987792969,285.92999267578125,281.7300109863281,285.18499755859375,90522,2026-05-13 15:30:00+00:00
285.05499267578125,285.4336853027344,282.7850036621094,285.4336853027344,73136,2026-05-13 16:30:00+00:00
285.260009765625,287.1499938964844,284.7650146484375,285.94000244140625,47939,2026-05-13 17:30:00+00:00
285.5299987792969,285.80499267578125,281.82501220703125,283.3999938964844,157937,2026-05-13 18:30:00+00:00
283.4800109863281,283.4800109863281,279.1199951171875,279.20001220703125,108702,2026-05-13 19:30:00+00:00
281.010009765625,287.0,279.5,280.43499755859375,230160,2026-05-14 13:30:00+00:00
279.989990234375,286.0150146484375,278.0,283.4100036621094,98808,2026-05-14 14:30:00+00:00
283.95001220703125,290.0299987792969,283.0299987792969,288.5299987792969,92589,2026-05-14 15:30:00+00:00
288.375,292.69000244140625,287.3900146484375,289.5450134277344,90127,2026-05-14 16:30:00+00:00
289.5450134277344,294.05499267578125,289.0,291.7799987792969,121302,2026-05-14 17:30:00+00:00
291.7850036621094,293.8900146484375,290.57501220703125,292.0199890136719,145919,2026-05-14 18:30:00+00:00
292.0199890136719,293.6600036621094,291.3699951171875,292.5400085449219,158232,2026-05-14 19:30:00+00:00
282.135009765625,283.8299865722656,266.30999755859375,277.0849914550781,374835,2026-05-15 13:30:00+00:00
277.32501220703125,278.614990234375,272.2900085449219,275.6300048828125,132125,2026-05-15 14:30:00+00:00
276.0,276.9049987792969,273.1499938964844,275.3999938964844,100298,2026-05-15 15:30:00+00:00
275.3999938964844,277.84100341796875,273.69000244140625,276.45001220703125,90275,2026-05-15 16:30:00+00:00
276.44500732421875,278.6319885253906,275.29998779296875,275.3599853515625,86999,2026-05-15 17:30:00+00:00
275.05999755859375,275.7900085449219,273.2099914550781,273.9700012207031,138819,2026-05-15 18:30:00+00:00
273.9700012207031,275.1400146484375,271.25,271.2900085449219,195758,2026-05-15 19:30:00+00:00
272.54998779296875,272.54998779296875,253.91000366210938,254.4550018310547,273265,2026-05-18 13:30:00+00:00
254.4550018310547,257.3500061035156,248.0399932861328,248.89500427246094,335280,2026-05-18 14:30:00+00:00
248.89500427246094,250.50999450683594,245.7100067138672,245.7100067138672,190867,2026-05-18 15:30:00+00:00
246.10499572753906,249.0299072265625,245.72000122070312,248.27999877929688,116239,2026-05-18 16:30:00+00:00
248.24000549316406,249.02999877929688,243.22000122070312,245.02999877929688,125842,2026-05-18 17:30:00+00:00
245.17999267578125,249.64999389648438,242.82000732421875,246.60000610351562,162512,2026-05-18 18:30:00+00:00
246.50999450683594,248.7899932861328,245.74009704589844,247.1300048828125,228656,2026-05-18 19:30:00+00:00
237.83999633789062,243.75999450683594,232.3101043701172,236.50999450683594,278847,2026-05-19 13:30:00+00:00
237.4250030517578,239.7100067138672,233.94500732421875,238.5449981689453,178093,2026-05-19 14:30:00+00:00
238.60000610351562,241.7100067138672,238.4499969482422,240.6999969482422,132764,2026-05-19 15:30:00+00:00
240.97999572753906,245.29600524902344,240.42999267578125,243.218994140625,104531,2026-05-19 16:30:00+00:00
243.22000122070312,243.36000061035156,239.21499633789062,239.9199981689453,199659,2026-05-19 17:30:00+00:00
239.6999969482422,242.36000061035156,238.00950622558594,240.35000610351562,130332,2026-05-19 18:30:00+00:00
240.9720001220703,244.5399932861328,239.97000122070312,244.25,299484,2026-05-19 19:30:00+00:00
252.02999877929688,254.5800018310547,245.2100067138672,252.3636016845703,151636,2026-05-20 13:30:00+00:00
253.55999755859375,257.6400146484375,251.8988037109375,256.06500244140625,112500,2026-05-20 14:30:00+00:00
256.489990234375,259.8500061035156,254.3699951171875,255.22999572753906,134647,2026-05-20 15:30:00+00:00
256.1199951171875,259.1099853515625,256.1199951171875,257.9750061035156,67150,2026-05-20 16:30:00+00:00
258.1300048828125,258.1300048828125,255.0,255.52000427246094,101348,2026-05-20 17:30:00+00:00
255.72000122070312,256.79998779296875,253.66000366210938,255.75,76904,2026-05-20 18:30:00+00:00
255.63999938964844,257.5003967285156,254.1649932861328,257.3699951171875,133476,2026-05-20 19:30:00+00:00
268.0,268.0,253.0,255.77000427246094,133549,2026-05-21 13:30:00+00:00
255.77000427246094,257.2049865722656,252.0,253.02000427246094,90865,2026-05-21 14:30:00+00:00
252.0,254.5,251.16009521484375,252.32000732421875,70640,2026-05-21 15:30:00+00:00
252.76499938964844,258.19000244140625,251.23800659179688,256.4700012207031,65355,2026-05-21 16:30:00+00:00
256.5150146484375,259.2900085449219,256.2099914550781,257.80999755859375,68952,2026-05-21 17:30:00+00:00
257.92999267578125,258.2900085449219,253.80999755859375,256.4649963378906,158538,2026-05-21 18:30:00+00:00
256.2799987792969,257.09991455078125,249.38999938964844,250.0,349660,2026-05-21 19:30:00+00:00
263.0,265.2699890136719,251.6199951171875,264.7200012207031,338843,2026-05-22 13:30:00+00:00
264.6300048828125,265.1300048828125,258.5450134277344,262.67999267578125,274136,2026-05-22 14:30:00+00:00
262.7300109863281,264.5849914550781,260.7300109863281,262.9667053222656,170483,2026-05-22 15:30:00+00:00
263.739990234375,267.2300109863281,263.010009765625,267.2300109863281,81060,2026-05-22 16:30:00+00:00
268.0,268.0,264.385009765625,265.3999938964844,96017,2026-05-22 17:30:00+00:00
264.6400146484375,265.8800048828125,262.82000732421875,263.3299865722656,92587,2026-05-22 18:30:00+00:00
263.3374938964844,263.8900146484375,260.55999755859375,260.5899963378906,188960,2026-05-22 19:30:00+00:00
306.9700012207031,323.25,306.9200134277344,314.5199890136719,1279812,2026-05-26 13:30:00+00:00
313.9849853515625,322.0,309.010009765625,310.3599853515625,437360,2026-05-26 14:30:00+00:00
311.2099914550781,311.2099914550781,301.010009765625,304.1400146484375,504075,2026-05-26 15:30:00+00:00
303.7200012207031,305.0,300.0199890136719,302.93499755859375,221614,2026-05-26 16:30:00+00:00
303.510009765625,306.57000732421875,303.20001220703125,305.4750061035156,151314,2026-05-26 17:30:00+00:00
305.4200134277344,306.0,299.0899963378906,300.74560546875,304222,2026-05-26 18:30:00+00:00
300.54998779296875,302.9100036621094,294.29998779296875,295.29998779296875,427851,2026-05-26 19:30:00+00:00
301.6000061035156,314.29998779296875,285.0400085449219,286.7074890136719,689723,2026-05-27 13:30:00+00:00
285.29998779296875,287.20001220703125,267.0,277.30499267578125,589435,2026-05-27 14:30:00+00:00
277.82000732421875,279.26580810546875,272.3699951171875,274.8900146484375,250959,2026-05-27 15:30:00+00:00
274.1700134277344,281.9599914550781,274.0150146484375,280.0,166440,2026-05-27 16:30:00+00:00
280.0,281.7099914550781,272.5249938964844,277.5899963378906,171209,2026-05-27 17:30:00+00:00
277.67999267578125,280.9700012207031,275.510009765625,277.3900146484375,208517,2026-05-27 18:30:00+00:00
276.8399963378906,280.70001220703125,274.8949890136719,280.4649963378906,364348,2026-05-27 19:30:00+00:00
282.1000061035156,282.1199951171875,257.239990234375,269.18499755859375,428088,2026-05-28 13:30:00+00:00
269.67999267578125,273.2117919921875,265.6300048828125,272.6265869140625,231206,2026-05-28 14:30:00+00:00
272.260009765625,276.2950134277344,272.19000244140625,273.2120056152344,170319,2026-05-28 15:30:00+00:00
273.4599914550781,273.872314453125,270.7900085449219,272.19000244140625,139614,2026-05-28 16:30:00+00:00
272.4111022949219,274.79998779296875,272.0400085449219,274.4800109863281,100205,2026-05-28 17:30:00+00:00
274.4525146484375,276.0199890136719,273.0,273.32000732421875,144142,2026-05-28 18:30:00+00:00
273.32000732421875,274.0,270.489990234375,270.6499938964844,279115,2026-05-28 19:30:00+00:00
270.80999755859375,281.20001220703125,268.06781005859375,271.2950134277344,351551,2026-05-29 13:30:00+00:00
271.29998779296875,273.9599914550781,268.0199890136719,272.9800109863281,191417,2026-05-29 14:30:00+00:00
272.8999938964844,277.6700134277344,271.79998779296875,275.8900146484375,185909,2026-05-29 15:30:00+00:00
275.82000732421875,276.7099914550781,272.6099853515625,276.69000244140625,129688,2026-05-29 16:30:00+00:00
276.6600036621094,276.6600036621094,274.4100036621094,274.9700012207031,98129,2026-05-29 17:30:00+00:00
274.5299987792969,279.0299987792969,274.5299987792969,279.0249938964844,126423,2026-05-29 18:30:00+00:00
279.0249938964844,282.80999755859375,278.6449890136719,279.3999938964844,329044,2026-05-29 19:30:00+00:00
279.4599914550781,293.0,273.0,288.7349853515625,385186,2026-06-01 13:30:00+00:00
288.67498779296875,291.29998779296875,284.17999267578125,287.239990234375,245900,2026-06-01 14:30:00+00:00
286.8450012207031,292.2349853515625,286.75,290.5799865722656,218077,2026-06-01 15:30:00+00:00
290.6000061035156,294.7300109863281,290.54998779296875,292.55999755859375,147136,2026-06-01 16:30:00+00:00
292.2200012207031,297.2699890136719,291.79998779296875,297.2699890136719,122059,2026-06-01 17:30:00+00:00
296.9150085449219,297.54998779296875,293.2001037597656,294.5,190146,2026-06-01 18:30:00+00:00
294.29998779296875,294.9800109863281,287.3999938964844,288.44000244140625,222398,2026-06-01 19:30:00+00:00
294.8500061035156,299.7449951171875,290.6499938964844,297.8169860839844,223349,2026-06-02 13:30:00+00:00
298.0675048828125,305.5,298.0675048828125,303.875,152501,2026-06-02 14:30:00+00:00
303.54998779296875,306.5,302.6700134277344,303.0091857910156,99332,2026-06-02 15:30:00+00:00
302.87249755859375,303.5199890136719,300.64599609375,301.6300048828125,62164,2026-06-02 16:30:00+00:00
301.6300048828125,304.69000244140625,301.4100036621094,304.4700012207031,74827,2026-06-02 17:30:00+00:00
304.55999755859375,305.5599060058594,303.32501220703125,304.9949951171875,89421,2026-06-02 18:30:00+00:00
304.7099914550781,307.4100036621094,304.17999267578125,306.8900146484375,188134,2026-06-02 19:30:00+00:00
307.0299987792969,312.4775085449219,300.5,312.1650085449219,240827,2026-06-03 13:30:00+00:00
312.1650085449219,318.6099853515625,311.6499938964844,313.0,140202,2026-06-03 14:30:00+00:00
313.4100036621094,313.5400085449219,304.20001220703125,304.8999938964844,130511,2026-06-03 15:30:00+00:00
304.8599853515625,306.7499084472656,303.010009765625,303.6300048828125,109301,2026-06-03 16:30:00+00:00
303.44500732421875,305.09698486328125,301.66650390625,302.010009765625,81851,2026-06-03 17:30:00+00:00
302.114990234375,302.114990234375,299.010009765625,300.42999267578125,150664,2026-06-03 18:30:00+00:00
300.7650146484375,301.989990234375,297.5050048828125,301.489990234375,236119,2026-06-03 19:30:00+00:00
287.4200134277344,292.2300109863281,282.1499938964844,290.75,240060,2026-06-04 13:30:00+00:00
290.8381042480469,294.0,289.19000244140625,292.989990234375,178605,2026-06-04 14:30:00+00:00
292.7900085449219,295.5,291.010009765625,294.9049987792969,139348,2026-06-04 15:30:00+00:00
294.3299865722656,296.9750061035156,293.19000244140625,296.7850036621094,80588,2026-06-04 16:30:00+00:00
297.3299865722656,300.7200012207031,296.9679870605469,300.3450012207031,59701,2026-06-04 17:30:00+00:00
300.3450012207031,302.7799987792969,298.0,302.6199951171875,96746,2026-06-04 18:30:00+00:00
302.7850036621094,304.80499267578125,300.260009765625,301.010009765625,167321,2026-06-04 19:30:00+00:00
288.70001220703125,291.9519958496094,280.7300109863281,283.7550048828125,205300,2026-06-05 13:30:00+00:00
284.510009765625,287.6400146484375,282.2699890136719,283.2699890136719,90530,2026-06-05 14:30:00+00:00
283.6050109863281,284.30499267578125,279.3900146484375,279.92498779296875,108341,2026-06-05 15:30:00+00:00
279.82000732421875,280.5899963378906,275.8500061035156,279.2650146484375,154828,2026-06-05 16:30:00+00:00
279.31500244140625,279.67498779296875,275.8699951171875,276.114013671875,121910,2026-06-05 17:30:00+00:00
275.7799987792969,277.82989501953125,273.0,277.5899963378906,125801,2026-06-05 18:30:00+00:00
277.2099914550781,279.5299987792969,275.7204895019531,276.4200134277344,173396,2026-06-05 19:30:00+00:00
283.9100036621094,285.0,275.4100036621094,282.0150146484375,165650,2026-06-08 13:30:00+00:00
282.9800109863281,284.8999938964844,281.0899963378906,281.30999755859375,106527,2026-06-08 14:30:00+00:00
281.04998779296875,281.9800109863281,277.3500061035156,277.68499755859375,68503,2026-06-08 15:30:00+00:00
276.8699951171875,276.8800048828125,273.8399963378906,273.8399963378906,78564,2026-06-08 16:30:00+00:00
274.6000061035156,274.95989990234375,271.6217956542969,274.57000732421875,69759,2026-06-08 17:30:00+00:00
274.95001220703125,276.70001220703125,272.32000732421875,276.0299987792969,112383,2026-06-08 18:30:00+00:00
275.9549865722656,276.760009765625,274.4200134277344,275.2200012207031,182123,2026-06-08 19:30:00+00:00
280.7300109863281,291.2300109863281,280.67999267578125,283.739990234375,271719,2026-06-09 13:30:00+00:00
282.9200134277344,284.70001220703125,271.6199951171875,271.8399963378906,135963,2026-06-09 14:30:00+00:00
271.1600036621094,274.8900146484375,266.010009765625,268.8699951171875,176248,2026-06-09 15:30:00+00:00
267.5799865722656,272.2900085449219,261.0,269.92999267578125,176487,2026-06-09 16:30:00+00:00
268.94000244140625,273.0199890136719,268.1300048828125,272.364990234375,119181,2026-06-09 17:30:00+00:00
273.0199890136719,275.25,272.0450134277344,273.2550048828125,67587,2026-06-09 18:30:00+00:00
273.3450012207031,279.2449951171875,273.3450012207031,278.5,178291,2026-06-09 19:30:00+00:00
274.010009765625,276.5799865722656,266.1449890136719,266.2650146484375,158324,2026-06-10 13:30:00+00:00
266.2650146484375,269.9100036621094,255.5,257.1400146484375,223674,2026-06-10 14:30:00+00:00
257.2250061035156,258.489990234375,253.44000244140625,257.79998779296875,176456,2026-06-10 15:30:00+00:00
257.9800109863281,259.8599853515625,256.3599853515625,257.17498779296875,91268,2026-06-10 16:30:00+00:00
257.1099853515625,260.5299987792969,255.80999755859375,256.69000244140625,102218,2026-06-10 17:30:00+00:00
256.8550109863281,256.8550109863281,251.3800048828125,252.16000366210938,155832,2026-06-10 18:30:00+00:00
251.97500610351562,258.94000244140625,251.7899932861328,258.17999267578125,306437,2026-06-10 19:30:00+00:00
269.3699951171875,271.92999267578125,258.4800109863281,262.239990234375,214263,2026-06-11 13:30:00+00:00
262.5950012207031,263.20001220703125,255.74000549316406,257.590087890625,194248,2026-06-11 14:30:00+00:00
257.590087890625,259.17999267578125,256.0,257.43499755859375,76839,2026-06-11 15:30:00+00:00
256.4100036621094,263.5199890136719,256.07000732421875,263.5199890136719,101159,2026-06-11 16:30:00+00:00
266.0,268.3999938964844,263.1600036621094,265.69000244140625,164906,2026-06-11 17:30:00+00:00
265.69000244140625,268.71990966796875,265.2900085449219,267.79998779296875,122339,2026-06-11 18:30:00+00:00
267.69000244140625,273.260009765625,267.69000244140625,271.6199951171875,221925,2026-06-11 19:30:00+00:00
273.80999755859375,276.8297119140625,267.1700134277344,272.0,167678,2026-06-12 13:30:00+00:00
273.1700134277344,273.989990234375,268.0,272.7699890136719,109576,2026-06-12 14:30:00+00:00
272.4949951171875,273.04998779296875,265.510009765625,269.9800109863281,129531,2026-06-12 15:30:00+00:00
269.25,270.05999755859375,266.6549987792969,268.9949951171875,152759,2026-06-12 16:30:00+00:00
269.0,272.0299987792969,267.32000732421875,271.2099914550781,130100,2026-06-12 17:30:00+00:00
271.07000732421875,272.3550109863281,269.8800048828125,271.4949951171875,104536,2026-06-12 18:30:00+00:00
271.489990234375,274.510009765625,269.68499755859375,274.5,277451,2026-06-12 19:30:00+00:00
284.5,291.7449951171875,280.010009765625,283.35150146484375,162374,2026-06-15 13:30:00+00:00
283.0950012207031,285.3500061035156,278.739990234375,281.63751220703125,150492,2026-06-15 14:30:00+00:00
281.57501220703125,285.7900085449219,281.41009521484375,285.1499938964844,102468,2026-06-15 15:30:00+00:00
285.5299987792969,288.8599853515625,284.8500061035156,287.9700012207031,82769,2026-06-15 16:30:00+00:00
288.3599853515625,290.0899963378906,287.6449890136719,289.364990234375,105822,2026-06-15 17:30:00+00:00
289.17999267578125,290.79998779296875,286.2900085449219,286.2900085449219,154788,2026-06-15 18:30:00+00:00
286.30499267578125,288.8949890136719,285.75,285.80999755859375,232601,2026-06-15 19:30:00+00:00
288.7900085449219,298.4200134277344,283.25830078125,294.489990234375,197206,2026-06-16 13:30:00+00:00
294.4750061035156,295.5,289.2300109863281,290.260009765625,130787,2026-06-16 14:30:00+00:00
290.6300048828125,292.34100341796875,287.42999267578125,287.6650085449219,93319,2026-06-16 15:30:00+00:00
287.6650085449219,288.79998779296875,284.5801086425781,288.2300109863281,105215,2026-06-16 16:30:00+00:00
288.2799987792969,289.2300109863281,285.8450012207031,288.17999267578125,124482,2026-06-16 17:30:00+00:00
288.2900085449219,288.29998779296875,286.0400085449219,287.5450134277344,90963,2026-06-16 18:30:00+00:00
287.5675048828125,288.739990234375,284.70001220703125,284.9599914550781,176273,2026-06-16 19:30:00+00:00
288.20001220703125,294.8399963378906,288.19500732421875,292.6700134277344,116805,2026-06-17 13:30:00+00:00
292.45001220703125,294.1199951171875,289.37249755859375,294.0799865722656,106165,2026-06-17 14:30:00+00:00
294.2099914550781,294.75,292.2699890136719,292.989990234375,76652,2026-06-17 15:30:00+00:00
293.0,293.0299987792969,286.95001220703125,288.07000732421875,130660,2026-06-17 16:30:00+00:00
287.67999267578125,287.864990234375,281.5400085449219,284.67999267578125,203218,2026-06-17 17:30:00+00:00
284.80499267578125,290.510009765625,284.2099914550781,286.9150085449219,207061,2026-06-17 18:30:00+00:00
286.885009765625,288.3699951171875,280.6741943359375,283.8900146484375,341769,2026-06-17 19:30:00+00:00
291.80999755859375,302.989990234375,284.42999267578125,293.7099914550781,300872,2026-06-18 13:30:00+00:00
293.7699890136719,297.4100036621094,292.8450012207031,293.68499755859375,165668,2026-06-18 14:30:00+00:00
294.489990234375,295.9700012207031,292.3100891113281,293.7149963378906,103370,2026-06-18 15:30:00+00:00
293.7099914550781,297.2099914550781,292.79998779296875,294.3800048828125,103855,2026-06-18 16:30:00+00:00
294.6000061035156,295.0199890136719,292.8599853515625,294.3500061035156,72742,2026-06-18 17:30:00+00:00
294.32501220703125,294.8599853515625,291.42498779296875,292.8450012207031,131602,2026-06-18 18:30:00+00:00
292.8450012207031,298.0400085449219,291.5299987792969,296.82000732421875,290847,2026-06-18 19:30:00+00:00
294.25,295.18499755859375,285.0,286.05999755859375,202575,2026-06-22 13:30:00+00:00
286.05499267578125,291.6400146484375,285.9599914550781,287.8800048828125,140783,2026-06-22 14:30:00+00:00
287.8800048828125,288.79998779296875,284.2099914550781,288.79998779296875,188277,2026-06-22 15:30:00+00:00
288.4599914550781,291.1700134277344,287.79998779296875,289.2900085449219,132257,2026-06-22 16:30:00+00:00
289.2650146484375,291.8800048828125,289.0,289.010009765625,174873,2026-06-22 17:30:00+00:00
289.5299987792969,292.6098937988281,289.010009765625,292.602294921875,195687,2026-06-22 18:30:00+00:00
292.6099853515625,296.04998779296875,290.5,296.04998779296875,196979,2026-06-22 19:30:00+00:00
280.4100036621094,288.9999084472656,270.0,285.81500244140625,327785,2026-06-23 13:30:00+00:00
285.8525085449219,286.6299133300781,276.67999267578125,277.0400085449219,169777,2026-06-23 14:30:00+00:00
277.2799987792969,284.510009765625,276.7749938964844,283.2349853515625,226668,2026-06-23 15:30:00+00:00
283.1499938964844,283.26220703125,279.2250061035156,281.8599853515625,181368,2026-06-23 16:30:00+00:00
281.7799987792969,281.9800109863281,276.6099853515625,276.6099853515625,151469,2026-06-23 17:30:00+00:00
276.30999755859375,276.8450012207031,273.55010986328125,275.4700012207031,120204,2026-06-23 18:30:00+00:00
275.6650085449219,279.1199951171875,275.19500732421875,277.29998779296875,194138,2026-06-23 19:30:00+00:00
277.5299987792969,285.0,274.5849914550781,279.7950134277344,208881,2026-06-24 13:30:00+00:00
279.4100036621094,288.5,279.2900085449219,287.0400085449219,127053,2026-06-24 14:30:00+00:00
287.4700012207031,288.54998779296875,284.260009765625,285.0199890136719,104085,2026-06-24 15:30:00+00:00
284.989990234375,284.989990234375,277.55999755859375,277.55999755859375,80534,2026-06-24 16:30:00+00:00
277.95001220703125,279.510009765625,276.69000244140625,278.9849853515625,106604,2026-06-24 17:30:00+00:00
278.9849853515625,279.3900146484375,273.32000732421875,275.0899963378906,195988,2026-06-24 18:30:00+00:00
275.0799865722656,276.739990234375,272.4150085449219,276.489990234375,260963,2026-06-24 19:30:00+00:00
286.510009765625,292.88958740234375,277.3999938964844,286.8399963378906,202866,2026-06-25 13:30:00+00:00
286.8500061035156,292.8699951171875,281.739990234375,281.739990234375,121105,2026-06-25 14:30:00+00:00
281.7449951171875,286.9100036621094,280.6099853515625,286.54998779296875,90621,2026-06-25 15:30:00+00:00
286.489990234375,291.4999084472656,285.2300109863281,289.4200134277344,100378,2026-06-25 16:30:00+00:00
289.4949951171875,290.80999755859375,286.2300109863281,287.95001220703125,142329,2026-06-25 17:30:00+00:00
286.75,287.6300048828125,281.2950134277344,285.5299987792969,168946,2026-06-25 18:30:00+00:00
285.5299987792969,286.989990234375,281.3599853515625,283.7699890136719,347184,2026-06-25 19:30:00+00:00
275.1499938964844,278.0,266.489990234375,275.3399963378906,195726,2026-06-26 13:30:00+00:00
276.4175109863281,277.0899963378906,265.2799987792969,266.7250061035156,179973,2026-06-26 14:30:00+00:00
266.7250061035156,269.6099853515625,265.9700012207031,267.25,269094,2026-06-26 15:30:00+00:00
267.5249938964844,272.2799987792969,267.5249938964844,268.7650146484375,131013,2026-06-26 16:30:00+00:00
268.760009765625,268.9100036621094,265.3399963378906,266.9224853515625,157643,2026-06-26 17:30:00+00:00
266.9150085449219,267.9599914550781,261.0,262.82000732421875,282478,2026-06-26 18:30:00+00:00
262.5799865722656,262.8900146484375,252.0399932861328,255.7100067138672,950280,2026-06-26 19:30:00+00:00
246.3000030517578,258.30999755859375,244.0,254.80999755859375,371749,2026-06-29 13:30:00+00:00
255.0,256.239990234375,248.93499755859375,250.36000061035156,172349,2026-06-29 14:30:00+00:00
250.38999938964844,257.4837951660156,249.97450256347656,255.9199981689453,149821,2026-06-29 15:30:00+00:00
256.0450134277344,257.3399963378906,253.83999633789062,256.7749938964844,114954,2026-06-29 16:30:00+00:00
256.4949951171875,257.1449890136719,252.6699981689453,253.6300048828125,194417,2026-06-29 17:30:00+00:00
253.75,256.1600036621094,252.52999877929688,254.31500244140625,139282,2026-06-29 18:30:00+00:00
254.14999389648438,256.9599914550781,253.41000366210938,256.0799865722656,201928,2026-06-29 19:30:00+00:00
258.7300109863281,266.43499755859375,256.3299865722656,266.19000244140625,191235,2026-06-30 13:30:00+00:00
266.2799987792969,266.9599914550781,263.239990234375,266.4049987792969,134189,2026-06-30 14:30:00+00:00
266.4049987792969,266.4150085449219,263.4700012207031,264.1300048828125,139805,2026-06-30 15:30:00+00:00
264.1099853515625,266.3599853515625,263.5199890136719,264.7349853515625,159219,2026-06-30 16:30:00+00:00
264.8599853515625,266.8999938964844,264.7699890136719,266.135009765625,142015,2026-06-30 17:30:00+00:00
266.135009765625,267.9200134277344,264.989990234375,265.8450012207031,146304,2026-06-30 18:30:00+00:00
265.885009765625,268.02899169921875,265.6700134277344,266.9800109863281,210602,2026-06-30 19:30:00+00:00
255.9600067138672,259.5050048828125,247.6649932861328,255.5399932861328,368400,2026-07-01 13:30:00+00:00
255.65499877929688,255.65499877929688,248.00999450683594,252.74000549316406,157774,2026-07-01 14:30:00+00:00
252.22000122070312,255.9600067138672,251.8699951171875,254.1999969482422,156235,2026-07-01 15:30:00+00:00
254.22250366210938,254.39999389648438,248.8800048828125,249.5050048828125,113230,2026-07-01 16:30:00+00:00
249.60000610351562,250.60000610351562,247.80499267578125,247.80499267578125,175337,2026-07-01 17:30:00+00:00
247.80499267578125,249.5500030517578,246.83999633789062,248.60000610351562,197544,2026-07-01 18:30:00+00:00
248.63999938964844,248.64999389648438,244.28500366210938,244.42999267578125,237788,2026-07-01 19:30:00+00:00
246.5,252.73300170898438,244.0,247.53500366210938,254290,2026-07-02 13:30:00+00:00
247.27000427246094,247.97000122070312,238.38499450683594,239.6999969482422,155768,2026-07-02 14:30:00+00:00
239.22000122070312,243.0500030517578,234.33749389648438,234.47500610351562,162669,2026-07-02 15:30:00+00:00
234.4550018310547,234.4550018310547,228.00999450683594,228.8300018310547,236225,2026-07-02 16:30:00+00:00
228.8300018310547,229.35000610351562,225.19000244140625,227.55499267578125,222148,2026-07-02 17:30:00+00:00
227.85000610351562,229.47999572753906,226.55999755859375,227.5449981689453,237333,2026-07-02 18:30:00+00:00
227.4199981689453,231.55999755859375,227.125,231.27000427246094,365429,2026-07-02 19:30:00+00:00
240.66000366210938,243.5399932861328,237.0,240.32000732421875,184129,2026-07-06 13:30:00+00:00
240.60000610351562,243.0399932861328,237.5050048828125,238.17999267578125,204610,2026-07-06 14:30:00+00:00
237.8350067138672,238.6300048828125,235.75999450683594,235.97999572753906,96361,2026-07-06 15:30:00+00:00
235.77999877929688,236.0,232.99099731445312,233.875,95334,2026-07-06 16:30:00+00:00
233.50999450683594,235.1300048828125,232.67999267578125,233.52999877929688,108512,2026-07-06 17:30:00+00:00
233.42999267578125,233.47000122070312,231.35000610351562,232.75,111716,2026-07-06 18:30:00+00:00
232.69000244140625,235.5500030517578,232.64999389648438,235.33999633789062,216675,2026-07-06 19:30:00+00:00
227.0800018310547,230.0,218.25,219.41000366210938,214706,2026-07-07 13:30:00+00:00
219.92999267578125,223.875,215.7801055908203,223.4499969482422,258187,2026-07-07 14:30:00+00:00
223.4499969482422,230.4949951171875,222.77999877929688,230.1699981689453,300791,2026-07-07 15:30:00+00:00
229.95750427246094,230.5,226.10000610351562,227.75999450683594,193254,2026-07-07 16:30:00+00:00
227.86000061035156,229.88999938964844,227.4600067138672,229.47500610351562,124254,2026-07-07 17:30:00+00:00
229.47500610351562,231.27499389648438,227.2899932861328,228.47500610351562,254181,2026-07-07 18:30:00+00:00
228.25,231.67999267578125,228.05999755859375,230.5,228269,2026-07-07 19:30:00+00:00
228.0,234.41000366210938,223.81500244140625,226.125,231902,2026-07-08 13:30:00+00:00
226.14999389648438,227.3699951171875,223.2449951171875,223.61000061035156,158042,2026-07-08 14:30:00+00:00
223.81500244140625,224.57000732421875,221.2899932861328,224.3000030517578,122256,2026-07-08 15:30:00+00:00
223.97000122070312,227.72999572753906,223.47000122070312,227.72999572753906,123249,2026-07-08 16:30:00+00:00
227.66000366210938,228.02999877929688,225.86000061035156,227.0850067138672,133871,2026-07-08 17:30:00+00:00
227.03500366210938,230.86000061035156,227.03500366210938,230.3249969482422,266417,2026-07-08 18:30:00+00:00
230.3125,236.11500549316406,229.8699951171875,235.6300048828125,450574,2026-07-08 19:30:00+00:00
241.92999267578125,248.3000030517578,240.9149932861328,244.60499572753906,185846,2026-07-09 13:30:00+00:00
245.0800018310547,248.22000122070312,243.99000549316406,247.9600067138672,146821,2026-07-09 14:30:00+00:00
247.80499267578125,249.44000244140625,246.6999969482422,247.8300018310547,189546,2026-07-09 15:30:00+00:00
248.07000732421875,248.47999572753906,246.72000122070312,247.49000549316406,173566,2026-07-09 16:30:00+00:00
247.6300048828125,248.10000610351562,245.61000061035156,246.24000549316406,89827,2026-07-09 17:30:00+00:00
245.96499633789062,247.22999572753906,242.3249969482422,242.8000030517578,137637,2026-07-09 18:30:00+00:00
242.63250732421875,244.0,241.41000366210938,243.38999938964844,264762,2026-07-09 19:30:00+00:00
239.27999877929688,241.3699951171875,235.0,239.07000732421875,121771,2026-07-10 13:30:00+00:00
239.1425018310547,240.89999389648438,236.18499755859375,240.61000061035156,104259,2026-07-10 14:30:00+00:00
240.75999450683594,242.2050018310547,239.58999633789062,242.0500030517578,54197,2026-07-10 15:30:00+00:00
241.74000549316406,243.94000244140625,241.74000549316406,242.69000244140625,45678,2026-07-10 16:30:00+00:00
242.80999755859375,245.35000610351562,242.32000732421875,244.39999389648438,83869,2026-07-10 17:30:00+00:00
244.1999969482422,245.3800048828125,242.9499969482422,245.3800048828125,119630,2026-07-10 18:30:00+00:00
245.16000366210938,247.7100067138672,244.8074951171875,245.9499969482422,212577,2026-07-10 19:30:00+00:00
245.27999877929688,245.2899932861328,236.19000244140625,242.4250030517578,223273,2026-07-13 13:30:00+00:00
242.4250030517578,242.52000427246094,239.0,240.52499389648438,76034,2026-07-13 14:30:00+00:00
240.94000244140625,241.35000610351562,236.6374969482422,237.02999877929688,59620,2026-07-13 15:30:00+00:00
237.1999969482422,237.3699951171875,235.35000610351562,235.77999877929688,67790,2026-07-13 16:30:00+00:00
235.7449951171875,236.8699951171875,234.00999450683594,234.7949981689453,103069,2026-07-13 17:30:00+00:00
234.52999877929688,236.05999755859375,234.0399932861328,234.89999389648438,94628,2026-07-13 18:30:00+00:00
234.80499267578125,235.89999389648438,233.8300018310547,234.30999755859375,198018,2026-07-13 19:30:00+00:00
237.58999633789062,247.5,227.8800048828125,233.97999572753906,193948,2026-07-14 13:30:00+00:00
234.2100067138672,235.1699981689453,230.27000427246094,233.14999389648438,103991,2026-07-14 14:30:00+00:00
232.92999267578125,233.40499877929688,228.77499389648438,229.75,92717,2026-07-14 15:30:00+00:00
229.39999389648438,229.93499755859375,228.0,228.78500366210938,128260,2026-07-14 16:30:00+00:00
228.77999877929688,233.05999755859375,227.76499938964844,232.2899932861328,183131,2026-07-14 17:30:00+00:00
232.3000030517578,232.58250427246094,228.72000122070312,229.0500030517578,181027,2026-07-14 18:30:00+00:00
228.99000549316406,230.4499969482422,227.97999572753906,229.58999633789062,305543,2026-07-14 19:30:00+00:00
230.5399932861328,231.72000122070312,223.13009643554688,225.7100067138672,238947,2026-07-15 13:30:00+00:00
226.11500549316406,228.42999267578125,224.35000610351562,226.11000061035156,99602,2026-07-15 14:30:00+00:00
225.27000427246094,227.69000244140625,222.00999450683594,223.3800048828125,128757,2026-07-15 15:30:00+00:00
223.58999633789062,228.57000732421875,222.02000427246094,228.07000732421875,146510,2026-07-15 16:30:00+00:00
228.16000366210938,231.97999572753906,228.02000427246094,230.5050048828125,166585,2026-07-15 17:30:00+00:00
230.39500427246094,231.53500366210938,229.1199951171875,230.38499450683594,248796,2026-07-15 18:30:00+00:00
230.38999938964844,232.47000122070312,230.22000122070312,232.22999572753906,151051,2026-07-15 19:30:00+00:00
225.02999877929688,231.5,221.86199951171875,228.90499877929688,131891,2026-07-16 13:30:00+00:00
228.92999267578125,229.63999938964844,224.72999572753906,225.8350067138672,87846,2026-07-16 14:30:00+00:00
225.3300018310547,226.10000610351562,220.57029724121094,221.4550018310547,112383,2026-07-16 15:30:00+00:00
221.4550018310547,225.49000549316406,220.58999633789062,224.13250732421875,81729,2026-07-16 16:30:00+00:00
223.82000732421875,224.22000122070312,221.66000366210938,223.49000549316406,72815,2026-07-16 17:30:00+00:00
223.35499572753906,226.10499572753906,222.05499267578125,225.39999389648438,162631,2026-07-16 18:30:00+00:00
225.36000061035156,226.5399932861328,224.63999938964844,226.49000549316406,192383,2026-07-16 19:30:00+00:00
216.05999755859375,226.93499755859375,211.00999450683594,224.11000061035156,283823,2026-07-17 13:30:00+00:00
224.36000061035156,226.5399932861328,222.76499938964844,224.81500244140625,141539,2026-07-17 14:30:00+00:00
224.5800018310547,231.24000549316406,223.1300048828125,230.3800048828125,96639,2026-07-17 15:30:00+00:00
230.17999267578125,233.24000549316406,229.3699951171875,231.44000244140625,102882,2026-07-17 16:30:00+00:00
231.4499969482422,231.80999755859375,227.6999969482422,228.3000030517578,74732,2026-07-17 17:30:00+00:00
228.4499969482422,229.07000732421875,226.3000030517578,226.88999938964844,154567,2026-07-17 18:30:00+00:00
227.0050048828125,230.5399932861328,226.74000549316406,229.27000427246094,228717,2026-07-17 19:30:00+00:00
232.3699951171875,239.3800048828125,229.99000549316406,233.3000030517578,130189,2026-07-20 13:30:00+00:00
233.2899932861328,233.66000366210938,227.51010131835938,228.27999877929688,85813,2026-07-20 14:30:00+00:00
229.0399932861328,231.0493927001953,228.1999969482422,230.00999450683594,94351,2026-07-20 15:30:00+00:00
230.10499572753906,230.52000427246094,228.33999633789062,228.8000030517578,70392,2026-07-20 16:30:00+00:00
228.94000244140625,229.25,228.39999389648438,229.05999755859375,38459,2026-07-20 17:30:00+00:00
228.73500061035156,228.75999450683594,226.56500244140625,227.16000366210938,106507,2026-07-20 18:30:00+00:00
227.14500427246094,228.2100067138672,226.75999450683594,227.86000061035156,134820,2026-07-20 19:30:00+00:00
235.74000549316406,241.2949981689453,234.6199951171875,236.1199951171875,152674,2026-07-21 13:30:00+00:00
236.75999450683594,240.80990600585938,236.07940673828125,240.80990600585938,69457,2026-07-21 14:30:00+00:00
240.5399932861328,243.30499267578125,239.85499572753906,242.7050018310547,74920,2026-07-21 15:30:00+00:00
243.13999938964844,245.0,242.72000122070312,244.41000366210938,60518,2026-07-21 16:30:00+00:00
244.41000366210938,248.19000244140625,244.02000427246094,246.19000244140625,300554,2026-07-21 17:30:00+00:00
246.1999969482422,247.4499969482422,244.72999572753906,245.0,209954,2026-07-21 18:30:00+00:00
244.58999633789062,247.02999877929688,243.92999267578125,246.99000549316406,244047,2026-07-21 19:30:00+00:00
242.6999969482422,250.92999267578125,240.5,249.47999572753906,114772,2026-07-22 13:30:00+00:00
249.75,250.9499969482422,247.2899932861328,250.03480529785156,113437,2026-07-22 14:30:00+00:00
249.9550018310547,250.97999572753906,249.08999633789062,250.72999572753906,83271,2026-07-22 15:30:00+00:00
250.77999877929688,250.9499969482422,248.6750030517578,249.52000427246094,120236,2026-07-22 16:30:00+00:00
249.52000427246094,250.4199981689453,248.68499755859375,249.7899932861328,77076,2026-07-22 17:30:00+00:00
249.69000244140625,250.7100067138672,248.02000427246094,248.50999450683594,165316,2026-07-22 18:30:00+00:00
248.52000427246094,250.02999877929688,248.0399932861328,249.5399932861328,185001,2026-07-22 19:30:00+00:00
247.3699951171875,255.8000030517578,247.3699951171875,251.22999572753906,127055,2026-07-23 13:30:00+00:00
251.53500366210938,252.89999389648438,245.80999755859375,246.21499633789062,101405,2026-07-23 14:30:00+00:00
246.9499969482422,250.9199981689453,246.9199981689453,250.91000366210938,67082,2026-07-23 15:30:00+00:00
251.3800048828125,251.66000366210938,249.8000030517578,250.8300018310547,46760,2026-07-23 16:30:00+00:00
250.6199951171875,250.63999938964844,248.7050018310547,249.63999938964844,57770,2026-07-23 17:30:00+00:00
249.53500366210938,250.11000061035156,248.39500427246094,249.80999755859375,66992,2026-07-23 18:30:00+00:00
249.53500366210938,251.02999877929688,249.36000061035156,249.77999877929688,147669,2026-07-23 19:30:00+00:00
