open,high,low,close,volume,timestamp
494.0,503.989990234375,494.0,501.8800048828125,190468,2024-07-25 13:30:00+00:00
502.5,502.5,492.20001220703125,492.7699890136719,119849,2024-07-25 14:30:00+00:00
492.8399963378906,496.8599853515625,492.8399963378906,496.00689697265625,71268,2024-07-25 15:30:00+00:00
495.9750061035156,495.9750061035156,493.70001220703125,495.7250061035156,44945,2024-07-25 16:30:00+00:00
495.57501220703125,497.0899963378906,492.5450134277344,492.7099914550781,83139,2024-07-25 17:30:00+00:00
492.5299987792969,494.2099914550781,490.70001220703125,493.92999267578125,97003,2024-07-25 18:30:00+00:00
493.8900146484375,494.9599914550781,490.8900146484375,491.82000732421875,207463,2024-07-25 19:30:00+00:00
493.1400146484375,500.989990234375,492.1650085449219,499.42999267578125,128912,2024-07-26 13:30:00+00:00
499.2200012207031,502.1449890136719,497.94000244140625,501.989990234375,139468,2024-07-26 14:30:00+00:00
502.0,502.80499267578125,500.0,500.989990234375,99040,2024-07-26 15:30:00+00:00
500.57269287109375,501.45001220703125,499.1499938964844,499.4800109863281,37989,2024-07-26 16:30:00+00:00
499.2200012207031,499.95001220703125,496.29998779296875,496.7550048828125,48815,2024-07-26 17:30:00+00:00
496.4599914550781,497.0799865722656,494.93499755859375,497.0199890136719,52903,2024-07-26 18:30:00+00:00
496.8599853515625,497.44000244140625,494.79998779296875,495.260009765625,93023,2024-07-26 19:30:00+00:00
495.260009765625,501.42999267578125,494.0459899902344,500.0950012207031,130365,2024-07-29 13:30:00+00:00
499.79998779296875,499.79998779296875,497.1499938964844,498.7699890136719,50114,2024-07-29 14:30:00+00:00
498.5849914550781,501.2099914550781,498.17999267578125,500.57000732421875,58626,2024-07-29 15:30:00+00:00
500.7099914550781,501.57000732421875,499.92010498046875,500.4599914550781,46331,2024-07-29 16:30:00+00:00
500.4599914550781,500.4849853515625,497.25,497.7854919433594,57773,2024-07-29 17:30:00+00:00
496.6400146484375,499.04998779296875,495.989990234375,498.489990234375,86472,2024-07-29 18:30:00+00:00
498.3699951171875,499.95001220703125,497.8900146484375,497.92999267578125,96910,2024-07-29 19:30:00+00:00
499.70001220703125,506.14990234375,499.0050048828125,503.79998779296875,136872,2024-07-30 13:30:00+00:00
503.0,503.6000061035156,501.17498779296875,501.8500061035156,91288,2024-07-30 14:30:00+00:00
501.8500061035156,502.0899963378906,500.0801086425781,502.0899963378906,69382,2024-07-30 15:30:00+00:00
501.94000244140625,503.0,500.3299865722656,500.3800048828125,128166,2024-07-30 16:30:00+00:00
500.5249938964844,503.29998779296875,499.5199890136719,502.45989990234375,98272,2024-07-30 17:30:00+00:00
501.8599853515625,502.19000244140625,500.0,502.0249938964844,114922,2024-07-30 18:30:00+00:00
501.8699951171875,504.45001220703125,501.2300109863281,502.1700134277344,178365,2024-07-30 19:30:00+00:00
507.0400085449219,507.79998779296875,499.3599853515625,503.0799865722656,139032,2024-07-31 13:30:00+00:00
502.4800109863281,505.1600036621094,501.6099853515625,503.849609375,73180,2024-07-31 14:30:00+00:00
503.5,504.25,501.1199951171875,502.04998779296875,60989,2024-07-31 15:30:00+00:00
501.8949890136719,503.5849914550781,501.4601135253906,503.5299987792969,62623,2024-07-31 16:30:00+00:00
503.44000244140625,503.79998779296875,498.739990234375,499.2488098144531,117663,2024-07-31 17:30:00+00:00
499.20001220703125,500.7799987792969,497.75,497.81500244140625,144103,2024-07-31 18:30:00+00:00
497.75,497.81500244140625,495.29998779296875,495.8699951171875,323500,2024-07-31 19:30:00+00:00
495.8500061035156,504.4800109863281,495.8500061035156,503.260009765625,356286,2024-08-01 13:30:00+00:00
503.32501220703125,507.7049865722656,503.2300109863281,506.0150146484375,139777,2024-08-01 14:30:00+00:00
505.9750061035156,507.4800109863281,502.5199890136719,505.1499938964844,134254,2024-08-01 15:30:00+00:00
504.68499755859375,508.79998779296875,503.9599914550781,507.9599914550781,165621,2024-08-01 16:30:00+00:00
507.6300048828125,508.82000732421875,506.1499938964844,508.2699890136719,130318,2024-08-01 17:30:00+00:00
508.2099914550781,510.635009765625,506.95001220703125,507.4599914550781,176477,2024-08-01 18:30:00+00:00
507.69000244140625,508.55999755859375,503.30999755859375,504.8999938964844,385547,2024-08-01 19:30:00+00:00
491.5,508.4100036621094,491.0,498.42498779296875,345698,2024-08-02 13:30:00+00:00
497.8299865722656,498.239990234375,493.0,494.885009765625,146846,2024-08-02 14:30:00+00:00
494.6499938964844,495.57000732421875,492.3900146484375,493.2099914550781,117406,2024-08-02 15:30:00+00:00
493.0299987792969,497.2799987792969,493.0,493.4100036621094,135156,2024-08-02 16:30:00+00:00
493.6000061035156,495.1000061035156,492.5,495.05999755859375,114808,2024-08-02 17:30:00+00:00
495.0,496.55999755859375,493.04998779296875,494.95001220703125,120524,2024-08-02 18:30:00+00:00
494.8399963378906,495.8212890625,493.17999267578125,494.5400085449219,231087,2024-08-02 19:30:00+00:00
472.2749938964844,483.80999755859375,463.8800048828125,475.3299865722656,571998,2024-08-05 13:30:00+00:00
475.3599853515625,477.2049865722656,471.3699951171875,476.1099853515625,334936,2024-08-05 14:30:00+00:00
475.94000244140625,482.489990234375,474.4549865722656,482.4200134277344,200763,2024-08-05 15:30:00+00:00
482.8399963378906,483.010009765625,472.04998779296875,475.1099853515625,235640,2024-08-05 16:30:00+00:00
474.6300048828125,478.0799865722656,474.2099914550781,477.75,112233,2024-08-05 17:30:00+00:00
477.7449951171875,479.7799987792969,476.45001220703125,477.17999267578125,152466,2024-08-05 18:30:00+00:00
477.2900085449219,478.4200134277344,474.61810302734375,476.9800109863281,254803,2024-08-05 19:30:00+00:00
474.010009765625,478.8799133300781,473.07000732421875,478.0,163015,2024-08-06 13:30:00+00:00
477.82501220703125,481.70001220703125,477.7449951171875,480.80999755859375,138477,2024-08-06 14:30:00+00:00
480.7300109863281,481.42999267578125,477.9700012207031,478.2900085449219,155419,2024-08-06 15:30:00+00:00
478.2900085449219,478.8299865722656,476.0199890136719,476.0199890136719,106473,2024-08-06 16:30:00+00:00
476.25,479.0,476.0325012207031,478.3599853515625,96184,2024-08-06 17:30:00+00:00
478.4800109863281,479.2650146484375,475.7749938964844,476.0,185783,2024-08-06 18:30:00+00:00
476.0799865722656,476.1000061035156,472.79998779296875,473.95001220703125,367223,2024-08-06 19:30:00+00:00
476.75,476.75,467.0,468.125,284092,2024-08-07 13:30:00+00:00
467.9599914550781,471.5899963378906,467.9599914550781,471.57000732421875,137312,2024-08-07 14:30:00+00:00
471.19000244140625,471.5199890136719,467.3399963378906,469.32000732421875,154579,2024-08-07 15:30:00+00:00
469.0400085449219,469.0400085449219,465.489990234375,465.6499938964844,146607,2024-08-07 16:30:00+00:00
465.6600036621094,469.5899963378906,465.6600036621094,466.5299987792969,233636,2024-08-07 17:30:00+00:00
466.3500061035156,468.1700134277344,465.8262023925781,468.1700134277344,109368,2024-08-07 18:30:00+00:00
468.2699890136719,469.3900146484375,465.45001220703125,465.7200012207031,229582,2024-08-07 19:30:00+00:00
468.3699035644531,468.75,464.05999755859375,465.8800048828125,168269,2024-08-08 13:30:00+00:00
466.55999755859375,468.2069091796875,465.20001220703125,465.5,156622,2024-08-08 14:30:00+00:00
465.3999938964844,466.1400146484375,464.8699951171875,464.94000244140625,122724,2024-08-08 15:30:00+00:00
465.05999755859375,471.9599914550781,463.82000732421875,471.7099914550781,231504,2024-08-08 16:30:00+00:00
472.30499267578125,472.6600036621094,470.2900085449219,471.0199890136719,87276,2024-08-08 17:30:00+00:00
471.0849914550781,471.239990234375,466.3299865722656,466.3299865722656,174967,2024-08-08 18:30:00+00:00
466.3599853515625,466.6400146484375,464.3800048828125,465.9599914550781,290511,2024-08-08 19:30:00+00:00
465.04998779296875,469.42999267578125,462.1300048828125,468.9150085449219,139684,2024-08-09 13:30:00+00:00
469.0849914550781,469.0849914550781,465.6199951171875,466.3699951171875,73169,2024-08-09 14:30:00+00:00
466.67999267578125,467.29998779296875,464.9800109863281,466.25,38871,2024-08-09 15:30:00+00:00
466.30999755859375,469.0199890136719,465.7699890136719,468.6600036621094,90089,2024-08-09 16:30:00+00:00
468.8500061035156,469.0199890136719,465.9200134277344,465.9200134277344,73628,2024-08-09 17:30:00+00:00
465.8399963378906,467.9200134277344,465.8399963378906,467.5299987792969,53709,2024-08-09 18:30:00+00:00
467.42498779296875,469.0899963378906,467.2099914550781,468.6400146484375,124167,2024-08-09 19:30:00+00:00
466.9599914550781,467.0199890136719,462.2799987792969,464.9599914550781,140572,2024-08-12 13:30:00+00:00
465.3299865722656,467.5249938964844,463.56500244140625,463.614990234375,113033,2024-08-12 14:30:00+00:00
463.614990234375,464.8800048828125,462.8599853515625,463.3699951171875,64945,2024-08-12 15:30:00+00:00
463.4700012207031,466.25,463.30999755859375,465.7749938964844,94140,2024-08-12 16:30:00+00:00
465.70001220703125,466.6400146484375,462.7099914550781,462.8299865722656,58546,2024-08-12 17:30:00+00:00
462.9939880371094,463.739990234375,462.42999267578125,463.54998779296875,58980,2024-08-12 18:30:00+00:00
463.69000244140625,464.5299987792969,462.5299987792969,464.510009765625,121994,2024-08-12 19:30:00+00:00
463.489990234375,463.9049987792969,458.0400085449219,462.6499938964844,208757,2024-08-13 13:30:00+00:00
462.5249938964844,462.9989929199219,461.32000732421875,462.0150146484375,122708,2024-08-13 14:30:00+00:00
461.8699951171875,466.5899963378906,461.69500732421875,466.1499938964844,115477,2024-08-13 15:30:00+00:00
466.3599853515625,467.42999267578125,466.05999755859375,467.0299987792969,73324,2024-08-13 16:30:00+00:00
467.1199951171875,468.1499938964844,466.55999755859375,467.4100036621094,90403,2024-08-13 17:30:00+00:00
467.4100036621094,467.7900085449219,466.5,467.364990234375,103470,2024-08-13 18:30:00+00:00
467.3800048828125,469.260009765625,466.5199890136719,467.79998779296875,182356,2024-08-13 19:30:00+00:00
465.3399963378906,471.5,463.510009765625,469.625,210807,2024-08-14 13:30:00+00:00
470.5299987792969,470.70001220703125,469.0400085449219,470.135009765625,61520,2024-08-14 14:30:00+00:00
470.2300109863281,471.0067138671875,469.54998779296875,470.875,67234,2024-08-14 15:30:00+00:00
471.1099853515625,471.8800048828125,469.2550048828125,469.4200134277344,87168,2024-08-14 16:30:00+00:00
469.82000732421875,470.480712890625,469.0150146484375,469.8900146484375,88385,2024-08-14 17:30:00+00:00
469.875,470.6000061035156,469.4200134277344,470.55999755859375,86436,2024-08-14 18:30:00+00:00
470.55999755859375,471.9599914550781,469.94000244140625,471.42999267578125,157466,2024-08-14 19:30:00+00:00
471.44000244140625,475.2900085449219,468.6597900390625,470.9049987792969,182241,2024-08-15 13:30:00+00:00
470.9049987792969,473.8598937988281,470.4200134277344,473.04998779296875,76749,2024-08-15 14:30:00+00:00
473.2799987792969,473.8900146484375,471.7799987792969,472.7650146484375,167621,2024-08-15 15:30:00+00:00
472.9599914550781,473.4800109863281,472.2300109863281,473.0849914550781,117546,2024-08-15 16:30:00+00:00
473.1000061035156,473.8599853515625,471.8699951171875,472.0849914550781,83923,2024-08-15 17:30:00+00:00
472.0950012207031,472.260009765625,471.20001220703125,471.69500732421875,170025,2024-08-15 18:30:00+00:00
471.5400085449219,472.57501220703125,470.54998779296875,472.0899963378906,242351,2024-08-15 19:30:00+00:00
474.0299987792969,474.0299987792969,469.9100036621094,470.7099914550781,262254,2024-08-16 13:30:00+00:00
470.75,472.8699951171875,470.29998779296875,471.75,70774,2024-08-16 14:30:00+00:00
471.75,473.3900146484375,471.5,472.2900085449219,68470,2024-08-16 15:30:00+00:00
472.4599914550781,475.0,472.4599914550781,474.9599914550781,67570,2024-08-16 16:30:00+00:00
475.0400085449219,475.56500244140625,474.25,474.95001220703125,58831,2024-08-16 17:30:00+00:00
474.9599914550781,477.05999755859375,474.9599914550781,476.1000061035156,91588,2024-08-16 18:30:00+00:00
476.1499938964844,477.6700134277344,476.1499938964844,477.54998779296875,145147,2024-08-16 19:30:00+00:00
477.010009765625,482.7799987792969,476.0,482.4849853515625,112074,2024-08-19 13:30:00+00:00
482.19000244140625,485.6199951171875,480.95001220703125,485.45001220703125,96019,2024-08-19 14:30:00+00:00
485.36749267578125,485.36749267578125,481.9599914550781,482.44500732421875,80772,2024-08-19 15:30:00+00:00
482.07000732421875,484.8299865722656,481.8949890136719,484.6050109863281,55143,2024-08-19 16:30:00+00:00
484.6000061035156,485.044189453125,483.6400146484375,485.0400085449219,54135,2024-08-19 17:30:00+00:00
484.80999755859375,485.9100036621094,484.80999755859375,485.885009765625,63405,2024-08-19 18:30:00+00:00
485.7650146484375,488.3900146484375,485.7300109863281,488.0899963378906,162349,2024-08-19 19:30:00+00:00
488.7200012207031,491.1239013671875,485.3699951171875,488.3399963378906,163417,2024-08-20 13:30:00+00:00
488.2149963378906,489.3999938964844,487.5899963378906,487.7699890136719,58307,2024-08-20 14:30:00+00:00
487.7799987792969,489.3800048828125,487.5799865722656,488.7799987792969,52544,2024-08-20 15:30:00+00:00
488.6300048828125,489.3399963378906,485.6200866699219,485.75,107417,2024-08-20 16:30:00+00:00
485.7749938964844,485.92999267578125,483.5899963378906,484.8999938964844,108619,2024-08-20 17:30:00+00:00
484.7200012207031,487.2300109863281,484.5799865722656,486.32000732421875,148645,2024-08-20 18:30:00+00:00
486.57000732421875,488.010009765625,486.57000732421875,487.2699890136719,102328,2024-08-20 19:30:00+00:00
489.2699890136719,491.87969970703125,487.9949951171875,489.0899963378906,90145,2024-08-21 13:30:00+00:00
489.0899963378906,490.4849853515625,487.6000061035156,488.6199951171875,71694,2024-08-21 14:30:00+00:00
488.25,488.9700012207031,486.54998779296875,486.54998779296875,57923,2024-08-21 15:30:00+00:00
486.6099853515625,488.1000061035156,486.42999267578125,486.989990234375,68045,2024-08-21 16:30:00+00:00
487.0,488.1600036621094,486.8900146484375,487.3699951171875,54402,2024-08-21 17:30:00+00:00
487.1400146484375,487.3699951171875,486.1499938964844,487.1099853515625,84630,2024-08-21 18:30:00+00:00
486.9549865722656,487.95001220703125,485.9700012207031,486.2200012207031,133418,2024-08-21 19:30:00+00:00
486.4700012207031,488.44000244140625,482.864990234375,483.9100036621094,115908,2024-08-22 13:30:00+00:00
483.42498779296875,485.0539855957031,483.3999938964844,484.2300109863281,63502,2024-08-22 14:30:00+00:00
484.25,484.6650085449219,481.6524963378906,483.6650085449219,118898,2024-08-22 15:30:00+00:00
483.5470886230469,483.8999938964844,482.0849914550781,482.239990234375,78838,2024-08-22 16:30:00+00:00
481.9100036621094,483.0050048828125,481.2799987792969,483.0050048828125,68691,2024-08-22 17:30:00+00:00
482.70001220703125,483.20001220703125,481.6120910644531,481.8750915527344,90593,2024-08-22 18:30:00+00:00
481.8599853515625,482.1199951171875,479.7099914550781,479.8800048828125,243861,2024-08-22 19:30:00+00:00
482.3900146484375,485.2099914550781,482.3900146484375,484.5400085449219,85357,2024-08-23 13:30:00+00:00
484.95001220703125,485.67999267578125,483.4700012207031,485.2449035644531,67082,2024-08-23 14:30:00+00:00
485.3500061035156,486.70001220703125,483.6199951171875,484.4649963378906,61509,2024-08-23 15:30:00+00:00
484.8999938964844,484.8999938964844,482.7850036621094,483.0,46626,2024-08-23 16:30:00+00:00
482.7900085449219,483.20989990234375,482.3699951171875,482.8800048828125,77784,2024-08-23 17:30:00+00:00
482.54998779296875,484.1449890136719,481.8800048828125,483.70001220703125,115887,2024-08-23 18:30:00+00:00
483.8900146484375,483.8900146484375,481.19000244140625,481.25,231108,2024-08-23 19:30:00+00:00
483.17999267578125,485.0,481.4599914550781,483.04998779296875,128045,2024-08-26 13:30:00+00:00
483.0,483.4200134277344,482.5101013183594,483.0,64866,2024-08-26 14:30:00+00:00
482.8500061035156,483.8500061035156,481.6600036621094,483.8500061035156,103658,2024-08-26 15:30:00+00:00
483.8500061035156,484.5799865722656,483.0,483.3299865722656,65369,2024-08-26 16:30:00+00:00
483.1700134277344,483.30499267578125,482.3599853515625,482.739990234375,62296,2024-08-26 17:30:00+00:00
482.7250061035156,483.75,482.70001220703125,482.8299865722656,60885,2024-08-26 18:30:00+00:00
483.0,483.6099853515625,482.4700012207031,482.4800109863281,164900,2024-08-26 19:30:00+00:00
482.760009765625,483.45001220703125,479.8800048828125,480.0,99567,2024-08-27 13:30:00+00:00
479.8500061035156,480.70001220703125,477.44000244140625,477.44000244140625,116535,2024-08-27 14:30:00+00:00
477.5450134277344,478.05499267578125,476.7049865722656,477.2799987792969,57711,2024-08-27 15:30:00+00:00
477.2799987792969,477.45001220703125,476.5299987792969,477.19500732421875,75365,2024-08-27 16:30:00+00:00
476.989990234375,479.0400085449219,476.3800048828125,478.94000244140625,99569,2024-08-27 17:30:00+00:00
478.61248779296875,479.9800109863281,477.0,479.3999938964844,79602,2024-08-27 18:30:00+00:00
479.6050109863281,480.8500061035156,478.760009765625,480.29998779296875,128743,2024-08-27 19:30:00+00:00
481.8900146484375,493.94000244140625,480.0450134277344,490.5199890136719,141179,2024-08-28 13:30:00+00:00
490.3999938964844,491.0,488.3900146484375,489.5299987792969,85814,2024-08-28 14:30:00+00:00
489.239990234375,491.5799865722656,488.1099853515625,491.5799865722656,75578,2024-08-28 15:30:00+00:00
491.5,492.8800048828125,491.25,492.6300048828125,70804,2024-08-28 16:30:00+00:00
492.6700134277344,492.82501220703125,488.2900085449219,488.2900085449219,73863,2024-08-28 17:30:00+00:00
488.5299987792969,490.5799865722656,487.6199951171875,490.239990234375,60199,2024-08-28 18:30:00+00:00
490.6700134277344,491.8699951171875,489.5801086425781,489.70001220703125,135852,2024-08-28 19:30:00+00:00
487.92999267578125,494.79998779296875,487.92999267578125,494.5199890136719,111110,2024-08-29 13:30:00+00:00
494.6449890136719,497.29998779296875,493.7309875488281,496.6499938964844,94238,2024-08-29 14:30:00+00:00
496.69000244140625,496.94000244140625,495.57000732421875,496.4700012207031,50982,2024-08-29 15:30:00+00:00
496.3599853515625,497.5,495.29998779296875,495.45001220703125,53754,2024-08-29 16:30:00+00:00
495.75,496.30999755859375,493.6499938964844,493.7099914550781,63657,2024-08-29 17:30:00+00:00
493.5,494.1700134277344,491.6300048828125,494.010009765625,68120,2024-08-29 18:30:00+00:00
493.9100036621094,494.510009765625,493.05999755859375,493.3900146484375,125876,2024-08-29 19:30:00+00:00
495.6700134277344,497.7699890136719,493.6549987792969,497.6650085449219,87774,2024-08-30 13:30:00+00:00
497.6650085449219,497.6650085449219,493.635009765625,493.9800109863281,65710,2024-08-30 14:30:00+00:00
494.010009765625,494.010009765625,492.2900085449219,492.79998779296875,61714,2024-08-30 15:30:00+00:00
492.9200134277344,496.57000732421875,492.44000244140625,496.114990234375,44102,2024-08-30 16:30:00+00:00
496.114990234375,496.114990234375,494.8699951171875,495.6700134277344,48436,2024-08-30 17:30:00+00:00
495.7699890136719,498.42999267578125,495.7699890136719,498.0799865722656,77861,2024-08-30 18:30:00+00:00
498.30999755859375,500.2099914550781,495.510009765625,495.510009765625,364608,2024-08-30 19:30:00+00:00
492.6499938964844,492.6600036621094,480.875,484.29998779296875,304357,2024-09-03 13:30:00+00:00
484.2200012207031,484.2200012207031,478.1099853515625,478.3900146484375,236490,2024-09-03 14:30:00+00:00
478.3599853515625,478.8800048828125,476.5150146484375,476.79998779296875,112649,2024-09-03 15:30:00+00:00
476.55499267578125,478.010009765625,474.5799865722656,477.80499267578125,122295,2024-09-03 16:30:00+00:00
477.8699951171875,479.19000244140625,476.25,478.55499267578125,122507,2024-09-03 17:30:00+00:00
478.55499267578125,479.00518798828125,476.4849853515625,477.7099914550781,162044,2024-09-03 18:30:00+00:00
477.81500244140625,478.5400085449219,475.0400085449219,475.7099914550781,306472,2024-09-03 19:30:00+00:00
476.82000732421875,479.0400085449219,472.9700012207031,476.510009765625,178803,2024-09-04 13:30:00+00:00
476.5150146484375,478.0150146484375,475.8999938964844,476.8999938964844,70441,2024-09-04 14:30:00+00:00
476.8900146484375,477.2699890136719,474.1400146484375,474.9150085449219,62632,2024-09-04 15:30:00+00:00
474.8900146484375,475.3949890136719,473.3699951171875,473.3699951171875,53763,2024-09-04 16:30:00+00:00
473.3800048828125,476.05499267578125,473.3800048828125,475.8800048828125,64412,2024-09-04 17:30:00+00:00
475.8800048828125,477.5799865722656,475.43499755859375,477.4700012207031,67352,2024-09-04 18:30:00+00:00
477.4800109863281,480.1400146484375,477.1000061035156,478.44000244140625,169872,2024-09-04 19:30:00+00:00
477.7300109863281,477.7300109863281,466.760009765625,467.5799865722656,145145,2024-09-05 13:30:00+00:00
467.55499267578125,468.8800048828125,465.2699890136719,465.4200134277344,112024,2024-09-05 14:30:00+00:00
465.42999267578125,467.1000061035156,463.4100036621094,467.1000061035156,97600,2024-09-05 15:30:00+00:00
466.9049987792969,466.9049987792969,465.0199890136719,465.7300109863281,45342,2024-09-05 16:30:00+00:00
465.70001220703125,468.6700134277344,465.70001220703125,468.3999938964844,50490,2024-09-05 17:30:00+00:00
468.3999938964844,469.7900085449219,466.25,466.70001220703125,56263,2024-09-05 18:30:00+00:00
466.7099914550781,468.760009765625,465.7950134277344,468.7099914550781,147566,2024-09-05 19:30:00+00:00
467.9200134277344,471.8900146484375,466.8900146484375,467.43011474609375,167173,2024-09-06 13:30:00+00:00
467.92999267578125,469.2300109863281,465.0199890136719,465.57000732421875,112160,2024-09-06 14:30:00+00:00
465.3500061035156,466.19000244140625,463.0400085449219,465.5799865722656,70906,2024-09-06 15:30:00+00:00
465.3999938964844,467.4849853515625,465.0,467.4849853515625,61733,2024-09-06 16:30:00+00:00
467.3161926269531,469.7900085449219,467.3161926269531,469.239990234375,59775,2024-09-06 17:30:00+00:00
469.375,469.9800109863281,468.4700927734375,469.135009765625,109030,2024-09-06 18:30:00+00:00
469.3500061035156,471.3299865722656,467.9100036621094,468.0,179105,2024-09-06 19:30:00+00:00
473.5799865722656,473.5799865722656,468.9649963378906,471.4200134277344,91207,2024-09-09 13:30:00+00:00
471.6600036621094,473.67999267578125,469.8800048828125,470.8900146484375,102474,2024-09-09 14:30:00+00:00
471.0299987792969,472.6600036621094,470.7699890136719,471.8999938964844,58386,2024-09-09 15:30:00+00:00
472.1173095703125,472.6700134277344,471.2799987792969,472.1050109863281,62572,2024-09-09 16:30:00+00:00
472.0799865722656,472.3999938964844,469.94000244140625,470.31500244140625,62582,2024-09-09 17:30:00+00:00
470.2658996582031,471.3800048828125,470.04998779296875,471.07501220703125,81754,2024-09-09 18:30:00+00:00
470.94500732421875,471.4599914550781,470.1499938964844,471.17999267578125,117022,2024-09-09 19:30:00+00:00
471.5299987792969,472.760009765625,466.260009765625,468.0400085449219,104681,2024-09-10 13:30:00+00:00
467.95001220703125,471.7799987792969,466.53009033203125,471.43499755859375,70442,2024-09-10 14:30:00+00:00
471.25,471.4700012207031,466.0299987792969,467.4599914550781,57119,2024-09-10 15:30:00+00:00
467.2950134277344,470.5799865722656,466.989990234375,470.19500732421875,40224,2024-09-10 16:30:00+00:00
470.54998779296875,473.1050109863281,470.54998779296875,472.04998779296875,47244,2024-09-10 17:30:00+00:00
472.0899963378906,472.0899963378906,470.45001220703125,471.0899963378906,66278,2024-09-10 18:30:00+00:00
471.2699890136719,471.93499755859375,470.67999267578125,470.7699890136719,135182,2024-09-10 19:30:00+00:00
469.07000732421875,469.07000732421875,460.8299865722656,460.8299865722656,150829,2024-09-11 13:30:00+00:00
461.04998779296875,463.0884094238281,460.69000244140625,462.69500732421875,99284,2024-09-11 14:30:00+00:00
462.9700012207031,468.7300109863281,462.82000732421875,468.7300109863281,62868,2024-09-11 15:30:00+00:00
468.7449951171875,472.5353088378906,468.489990234375,469.8999938964844,80598,2024-09-11 16:30:00+00:00
469.9700012207031,470.80999755859375,469.3900146484375,470.70001220703125,64946,2024-09-11 17:30:00+00:00
471.3800048828125,472.9599914550781,471.20001220703125,472.5,62850,2024-09-11 18:30:00+00:00
472.6099853515625,476.1099853515625,472.3800048828125,474.6099853515625,170216,2024-09-11 19:30:00+00:00
474.739990234375,475.7799987792969,469.7799987792969,470.20001220703125,73249,2024-09-12 13:30:00+00:00
470.239990234375,472.9549865722656,468.4599914550781,472.55999755859375,51518,2024-09-12 14:30:00+00:00
472.57000732421875,473.94000244140625,472.29998779296875,473.07501220703125,45546,2024-09-12 15:30:00+00:00
473.1650085449219,475.66900634765625,473.1650085449219,475.4800109863281,27359,2024-09-12 16:30:00+00:00
475.0899963378906,478.34991455078125,474.94000244140625,478.0199890136719,44301,2024-09-12 17:30:00+00:00
477.92999267578125,478.4599914550781,477.0,478.3599853515625,53559,2024-09-12 18:30:00+00:00
478.3599853515625,479.510009765625,477.3999938964844,478.7799987792969,189792,2024-09-12 19:30:00+00:00
480.0,482.8299865722656,478.75,480.3999938964844,104750,2024-09-13 13:30:00+00:00
480.5199890136719,482.8900146484375,480.0400085449219,482.3999938964844,48274,2024-09-13 14:30:00+00:00
482.3299865722656,484.7699890136719,482.3299865722656,483.0350036621094,56784,2024-09-13 15:30:00+00:00
482.8548889160156,484.7799987792969,482.30999755859375,484.760009765625,45532,2024-09-13 16:30:00+00:00
484.69000244140625,485.0400085449219,482.4649963378906,482.5091857910156,48961,2024-09-13 17:30:00+00:00
482.79998779296875,484.3550109863281,482.5600891113281,484.1700134277344,68547,2024-09-13 18:30:00+00:00
484.17498779296875,486.05999755859375,484.0531005859375,485.3699951171875,137608,2024-09-13 19:30:00+00:00
490.0,490.0,484.0,486.3550109863281,94150,2024-09-16 13:30:00+00:00
485.43499755859375,487.6099853515625,484.4800109863281,487.2799987792969,52846,2024-09-16 14:30:00+00:00
487.2799987792969,488.29998779296875,486.1499938964844,487.1400146484375,61062,2024-09-16 15:30:00+00:00
487.3299865722656,488.80999755859375,486.7980041503906,488.239990234375,42588,2024-09-16 16:30:00+00:00
488.3550109863281,488.9200134277344,487.6449890136719,488.5627136230469,59383,2024-09-16 17:30:00+00:00
488.20001220703125,488.80999755859375,488.0199890136719,488.7099914550781,56465,2024-09-16 18:30:00+00:00
489.2099914550781,490.1499938964844,489.19000244140625,489.3699951171875,103858,2024-09-16 19:30:00+00:00
486.4200134277344,486.4200134277344,478.17999267578125,483.375,198990,2024-09-17 13:30:00+00:00
483.3900146484375,483.7200012207031,480.4800109863281,482.510009765625,110887,2024-09-17 14:30:00+00:00
482.57000732421875,483.4700012207031,480.1400146484375,480.87200927734375,84953,2024-09-17 15:30:00+00:00
480.55499267578125,481.5899963378906,480.0,481.17999267578125,85350,2024-09-17 16:30:00+00:00
481.17999267578125,482.29998779296875,477.5299987792969,477.6300048828125,157302,2024-09-17 17:30:00+00:00
478.0,479.70001220703125,477.2300109863281,479.6400146484375,183351,2024-09-17 18:30:00+00:00
479.5,481.5400085449219,478.9700012207031,481.260009765625,240921,2024-09-17 19:30:00+00:00
483.7799987792969,483.7799987792969,479.1400146484375,480.3500061035156,69997,2024-09-18 13:30:00+00:00
480.3299865722656,482.19000244140625,478.135009765625,479.3399963378906,82145,2024-09-18 14:30:00+00:00
478.9100036621094,479.4100036621094,477.8900146484375,479.0199890136719,54353,2024-09-18 15:30:00+00:00
478.5299987792969,479.5,478.1199951171875,478.8800048828125,57761,2024-09-18 16:30:00+00:00
478.6199951171875,482.30999755859375,476.42999267578125,476.55999755859375,95739,2024-09-18 17:30:00+00:00
476.05999755859375,478.3575134277344,475.8999938964844,477.260009765625,133612,2024-09-18 18:30:00+00:00
477.54998779296875,478.0400085449219,473.75,474.1600036621094,159272,2024-09-18 19:30:00+00:00
477.70001220703125,479.05999755859375,476.2677917480469,478.1700134277344,121086,2024-09-19 13:30:00+00:00
478.69000244140625,482.0,478.6099853515625,481.4599914550781,81183,2024-09-19 14:30:00+00:00
481.6400146484375,481.8399963378906,478.25,479.29998779296875,81762,2024-09-19 15:30:00+00:00
479.4800109863281,482.0350036621094,478.92999267578125,481.1099853515625,76271,2024-09-19 16:30:00+00:00
481.70989990234375,483.9750061035156,480.17999267578125,480.40289306640625,88876,2024-09-19 17:30:00+00:00
480.4100036621094,480.7699890136719,477.5400085449219,477.5799865722656,75046,2024-09-19 18:30:00+00:00
477.6449890136719,478.6051940917969,476.7200012207031,477.7099914550781,181089,2024-09-19 19:30:00+00:00
474.3599853515625,474.9299011230469,470.75,472.125,419073,2024-09-20 13:30:00+00:00
472.52740478515625,472.57000732421875,467.9200134277344,469.3699951171875,98837,2024-09-20 14:30:00+00:00
468.79998779296875,469.9700012207031,465.537109375,467.8900146484375,170082,2024-09-20 15:30:00+00:00
468.0799865722656,469.885009765625,466.8800048828125,469.1300048828125,71545,2024-09-20 16:30:00+00:00
468.92498779296875,469.260009765625,467.1300048828125,467.1449890136719,56684,2024-09-20 17:30:00+00:00
467.1099853515625,467.2550048828125,464.3299865722656,465.0249938964844,133534,2024-09-20 18:30:00+00:00
464.95001220703125,465.7200012207031,463.80999755859375,464.9200134277344,269252,2024-09-20 19:30:00+00:00
464.9200134277344,465.17999267578125,460.0199890136719,461.6199951171875,117791,2024-09-23 13:30:00+00:00
461.9100036621094,463.5924072265625,461.5,463.42999267578125,85109,2024-09-23 14:30:00+00:00
463.5799865722656,465.0799865722656,462.6099853515625,462.84490966796875,79088,2024-09-23 15:30:00+00:00
462.6400146484375,462.7300109863281,459.2535095214844,459.9649963378906,115323,2024-09-23 16:30:00+00:00
460.07000732421875,461.8900146484375,459.55999755859375,461.7900085449219,85356,2024-09-23 17:30:00+00:00
461.6300048828125,462.42999267578125,459.4599914550781,459.4800109863281,106703,2024-09-23 18:30:00+00:00
459.4599914550781,460.2674865722656,458.54998779296875,459.95001220703125,153319,2024-09-23 19:30:00+00:00
459.5899963378906,462.2699890136719,456.07000732421875,460.9849853515625,131836,2024-09-24 13:30:00+00:00
460.95001220703125,463.7200012207031,459.7099914550781,463.29998779296875,78568,2024-09-24 14:30:00+00:00
463.67999267578125,464.5450134277344,462.59710693359375,464.489990234375,87435,2024-09-24 15:30:00+00:00
464.4700012207031,466.0849914550781,463.55999755859375,464.7950134277344,135668,2024-09-24 16:30:00+00:00
464.3999938964844,465.5899963378906,462.6099853515625,462.6099853515625,91315,2024-09-24 17:30:00+00:00
462.5299987792969,465.6400146484375,461.8500061035156,465.4700012207031,86994,2024-09-24 18:30:00+00:00
465.4700012207031,465.55999755859375,462.5,462.989990234375,192267,2024-09-24 19:30:00+00:00
463.0899963378906,464.8800048828125,458.5350036621094,461.6199951171875,129095,2024-09-25 13:30:00+00:00
461.8900146484375,462.55999755859375,460.0,461.55499267578125,65375,2024-09-25 14:30:00+00:00
461.5350036621094,462.2049865722656,459.7699890136719,461.847412109375,72828,2024-09-25 15:30:00+00:00
461.7049865722656,462.44000244140625,461.17999267578125,461.614990234375,53566,2024-09-25 16:30:00+00:00
461.5,461.5,459.63128662109375,460.0899963378906,41438,2024-09-25 17:30:00+00:00
459.8800048828125,460.5799865722656,459.1600036621094,460.5799865722656,52889,2024-09-25 18:30:00+00:00
460.4599914550781,461.80999755859375,459.94000244140625,461.79998779296875,149044,2024-09-25 19:30:00+00:00
462.0799865722656,462.0799865722656,458.1000061035156,461.0199890136719,220971,2024-09-26 13:30:00+00:00
460.9100036621094,463.1050109863281,459.6199951171875,463.1050109863281,116215,2024-09-26 14:30:00+00:00
463.3699951171875,465.32000732421875,463.1099853515625,463.3299865722656,85841,2024-09-26 15:30:00+00:00
463.3949890136719,463.70001220703125,460.8800048828125,462.3399963378906,53498,2024-09-26 16:30:00+00:00
461.95001220703125,463.4100036621094,461.45001220703125,462.6000061035156,37157,2024-09-26 17:30:00+00:00
462.05999755859375,462.9100036621094,461.75,462.6700134277344,46916,2024-09-26 18:30:00+00:00
462.5849914550781,463.739990234375,462.1099853515625,463.2200012207031,127168,2024-09-26 19:30:00+00:00
466.010009765625,467.1499938964844,462.2101135253906,466.9599914550781,83109,2024-09-27 13:30:00+00:00
466.9599914550781,467.56549072265625,465.3399963378906,466.3200988769531,86296,2024-09-27 14:30:00+00:00
466.489990234375,466.489990234375,461.739990234375,461.9599914550781,71708,2024-09-27 15:30:00+00:00
462.05999755859375,462.8490905761719,461.489990234375,462.6400146484375,43336,2024-09-27 16:30:00+00:00
462.8299865722656,463.05499267578125,461.739990234375,461.989990234375,43636,2024-09-27 17:30:00+00:00
462.2799987792969,463.7550048828125,461.69000244140625,463.3800048828125,57151,2024-09-27 18:30:00+00:00
463.17999267578125,463.8299865722656,462.6300048828125,462.9100036621094,124131,2024-09-27 19:30:00+00:00
463.17999267578125,467.57000732421875,462.4700012207031,464.54998779296875,107348,2024-09-30 13:30:00+00:00
464.1549987792969,465.70001220703125,462.94000244140625,465.0024108886719,51264,2024-09-30 14:30:00+00:00
465.4198913574219,466.1499938964844,463.0799865722656,463.5299987792969,53214,2024-09-30 15:30:00+00:00
463.6449890136719,464.4790954589844,463.1700134277344,464.4790954589844,28234,2024-09-30 16:30:00+00:00
463.9549865722656,464.0249938964844,461.41009521484375,462.2099914550781,57646,2024-09-30 17:30:00+00:00
462.0249938964844,464.2373046875,462.0249938964844,463.5899963378906,61449,2024-09-30 18:30:00+00:00
463.6300048828125,466.0199890136719,463.4849853515625,465.07000732421875,148374,2024-09-30 19:30:00+00:00
472.0,472.30999755859375,463.79339599609375,465.7200012207031,150087,2024-10-01 13:30:00+00:00
466.0400085449219,466.6400146484375,461.3599853515625,464.68499755859375,92267,2024-10-01 14:30:00+00:00
465.1300048828125,469.06500244140625,464.68499755859375,467.3800048828125,96946,2024-10-01 15:30:00+00:00
467.1199951171875,467.67999267578125,464.9796142578125,465.239990234375,46816,2024-10-01 16:30:00+00:00
465.1400146484375,466.989990234375,464.3900146484375,466.75,52733,2024-10-01 17:30:00+00:00
467.0199890136719,469.3580017089844,466.7449951171875,468.69000244140625,100746,2024-10-01 18:30:00+00:00
468.6499938964844,470.3900146484375,468.3550109863281,469.8599853515625,177675,2024-10-01 19:30:00+00:00
461.6600036621094,468.07000732421875,460.54998779296875,462.3349914550781,158420,2024-10-02 13:30:00+00:00
462.17999267578125,465.2749938964844,461.54998779296875,463.0350036621094,121802,2024-10-02 14:30:00+00:00
463.5,463.739990234375,461.1099853515625,462.489990234375,65831,2024-10-02 15:30:00+00:00
462.489990234375,463.7799987792969,461.44000244140625,463.6199951171875,86986,2024-10-02 16:30:00+00:00
463.2900085449219,463.2900085449219,461.7152099609375,462.17999267578125,53931,2024-10-02 17:30:00+00:00
461.9200134277344,463.3800048828125,461.1700134277344,461.3800048828125,90115,2024-10-02 18:30:00+00:00
461.4700012207031,462.82000732421875,460.7200012207031,462.05999755859375,146417,2024-10-02 19:30:00+00:00
460.0,462.1300048828125,458.8699951171875,459.7099914550781,99217,2024-10-03 13:30:00+00:00
459.4200134277344,459.489990234375,456.135009765625,457.79998779296875,93835,2024-10-03 14:30:00+00:00
457.5299987792969,459.25,456.6199951171875,456.9200134277344,130979,2024-10-03 15:30:00+00:00
457.1499938964844,457.19500732421875,452.489990234375,453.18499755859375,129127,2024-10-03 16:30:00+00:00
453.010009765625,454.2099914550781,452.3800048828125,452.8900146484375,120582,2024-10-03 17:30:00+00:00
452.69000244140625,453.8800048828125,452.260009765625,453.44500732421875,75224,2024-10-03 18:30:00+00:00
453.45001220703125,454.4674987792969,453.2699890136719,453.4800109863281,139240,2024-10-03 19:30:00+00:00
454.9800109863281,458.1400146484375,453.7550048828125,454.8299865722656,127332,2024-10-04 13:30:00+00:00
454.7550048828125,455.8800048828125,454.0,454.510009765625,72231,2024-10-04 14:30:00+00:00
454.6199951171875,454.6499938964844,453.1000061035156,453.1000061035156,50522,2024-10-04 15:30:00+00:00
452.7799987792969,455.2900085449219,452.6199951171875,454.5799865722656,47091,2024-10-04 16:30:00+00:00
454.57501220703125,454.57501220703125,452.7500915527344,454.135009765625,44706,2024-10-04 17:30:00+00:00
453.94000244140625,454.7200012207031,453.7099914550781,454.1400146484375,98903,2024-10-04 18:30:00+00:00
454.07000732421875,455.8399963378906,453.8699951171875,455.1199951171875,150117,2024-10-04 19:30:00+00:00
454.1700134277344,454.2200012207031,452.6600036621094,453.32501220703125,73770,2024-10-07 13:30:00+00:00
453.1000061035156,454.2950134277344,452.6000061035156,452.6000061035156,66825,2024-10-07 14:30:00+00:00
452.80999755859375,452.80999755859375,450.2799987792969,450.5057067871094,42715,2024-10-07 15:30:00+00:00
450.54998779296875,451.32000732421875,449.3699951171875,450.4200134277344,76953,2024-10-07 16:30:00+00:00
450.45001220703125,450.6000061035156,449.6400146484375,449.8999938964844,47520,2024-10-07 17:30:00+00:00
449.8999938964844,450.2709045410156,448.3900146484375,448.6000061035156,105388,2024-10-07 18:30:00+00:00
448.5299987792969,449.1875,447.7250061035156,448.9100036621094,149606,2024-10-07 19:30:00+00:00
451.9800109863281,455.9599914550781,451.1091003417969,454.375,465844,2024-10-08 13:30:00+00:00
454.3900146484375,455.3399963378906,453.9800109863281,454.5,80636,2024-10-08 14:30:00+00:00
454.5849914550781,454.8500061035156,453.1828918457031,454.3900146484375,69294,2024-10-08 15:30:00+00:00
454.3800048828125,455.62908935546875,454.2699890136719,455.4200134277344,66047,2024-10-08 16:30:00+00:00
455.4200134277344,457.0299987792969,454.989990234375,456.8450012207031,51101,2024-10-08 17:30:00+00:00
456.82000732421875,459.260009765625,456.614990234375,458.7300109863281,93237,2024-10-08 18:30:00+00:00
458.67498779296875,459.8500061035156,458.45001220703125,458.8800048828125,149196,2024-10-08 19:30:00+00:00
460.0,461.70001220703125,456.1600036621094,460.0899963378906,90390,2024-10-09 13:30:00+00:00
459.8699951171875,461.42999267578125,459.0299987792969,460.6700134277344,91257,2024-10-09 14:30:00+00:00
460.75,462.30999755859375,460.4200134277344,461.81500244140625,73008,2024-10-09 15:30:00+00:00
461.79998779296875,463.9599914550781,461.489990234375,463.9599914550781,58913,2024-10-09 16:30:00+00:00
463.9049987792969,464.8572998046875,463.4400939941406,464.8572998046875,68905,2024-10-09 17:30:00+00:00
464.7799987792969,466.67999267578125,464.5504150390625,466.0400085449219,107786,2024-10-09 18:30:00+00:00
466.1499938964844,468.1600036621094,465.2650146484375,468.010009765625,223713,2024-10-09 19:30:00+00:00
467.489990234375,468.6099853515625,464.8454895019531,467.68499755859375,160937,2024-10-10 13:30:00+00:00
467.70001220703125,471.2232971191406,467.3900146484375,471.19000244140625,106289,2024-10-10 14:30:00+00:00
471.5,474.8887939453125,470.5101013183594,474.8699951171875,96827,2024-10-10 15:30:00+00:00
475.0,475.2298889160156,473.0,473.1499938964844,128752,2024-10-10 16:30:00+00:00
473.1600036621094,475.20001220703125,473.1199951171875,474.6099853515625,119663,2024-10-10 17:30:00+00:00
474.55999755859375,476.0,474.2200012207031,476.0,107764,2024-10-10 18:30:00+00:00
476.07000732421875,477.0,475.8299865722656,476.25,169432,2024-10-10 19:30:00+00:00
478.5299987792969,479.0,475.8699951171875,477.1700134277344,118180,2024-10-11 13:30:00+00:00
477.4949951171875,479.3399963378906,476.9049987792969,477.44000244140625,93916,2024-10-11 14:30:00+00:00
477.5,478.75,476.510009765625,477.18499755859375,76870,2024-10-11 15:30:00+00:00
476.79010009765625,478.94000244140625,476.0450134277344,478.875,80679,2024-10-11 16:30:00+00:00
478.989990234375,481.1499938964844,478.80499267578125,480.3399963378906,52044,2024-10-11 17:30:00+00:00
480.489990234375,482.25,479.7900085449219,481.79998779296875,110593,2024-10-11 18:30:00+00:00
481.7550048828125,482.8900146484375,481.6199951171875,481.7099914550781,204915,2024-10-11 19:30:00+00:00
481.6400146484375,484.3599853515625,478.8999938964844,482.8299865722656,129041,2024-10-14 13:30:00+00:00
482.8399963378906,482.9800109863281,480.9100036621094,481.7799987792969,71071,2024-10-14 14:30:00+00:00
481.7749938964844,482.239990234375,481.1499938964844,481.80499267578125,47644,2024-10-14 15:30:00+00:00
481.80499267578125,484.6499938964844,481.80499267578125,483.4549865722656,66100,2024-10-14 16:30:00+00:00
483.4649963378906,484.3800048828125,482.7210998535156,484.18499755859375,41935,2024-10-14 17:30:00+00:00
484.1050109863281,485.34991455078125,483.9200134277344,485.1650085449219,65286,2024-10-14 18:30:00+00:00
485.2650146484375,487.0899963378906,484.4700012207031,484.9200134277344,166855,2024-10-14 19:30:00+00:00
487.010009765625,487.1000061035156,483.42999267578125,486.3999938964844,113248,2024-10-15 13:30:00+00:00
486.6449890136719,487.9800109863281,482.7099914550781,483.614990234375,216482,2024-10-15 14:30:00+00:00
483.8999938964844,485.55999755859375,481.6000061035156,481.7850036621094,145174,2024-10-15 15:30:00+00:00
481.7850036621094,483.9599914550781,480.80999755859375,483.114990234375,191507,2024-10-15 16:30:00+00:00
482.9949951171875,484.3599853515625,482.91009521484375,483.0899963378906,51324,2024-10-15 17:30:00+00:00
483.019287109375,484.0899963378906,482.260009765625,483.9800109863281,107872,2024-10-15 18:30:00+00:00
484.0899963378906,484.67999267578125,483.0801086425781,484.3999938964844,203492,2024-10-15 19:30:00+00:00
481.7850036621094,485.8699951171875,480.70001220703125,484.4849853515625,170068,2024-10-16 13:30:00+00:00
484.4849853515625,485.2200012207031,482.9599914550781,483.8900146484375,85267,2024-10-16 14:30:00+00:00
483.8349914550781,486.5299987792969,483.6400146484375,486.45001220703125,48252,2024-10-16 15:30:00+00:00
486.2149963378906,487.739990234375,486.2149963378906,486.7699890136719,47968,2024-10-16 16:30:00+00:00
486.7900085449219,488.1600036621094,486.19000244140625,488.05999755859375,78695,2024-10-16 17:30:00+00:00
488.04998779296875,488.32000732421875,485.9179992675781,487.8900146484375,55333,2024-10-16 18:30:00+00:00
487.92999267578125,488.4800109863281,486.3999938964844,487.2699890136719,90496,2024-10-16 19:30:00+00:00
490.0,493.3299865722656,487.9613952636719,493.1600036621094,116611,2024-10-17 13:30:00+00:00
493.0199890136719,494.8500061035156,491.8800048828125,494.7499084472656,59880,2024-10-17 14:30:00+00:00
494.9649963378906,497.92999267578125,494.80999755859375,497.8599853515625,67136,2024-10-17 15:30:00+00:00
497.81500244140625,498.7200012207031,497.5,497.80999755859375,73435,2024-10-17 16:30:00+00:00
497.8699951171875,498.6700134277344,494.1499938964844,495.2799987792969,114758,2024-10-17 17:30:00+00:00
495.3399963378906,498.885009765625,495.2799987792969,496.3399963378906,128313,2024-10-17 18:30:00+00:00
496.3500061035156,499.0899963378906,496.31768798828125,498.82000732421875,236227,2024-10-17 19:30:00+00:00
498.29998779296875,498.29998779296875,480.7900085449219,483.7300109863281,449478,2024-10-18 13:30:00+00:00
483.7300109863281,484.9599914550781,481.7200012207031,484.0,186509,2024-10-18 14:30:00+00:00
484.0,488.6300048828125,484.0,485.3999938964844,131389,2024-10-18 15:30:00+00:00
485.3800048828125,487.0950012207031,483.9599914550781,484.05499267578125,72999,2024-10-18 16:30:00+00:00
483.9800109863281,485.7300109863281,482.4700927734375,483.8299865722656,104571,2024-10-18 17:30:00+00:00
483.44500732421875,484.7900085449219,481.82000732421875,484.4800109863281,109135,2024-10-18 18:30:00+00:00
484.0201110839844,484.54998779296875,481.8900146484375,482.8999938964844,185113,2024-10-18 19:30:00+00:00
483.0,487.82501220703125,481.75,485.0450134277344,124253,2024-10-21 13:30:00+00:00
485.0450134277344,485.8949890136719,483.5220031738281,484.5365905761719,79458,2024-10-21 14:30:00+00:00
484.239990234375,486.2300109863281,483.9049987792969,484.44000244140625,63705,2024-10-21 15:30:00+00:00
484.4700012207031,485.3960876464844,483.79010009765625,484.19500732421875,43547,2024-10-21 16:30:00+00:00
484.0,484.42999267578125,483.2452087402344,484.1050109863281,47069,2024-10-21 17:30:00+00:00
484.04998779296875,484.3299865722656,480.2349853515625,480.57000732421875,47458,2024-10-21 18:30:00+00:00
480.25,480.25,477.6600036621094,478.1499938964844,141734,2024-10-21 19:30:00+00:00
479.42999267578125,481.9200134277344,474.8999938964844,475.510009765625,120047,2024-10-22 13:30:00+00:00
475.4100036621094,476.989990234375,473.5799865722656,476.7200012207031,159253,2024-10-22 14:30:00+00:00
476.6099853515625,477.3550109863281,474.010009765625,474.0199890136719,65896,2024-10-22 15:30:00+00:00
474.20001220703125,477.3500061035156,473.79998779296875,475.1499938964844,77864,2024-10-22 16:30:00+00:00
475.17999267578125,476.5799865722656,474.510009765625,475.3349914550781,196961,2024-10-22 17:30:00+00:00
475.3299865722656,475.3550109863281,473.69000244140625,474.57000732421875,68440,2024-10-22 18:30:00+00:00
474.79998779296875,475.81298828125,474.6000061035156,474.9700012207031,104902,2024-10-22 19:30:00+00:00
474.4700012207031,476.5400085449219,467.20001220703125,468.79998779296875,231123,2024-10-23 13:30:00+00:00
468.7650146484375,469.32989501953125,464.7799987792969,467.05999755859375,204241,2024-10-23 14:30:00+00:00
466.8500061035156,468.8999938964844,466.67999267578125,467.2900085449219,62080,2024-10-23 15:30:00+00:00
467.04998779296875,468.901611328125,466.8901062011719,468.4621887207031,88265,2024-10-23 16:30:00+00:00
468.5400085449219,470.0,467.70001220703125,468.6300048828125,61228,2024-10-23 17:30:00+00:00
468.45001220703125,469.44000244140625,468.1600036621094,468.6199951171875,52654,2024-10-23 18:30:00+00:00
468.6199951171875,470.57000732421875,468.0,469.8699951171875,108947,2024-10-23 19:30:00+00:00
473.3399963378906,477.83990478515625,472.3299865722656,474.2749938964844,98981,2024-10-24 13:30:00+00:00
475.0,475.42999267578125,473.6000061035156,473.7149963378906,47553,2024-10-24 14:30:00+00:00
473.2699890136719,474.95989990234375,472.55999755859375,474.29791259765625,60217,2024-10-24 15:30:00+00:00
474.2799987792969,474.5221862792969,472.989990234375,473.2349853515625,33961,2024-10-24 16:30:00+00:00
473.32501220703125,474.20001220703125,473.1000061035156,474.0899963378906,52067,2024-10-24 17:30:00+00:00
474.1199951171875,475.2200012207031,473.8999938964844,474.4460144042969,73258,2024-10-24 18:30:00+00:00
474.2300109863281,474.2300109863281,471.8999938964844,471.9200134277344,131101,2024-10-24 19:30:00+00:00
477.20001220703125,479.760009765625,475.5400085449219,478.6499938964844,106970,2024-10-25 13:30:00+00:00
478.68499755859375,479.05999755859375,476.8164978027344,478.3699951171875,56827,2024-10-25 14:30:00+00:00
478.0,479.1400146484375,477.5799865722656,478.9700012207031,49740,2024-10-25 15:30:00+00:00
479.3900146484375,479.95001220703125,477.9100036621094,479.5799865722656,61257,2024-10-25 16:30:00+00:00
479.739990234375,480.2799987792969,478.3800048828125,480.2799987792969,105130,2024-10-25 17:30:00+00:00
480.1099853515625,480.4100036621094,478.19000244140625,479.5950012207031,98791,2024-10-25 18:30:00+00:00
479.3299865722656,480.1300048828125,476.80999755859375,477.69000244140625,174604,2024-10-25 19:30:00+00:00
477.95001220703125,478.05999755859375,475.1000061035156,476.91009521484375,63754,2024-10-28 13:30:00+00:00
477.80999755859375,477.80999755859375,475.6700134277344,476.8399963378906,54818,2024-10-28 14:30:00+00:00
476.4700012207031,476.8399963378906,476.0069885253906,476.3699951171875,31237,2024-10-28 15:30:00+00:00
476.5799865722656,476.6199951171875,474.68499755859375,475.8949890136719,39770,2024-10-28 16:30:00+00:00
475.4200134277344,476.25,474.9549865722656,475.7950134277344,29883,2024-10-28 17:30:00+00:00
476.2300109863281,476.7850036621094,475.010009765625,475.3699951171875,40219,2024-10-28 18:30:00+00:00
475.5899963378906,476.5899963378906,475.2799987792969,476.4800109863281,118537,2024-10-28 19:30:00+00:00
476.3299865722656,476.7300109863281,472.8500061035156,475.07000732421875,70891,2024-10-29 13:30:00+00:00
475.19500732421875,478.05999755859375,474.9700012207031,475.6700134277344,56975,2024-10-29 14:30:00+00:00
475.4750061035156,476.0,473.69000244140625,473.69000244140625,40771,2024-10-29 15:30:00+00:00
473.17498779296875,473.55999755859375,471.75,472.8299865722656,133808,2024-10-29 16:30:00+00:00
472.8299865722656,474.0799865722656,472.0799865722656,472.760009765625,54966,2024-10-29 17:30:00+00:00
472.79998779296875,473.55560302734375,471.19000244140625,472.010009765625,78250,2024-10-29 18:30:00+00:00
471.82501220703125,471.8926086425781,469.6300048828125,470.2200012207031,233253,2024-10-29 19:30:00+00:00
470.44000244140625,472.95001220703125,469.0,469.6400146484375,163051,2024-10-30 13:30:00+00:00
470.45001220703125,474.010009765625,469.55999755859375,473.8800048828125,64602,2024-10-30 14:30:00+00:00
473.79998779296875,474.5199890136719,473.4700012207031,473.7850036621094,42199,2024-10-30 15:30:00+00:00
473.57000732421875,474.8976135253906,473.4200134277344,474.68499755859375,49892,2024-10-30 16:30:00+00:00
474.7799987792969,474.7799987792969,472.4700012207031,473.3900146484375,61461,2024-10-30 17:30:00+00:00
473.260009765625,474.6499938964844,472.9200134277344,474.1099853515625,60970,2024-10-30 18:30:00+00:00
474.3599853515625,475.4599914550781,474.0400085449219,475.260009765625,112958,2024-10-30 19:30:00+00:00
471.5799865722656,476.44000244140625,468.9800109863281,474.9599914550781,112499,2024-10-31 13:30:00+00:00
475.44000244140625,475.45208740234375,472.45001220703125,473.4800109863281,72717,2024-10-31 14:30:00+00:00
473.5400085449219,474.3599853515625,471.95001220703125,474.25,162968,2024-10-31 15:30:00+00:00
474.29998779296875,476.1098937988281,473.8500061035156,475.114990234375,101801,2024-10-31 16:30:00+00:00
474.7799987792969,477.69500732421875,474.67999267578125,477.5299987792969,75201,2024-10-31 17:30:00+00:00
477.3599853515625,477.6098937988281,475.3349914550781,475.7900085449219,89713,2024-10-31 18:30:00+00:00
475.95001220703125,477.57000732421875,475.3599853515625,475.9700012207031,355816,2024-10-31 19:30:00+00:00
471.05999755859375,475.489990234375,464.7349853515625,474.3699951171875,183966,2024-11-01 13:30:00+00:00
474.5050048828125,474.6000061035156,470.4707946777344,471.6400146484375,178044,2024-11-01 14:30:00+00:00
471.19000244140625,471.6000061035156,470.239990234375,470.70001220703125,90343,2024-11-01 15:30:00+00:00
470.260009765625,471.0,468.6099853515625,469.75,125450,2024-11-01 16:30:00+00:00
469.9949951171875,470.5400085449219,468.20001220703125,469.20001220703125,121586,2024-11-01 17:30:00+00:00
469.3599853515625,471.07000732421875,469.1199951171875,470.0010070800781,119991,2024-11-01 18:30:00+00:00
470.07501220703125,471.7300109863281,469.9800109863281,471.25,187793,2024-11-01 19:30:00+00:00
472.7900085449219,475.4800109863281,469.4800109863281,472.82000732421875,141133,2024-11-04 14:30:00+00:00
473.1731872558594,474.0299987792969,471.3900146484375,472.42999267578125,78001,2024-11-04 15:30:00+00:00
472.2900085449219,472.2900085449219,469.6000061035156,472.05999755859375,95553,2024-11-04 16:30:00+00:00
471.7149963378906,472.239990234375,470.20001220703125,471.26971435546875,92757,2024-11-04 17:30:00+00:00
471.3999938964844,471.9999084472656,470.32269287109375,471.3999938964844,98500,2024-11-04 18:30:00+00:00
471.4649963378906,471.5150146484375,468.8700866699219,470.6400146484375,178894,2024-11-04 19:30:00+00:00
470.7950134277344,473.489990234375,470.32000732421875,473.30499267578125,333056,2024-11-04 20:30:00+00:00
483.0,494.75,474.0000915527344,490.95001220703125,334325,2024-11-05 14:30:00+00:00
491.3399963378906,493.9800109863281,486.10528564453125,492.94000244140625,161607,2024-11-05 15:30:00+00:00
492.8949890136719,497.0,491.8349914550781,494.927001953125,174355,2024-11-05 16:30:00+00:00
494.8800048828125,499.36138916015625,494.8800048828125,499.0299987792969,157466,2024-11-05 17:30:00+00:00
499.0350036621094,503.2049865722656,497.2900085449219,498.3699951171875,173071,2024-11-05 18:30:00+00:00
498.2799987792969,500.0249938964844,497.5799865722656,499.989990234375,153999,2024-11-05 19:30:00+00:00
500.0849914550781,500.4100036621094,498.82000732421875,500.010009765625,259235,2024-11-05 20:30:00+00:00
505.7799987792969,506.6499938964844,485.5199890136719,491.1499938964844,397236,2024-11-06 14:30:00+00:00
491.2449951171875,493.1099853515625,487.04998779296875,491.42999267578125,142745,2024-11-06 15:30:00+00:00
491.20001220703125,491.9700012207031,488.0199890136719,491.9700012207031,128324,2024-11-06 16:30:00+00:00
492.1199951171875,493.5899963378906,491.489990234375,492.5299987792969,96361,2024-11-06 17:30:00+00:00
492.79998779296875,492.8904113769531,490.3800048828125,491.20001220703125,113763,2024-11-06 18:30:00+00:00
491.4599914550781,494.3500061035156,490.9800109863281,493.3800048828125,105590,2024-11-06 19:30:00+00:00
493.19000244140625,494.68499755859375,492.7200012207031,493.6099853515625,291905,2024-11-06 20:30:00+00:00
493.70001220703125,494.3500061035156,488.05999755859375,491.75,110448,2024-11-07 14:30:00+00:00
491.5350036621094,493.6299133300781,490.6300048828125,493.1700134277344,81948,2024-11-07 15:30:00+00:00
493.1499938964844,500.82000732421875,492.8800048828125,500.72100830078125,85725,2024-11-07 16:30:00+00:00
500.7200012207031,502.30999755859375,499.94500732421875,501.510009765625,69234,2024-11-07 17:30:00+00:00
501.3500061035156,502.3599853515625,498.8301086425781,501.4200134277344,89277,2024-11-07 18:30:00+00:00
501.2500915527344,503.8782958984375,500.6474914550781,503.54998779296875,113336,2024-11-07 19:30:00+00:00
503.79998779296875,504.30999755859375,501.5199890136719,502.4800109863281,176784,2024-11-07 20:30:00+00:00
507.1700134277344,514.7999877929688,504.94000244140625,514.5700073242188,161414,2024-11-08 14:30:00+00:00
514.72998046875,515.7000122070312,510.4400939941406,514.2000122070312,137507,2024-11-08 15:30:00+00:00
513.9849853515625,516.7899169921875,513.9849853515625,515.155029296875,85130,2024-11-08 16:30:00+00:00
515.280029296875,517.9005737304688,514.9201049804688,517.25,139877,2024-11-08 17:30:00+00:00
517.2100219726562,519.5700073242188,516.5919799804688,517.2799072265625,113019,2024-11-08 18:30:00+00:00
517.2498779296875,519.8800048828125,515.5499877929688,516.4000244140625,175026,2024-11-08 19:30:00+00:00
516.75341796875,517.5999755859375,516.1400146484375,516.9099731445312,168937,2024-11-08 20:30:00+00:00
515.0,518.3499755859375,511.3699951171875,513.3499755859375,235849,2024-11-11 14:30:00+00:00
513.385009765625,514.0189819335938,511.5199890136719,513.0527954101562,90150,2024-11-11 15:30:00+00:00
512.360107421875,513.25,510.2349853515625,510.5801086425781,64157,2024-11-11 16:30:00+00:00
510.3500061035156,510.3800048828125,506.0199890136719,506.0299987792969,111101,2024-11-11 17:30:00+00:00
506.2699890136719,506.8699951171875,503.5,503.5660095214844,141675,2024-11-11 18:30:00+00:00
504.0990905761719,504.0990905761719,500.1400146484375,501.4599914550781,99569,2024-11-11 19:30:00+00:00
501.67999267578125,503.07000732421875,500.94500732421875,501.55999755859375,146415,2024-11-11 20:30:00+00:00
503.0,507.5799865722656,500.20001220703125,501.6400146484375,120563,2024-11-12 14:30:00+00:00
501.3500061035156,501.3500061035156,498.6935119628906,499.4100036621094,63667,2024-11-12 15:30:00+00:00
499.010009765625,500.05999755859375,496.79998779296875,497.32000732421875,60758,2024-11-12 16:30:00+00:00
497.1700134277344,497.9599914550781,495.44000244140625,496.7650146484375,90412,2024-11-12 17:30:00+00:00
496.5799865722656,496.75250244140625,494.1387939453125,494.8900146484375,84423,2024-11-12 18:30:00+00:00
494.489990234375,495.2699890136719,489.0199890136719,489.7099914550781,162176,2024-11-12 19:30:00+00:00
490.1000061035156,491.80999755859375,489.47259521484375,489.92999267578125,163708,2024-11-12 20:30:00+00:00
491.6600036621094,498.25,491.239990234375,495.3349914550781,122408,2024-11-13 14:30:00+00:00
496.1400146484375,496.3599853515625,493.0000915527344,494.3800048828125,142005,2024-11-13 15:30:00+00:00
494.5150146484375,494.5199890136719,493.3299865722656,494.2287902832031,53231,2024-11-13 16:30:00+00:00
493.9200134277344,494.6040954589844,493.260009765625,494.18499755859375,60505,2024-11-13 17:30:00+00:00
493.8599853515625,496.7799987792969,493.7124938964844,496.1099853515625,70979,2024-11-13 18:30:00+00:00
496.05999755859375,496.5799865722656,494.9100036621094,495.9200134277344,73293,2024-11-13 19:30:00+00:00
496.1099853515625,496.3500061035156,494.1000061035156,494.760009765625,119292,2024-11-13 20:30:00+00:00
495.6199951171875,495.6199951171875,485.20001220703125,488.2550048828125,178617,2024-11-14 14:30:00+00:00
488.260009765625,492.7099914550781,488.19500732421875,491.1300048828125,72717,2024-11-14 15:30:00+00:00
490.8900146484375,493.1549987792969,490.8475036621094,491.2699890136719,67994,2024-11-14 16:30:00+00:00
491.239990234375,491.760009765625,489.0199890136719,491.239990234375,74494,2024-11-14 17:30:00+00:00
491.32000732421875,491.32000732421875,488.0,488.260009765625,106304,2024-11-14 18:30:00+00:00
488.42498779296875,489.04998779296875,486.5849914550781,487.5299987792969,94397,2024-11-14 19:30:00+00:00
487.5400085449219,487.6099853515625,483.55999755859375,484.0799865722656,174374,2024-11-14 20:30:00+00:00
478.875,478.875,458.3399963378906,460.4100036621094,462441,2024-11-15 14:30:00+00:00
460.8399963378906,464.14990234375,458.1000061035156,461.1000061035156,426145,2024-11-15 15:30:00+00:00
461.4100036621094,462.7300109863281,459.4200134277344,460.4800109863281,254258,2024-11-15 16:30:00+00:00
460.29998779296875,462.0,459.07000732421875,461.239990234375,202277,2024-11-15 17:30:00+00:00
461.33770751953125,461.57501220703125,459.7099914550781,459.9700012207031,111140,2024-11-15 18:30:00+00:00
459.8599853515625,464.1799011230469,459.6600036621094,462.8399963378906,202463,2024-11-15 19:30:00+00:00
462.8500061035156,466.8599853515625,462.1499938964844,465.69000244140625,389561,2024-11-15 20:30:00+00:00
465.07000732421875,465.4549865722656,458.04998779296875,464.489990234375,213324,2024-11-18 14:30:00+00:00
464.5299987792969,467.739990234375,464.5299987792969,465.5950012207031,99728,2024-11-18 15:30:00+00:00
465.5400085449219,466.7799987792969,465.1700134277344,466.7300109863281,51514,2024-11-18 16:30:00+00:00
466.31201171875,467.29998779296875,465.3699951171875,466.1234130859375,70472,2024-11-18 17:30:00+00:00
465.8299865722656,467.8699951171875,465.7850036621094,465.989990234375,66538,2024-11-18 18:30:00+00:00
466.0,468.875,465.7900085449219,468.3800048828125,111096,2024-11-18 19:30:00+00:00
468.3800048828125,468.7300109863281,466.54998779296875,467.1199951171875,174839,2024-11-18 20:30:00+00:00
462.79998779296875,463.84991455078125,458.1600036621094,460.07000732421875,160962,2024-11-19 14:30:00+00:00
459.5799865722656,463.5,459.5799865722656,462.8999938964844,114507,2024-11-19 15:30:00+00:00
463.1640930175781,463.7037048339844,459.1499938964844,460.2349853515625,76749,2024-11-19 16:30:00+00:00
460.0,460.0,454.6400146484375,455.1799011230469,199665,2024-11-19 17:30:00+00:00
454.7900085449219,455.3500061035156,452.04998779296875,452.1400146484375,414051,2024-11-19 18:30:00+00:00
452.32000732421875,454.0248107910156,449.5299987792969,449.8299865722656,428239,2024-11-19 19:30:00+00:00
450.1138916015625,450.17559814453125,447.1400146484375,448.0,492409,2024-11-19 20:30:00+00:00
448.30999755859375,451.76251220703125,445.3839111328125,446.75,413167,2024-11-20 14:30:00+00:00
446.6449890136719,450.8999938964844,445.82000732421875,448.44500732421875,205355,2024-11-20 15:30:00+00:00
448.4100036621094,450.4800109863281,447.8599853515625,448.614990234375,125278,2024-11-20 16:30:00+00:00
448.67999267578125,449.1600036621094,447.32000732421875,448.44000244140625,74154,2024-11-20 17:30:00+00:00
448.625,449.1199951171875,446.385009765625,447.70001220703125,109015,2024-11-20 18:30:00+00:00
447.70001220703125,448.239990234375,447.0199890136719,448.1000061035156,117508,2024-11-20 19:30:00+00:00
448.3299865722656,451.4599914550781,447.3299865722656,451.1400146484375,306713,2024-11-20 20:30:00+00:00
454.3999938964844,455.42999267578125,445.0,446.6000061035156,190477,2024-11-21 14:30:00+00:00
446.5050048828125,449.0400085449219,445.80499267578125,448.2099914550781,150279,2024-11-21 15:30:00+00:00
448.2099914550781,449.29998779296875,446.3900146484375,447.7601013183594,191047,2024-11-21 16:30:00+00:00
447.7300109863281,452.1549987792969,447.6099853515625,450.8599853515625,113978,2024-11-21 17:30:00+00:00
451.0799865722656,451.1400146484375,448.45001220703125,449.3500061035156,109348,2024-11-21 18:30:00+00:00
449.6700134277344,451.1499938964844,448.4049987792969,449.2650146484375,209211,2024-11-21 19:30:00+00:00
449.45001220703125,450.5,448.67999267578125,450.3389892578125,244678,2024-11-21 20:30:00+00:00
454.29998779296875,457.5400085449219,449.3999938964844,450.885009765625,190295,2024-11-22 14:30:00+00:00
450.6300048828125,452.9800109863281,449.04010009765625,452.4599914550781,145550,2024-11-22 15:30:00+00:00
452.4100036621094,455.3299865722656,451.8999938964844,454.9700012207031,184065,2024-11-22 16:30:00+00:00
454.94000244140625,455.20660400390625,451.8599853515625,452.7950134277344,92634,2024-11-22 17:30:00+00:00
453.0199890136719,453.3099060058594,450.3299865722656,451.0899963378906,107063,2024-11-22 18:30:00+00:00
451.19000244140625,452.2900085449219,450.760009765625,452.010009765625,113870,2024-11-22 19:30:00+00:00
452.25,452.69940185546875,450.5899963378906,450.95001220703125,221312,2024-11-22 20:30:00+00:00
456.1099853515625,461.45001220703125,455.82501220703125,459.8500061035156,172489,2024-11-25 14:30:00+00:00
460.0249938964844,460.760009765625,457.7650146484375,459.70001220703125,99792,2024-11-25 15:30:00+00:00
459.6400146484375,459.95001220703125,457.79998779296875,457.98529052734375,58084,2024-11-25 16:30:00+00:00
458.2099914550781,459.8598937988281,457.8800964355469,458.5400085449219,111120,2024-11-25 17:30:00+00:00
458.6799011230469,459.6600036621094,458.010009765625,458.9549865722656,84982,2024-11-25 18:30:00+00:00
458.75250244140625,461.80999755859375,457.9549865722656,461.55499267578125,119097,2024-11-25 19:30:00+00:00
461.5249938964844,462.95001220703125,459.1700134277344,462.05999755859375,300723,2024-11-25 20:30:00+00:00
465.0,465.8299865722656,459.3500061035156,459.69061279296875,132561,2024-11-26 14:30:00+00:00
461.3500061035156,462.7300109863281,459.07000732421875,462.69500732421875,85700,2024-11-26 15:30:00+00:00
462.4700012207031,463.6199951171875,461.8900146484375,462.5450134277344,89020,2024-11-26 16:30:00+00:00
462.4898986816406,462.9599914550781,460.5461120605469,460.5950012207031,284878,2024-11-26 17:30:00+00:00
460.59210205078125,462.45001220703125,460.19000244140625,462.0450134277344,80513,2024-11-26 18:30:00+00:00
461.9649963378906,465.7099914550781,461.7300109863281,465.0249938964844,97214,2024-11-26 19:30:00+00:00
465.20001220703125,467.9599914550781,464.8800048828125,466.489990234375,325401,2024-11-26 20:30:00+00:00
464.80999755859375,467.4800109863281,462.010009765625,466.4200134277344,188866,2024-11-27 14:30:00+00:00
465.9599914550781,467.5400085449219,464.07000732421875,467.125,87906,2024-11-27 15:30:00+00:00
467.1099853515625,470.42449951171875,466.885009765625,469.43499755859375,74143,2024-11-27 16:30:00+00:00
469.29998779296875,469.7799987792969,466.9700012207031,466.9700012207031,57037,2024-11-27 17:30:00+00:00
467.0,467.44000244140625,464.2300109863281,464.364990234375,83636,2024-11-27 18:30:00+00:00
464.3349914550781,465.6075134277344,464.2850036621094,465.3800048828125,80494,2024-11-27 19:30:00+00:00
465.0849914550781,466.2699890136719,464.0,464.57000732421875,149977,2024-11-27 20:30:00+00:00
464.69000244140625,470.5,462.5199890136719,469.4200134277344,133504,2024-11-29 14:30:00+00:00
469.05999755859375,470.9299011230469,468.5,469.7349853515625,109367,2024-11-29 15:30:00+00:00
469.4800109863281,470.2099914550781,468.9599914550781,469.7900085449219,86188,2024-11-29 16:30:00+00:00
467.1300048828125,468.19000244140625,463.7099914550781,463.86859130859375,105937,2024-12-02 14:30:00+00:00
463.5299987792969,466.5350036621094,463.04998779296875,464.8699951171875,85343,2024-12-02 15:30:00+00:00
465.0899963378906,467.0,464.5899963378906,465.9549865722656,62369,2024-12-02 16:30:00+00:00
466.010009765625,466.34991455078125,465.1099853515625,465.9599914550781,48369,2024-12-02 17:30:00+00:00
466.0950012207031,467.239990234375,465.8800048828125,466.42498779296875,47180,2024-12-02 18:30:00+00:00
466.42999267578125,466.8257141113281,465.78009033203125,466.4100036621094,52617,2024-12-02 19:30:00+00:00
466.4100036621094,467.30499267578125,465.3949890136719,465.7699890136719,105647,2024-12-02 20:30:00+00:00
462.8599853515625,468.510009765625,461.6400146484375,462.2449951171875,180152,2024-12-03 14:30:00+00:00
462.489990234375,463.80999755859375,460.79998779296875,463.1050109863281,106979,2024-12-03 15:30:00+00:00
463.125,463.1400146484375,460.5799865722656,461.0,76527,2024-12-03 16:30:00+00:00
460.9200134277344,461.1499938964844,458.6700134277344,459.1700134277344,79126,2024-12-03 17:30:00+00:00
458.989990234375,460.3800048828125,458.95001220703125,459.760009765625,65166,2024-12-03 18:30:00+00:00
459.7300109863281,460.0752868652344,457.8599853515625,458.05731201171875,75803,2024-12-03 19:30:00+00:00
457.8800048828125,458.01300048828125,455.010009765625,456.9289855957031,333265,2024-12-03 20:30:00+00:00
454.7200012207031,457.1700134277344,450.0,455.010009765625,141110,2024-12-04 14:30:00+00:00
455.04998779296875,461.69000244140625,454.4700012207031,461.29998779296875,306450,2024-12-04 15:30:00+00:00
461.375,461.760009765625,459.5,459.8599853515625,46134,2024-12-04 16:30:00+00:00
459.8399963378906,460.1099853515625,458.25,458.44500732421875,112874,2024-12-04 17:30:00+00:00
458.17999267578125,459.5,458.0400085449219,458.9649963378906,64776,2024-12-04 18:30:00+00:00
458.9150085449219,462.114990234375,458.9150085449219,461.7701110839844,108518,2024-12-04 19:30:00+00:00
462.1343078613281,464.82000732421875,461.8699951171875,463.8599853515625,192422,2024-12-04 20:30:00+00:00
461.3500061035156,467.05999755859375,461.3500061035156,464.0911865234375,117703,2024-12-05 14:30:00+00:00
464.07501220703125,464.6199951171875,460.44000244140625,461.54998779296875,134801,2024-12-05 15:30:00+00:00
461.4599914550781,462.0899963378906,458.67999267578125,458.82000732421875,107939,2024-12-05 16:30:00+00:00
458.8699951171875,460.4200134277344,458.3699951171875,459.885009765625,95053,2024-12-05 17:30:00+00:00
459.885009765625,460.1600036621094,457.9700012207031,458.9800109863281,92430,2024-12-05 18:30:00+00:00
458.9800109863281,460.5199890136719,457.9599914550781,458.125,172353,2024-12-05 19:30:00+00:00
458.1400146484375,460.20001220703125,458.04998779296875,459.8900146484375,188858,2024-12-05 20:30:00+00:00
458.05999755859375,465.9049987792969,456.8599853515625,465.44000244140625,370317,2024-12-06 14:30:00+00:00
465.489990234375,465.489990234375,461.8599853515625,462.32501220703125,89544,2024-12-06 15:30:00+00:00
462.010009765625,463.0,461.04010009765625,461.32000732421875,46880,2024-12-06 16:30:00+00:00
461.1300048828125,463.0050048828125,460.5249938964844,462.0899963378906,44449,2024-12-06 17:30:00+00:00
462.1000061035156,462.79998779296875,461.04998779296875,461.489990234375,49466,2024-12-06 18:30:00+00:00
461.489990234375,462.1300048828125,460.5799865722656,461.1199951171875,64040,2024-12-06 19:30:00+00:00
461.2799987792969,462.8999938964844,460.40008544921875,462.1000061035156,245667,2024-12-06 20:30:00+00:00
468.635009765625,476.0199890136719,467.1600036621094,471.95001220703125,248613,2024-12-09 14:30:00+00:00
472.489990234375,473.5849914550781,468.6600036621094,469.8599853515625,175510,2024-12-09 15:30:00+00:00
470.0450134277344,471.8599853515625,469.7550048828125,470.5893859863281,79223,2024-12-09 16:30:00+00:00
470.8599853515625,473.42999267578125,470.6499938964844,473.3299865722656,94721,2024-12-09 17:30:00+00:00
473.3299865722656,474.9200134277344,473.3299865722656,474.07000732421875,70921,2024-12-09 18:30:00+00:00
474.0799865722656,474.9418029785156,473.57501220703125,474.2250061035156,106712,2024-12-09 19:30:00+00:00
474.2250061035156,475.0299987792969,473.6400146484375,474.0400085449219,145253,2024-12-09 20:30:00+00:00
473.29998779296875,476.4580078125,465.43670654296875,467.1549987792969,141371,2024-12-10 14:30:00+00:00
467.3699951171875,469.7900085449219,466.7099914550781,469.31500244140625,80407,2024-12-10 15:30:00+00:00
469.3699951171875,469.81939697265625,465.4849853515625,466.6600036621094,81681,2024-12-10 16:30:00+00:00
466.5,469.5799865722656,466.5,469.2900085449219,57735,2024-12-10 17:30:00+00:00
469.0299987792969,470.5899963378906,468.989990234375,470.5299987792969,47337,2024-12-10 18:30:00+00:00
470.4100036621094,472.2099914550781,469.30999755859375,469.8500061035156,94545,2024-12-10 19:30:00+00:00
469.6000061035156,470.760009765625,468.2900085449219,469.2909851074219,123161,2024-12-10 20:30:00+00:00
471.8800048828125,472.3299865722656,460.8900146484375,461.5899963378906,126846,2024-12-11 14:30:00+00:00
461.5899963378906,463.69000244140625,461.029296875,462.8299865722656,111116,2024-12-11 15:30:00+00:00
462.9649963378906,465.9200134277344,462.3299865722656,465.6400146484375,112476,2024-12-11 16:30:00+00:00
465.260009765625,468.4100036621094,465.1099853515625,466.739990234375,100093,2024-12-11 17:30:00+00:00
466.8599853515625,467.135009765625,463.3500061035156,466.7099914550781,106211,2024-12-11 18:30:00+00:00
466.9800109863281,469.4200134277344,466.9800109863281,469.3500061035156,108747,2024-12-11 19:30:00+00:00
469.54998779296875,470.07000732421875,468.1600036621094,468.1600036621094,117372,2024-12-11 20:30:00+00:00
466.5199890136719,469.75750732421875,461.2950134277344,462.30999755859375,91833,2024-12-12 14:30:00+00:00
462.05999755859375,462.6600036621094,460.25,460.4800109863281,88333,2024-12-12 15:30:00+00:00
460.82000732421875,465.0,460.04998779296875,465.0,113781,2024-12-12 16:30:00+00:00
464.8299865722656,466.00201416015625,464.3100891113281,465.8699951171875,58467,2024-12-12 17:30:00+00:00
466.0,466.5799865722656,464.3450012207031,465.9280090332031,84128,2024-12-12 18:30:00+00:00
465.9150085449219,466.510009765625,464.8066101074219,465.385009765625,114898,2024-12-12 19:30:00+00:00
465.6099853515625,465.6099853515625,463.6400146484375,464.1199951171875,177235,2024-12-12 20:30:00+00:00
462.3299865722656,463.8500061035156,459.7900085449219,461.1700134277344,167143,2024-12-13 14:30:00+00:00
461.2699890136719,463.2225036621094,460.25,462.6600036621094,117587,2024-12-13 15:30:00+00:00
462.2699890136719,463.8900146484375,461.8399963378906,463.5199890136719,67555,2024-12-13 16:30:00+00:00
463.6600036621094,465.4150085449219,463.2900085449219,465.3500061035156,55602,2024-12-13 17:30:00+00:00
465.364990234375,466.6600036621094,465.0799865722656,466.0,74464,2024-12-13 18:30:00+00:00
465.8399963378906,466.17999267578125,463.7900085449219,464.9100036621094,101197,2024-12-13 19:30:00+00:00
464.8800048828125,465.7174987792969,463.3999938964844,463.6300048828125,153859,2024-12-13 20:30:00+00:00
463.19500732421875,467.510009765625,462.125,464.03009033203125,153097,2024-12-16 14:30:00+00:00
464.7900085449219,466.3999938964844,464.3699951171875,464.7799987792969,138803,2024-12-16 15:30:00+00:00
464.8900146484375,467.4100036621094,464.1499938964844,467.29998779296875,84093,2024-12-16 16:30:00+00:00
466.9649963378906,466.9649963378906,465.6499938964844,466.79998779296875,63272,2024-12-16 17:30:00+00:00
466.79998779296875,468.239990234375,466.1499938964844,466.18499755859375,72968,2024-12-16 18:30:00+00:00
466.3450012207031,466.6099853515625,464.7799987792969,466.3399963378906,107770,2024-12-16 19:30:00+00:00
466.3399963378906,470.0799865722656,465.69000244140625,468.0400085449219,260943,2024-12-16 20:30:00+00:00
468.07000732421875,474.18499755859375,465.6199951171875,469.7799987792969,175489,2024-12-17 14:30:00+00:00
470.0,470.8599853515625,466.03460693359375,469.0400085449219,96069,2024-12-17 15:30:00+00:00
469.2099914550781,471.8699951171875,468.8299865722656,469.3399963378906,84126,2024-12-17 16:30:00+00:00
469.7099914550781,470.25,467.6600036621094,468.45379638671875,84394,2024-12-17 17:30:00+00:00
468.6155090332031,469.19000244140625,467.2699890136719,468.9879150390625,85524,2024-12-17 18:30:00+00:00
468.99249267578125,469.7799987792969,468.2200012207031,468.5,114100,2024-12-17 19:30:00+00:00
468.80999755859375,469.6549987792969,467.9599914550781,469.2799987792969,126327,2024-12-17 20:30:00+00:00
467.05999755859375,470.989990234375,464.17999267578125,466.4599914550781,129980,2024-12-18 14:30:00+00:00
466.4100036621094,468.42999267578125,465.07000732421875,467.9800109863281,87782,2024-12-18 15:30:00+00:00
467.9700012207031,469.6087951660156,467.1700134277344,469.0899963378906,54875,2024-12-18 16:30:00+00:00
469.1300048828125,469.3599853515625,461.6549987792969,462.4200134277344,191719,2024-12-18 17:30:00+00:00
462.19000244140625,462.29998779296875,453.7200012207031,456.79998779296875,278434,2024-12-18 18:30:00+00:00
456.6700134277344,456.6700134277344,448.5,449.7900085449219,229324,2024-12-18 19:30:00+00:00
450.0299987792969,450.4399108886719,445.8699951171875,447.42999267578125,331334,2024-12-18 20:30:00+00:00
391.0,403.6000061035156,378.0,394.5299987792969,3270956,2024-12-19 14:30:00+00:00
394.0,394.0824890136719,384.4100036621094,390.3900146484375,854785,2024-12-19 15:30:00+00:00
390.2749938964844,390.9800109863281,382.7651062011719,388.4700012207031,620852,2024-12-19 16:30:00+00:00
388.6650085449219,393.239990234375,386.2200012207031,393.2200012207031,559168,2024-12-19 17:30:00+00:00
392.79998779296875,398.4100036621094,390.8500061035156,398.25,611053,2024-12-19 18:30:00+00:00
398.4100036621094,403.3042907714844,396.20001220703125,402.614990234375,902567,2024-12-19 19:30:00+00:00
402.7200012207031,404.0400085449219,394.2200012207031,396.6099853515625,744532,2024-12-19 20:30:00+00:00
395.7200012207031,396.0,386.6600036621094,392.70001220703125,1058857,2024-12-20 14:30:00+00:00
392.9849853515625,393.5799865722656,388.2699890136719,393.4599914550781,455749,2024-12-20 15:30:00+00:00
393.1000061035156,397.1650085449219,391.9800109863281,396.55999755859375,494820,2024-12-20 16:30:00+00:00
396.82000732421875,401.20001220703125,396.18499755859375,398.5849914550781,586972,2024-12-20 17:30:00+00:00
398.6415100097656,399.1700134277344,395.5199890136719,396.0299987792969,694344,2024-12-20 18:30:00+00:00
396.0400085449219,398.3699951171875,395.5400085449219,397.75,258201,2024-12-20 19:30:00+00:00
397.8299865722656,398.94000244140625,395.239990234375,397.1199951171875,773906,2024-12-20 20:30:00+00:00
391.8699951171875,396.67999267578125,391.0,396.4800109863281,361651,2024-12-23 14:30:00+00:00
396.4599914550781,400.639892578125,395.5,399.375,205227,2024-12-23 15:30:00+00:00
399.0899963378906,399.260009765625,397.2799987792969,397.9735107421875,162051,2024-12-23 16:30:00+00:00
397.9700012207031,401.7099914550781,397.29998779296875,401.05999755859375,123226,2024-12-23 17:30:00+00:00
401.2900085449219,402.1300048828125,399.80999755859375,401.5400085449219,171138,2024-12-23 18:30:00+00:00
401.5299987792969,402.69000244140625,400.42498779296875,401.6099853515625,185853,2024-12-23 19:30:00+00:00
401.3800048828125,405.92999267578125,401.3500061035156,405.19000244140625,414251,2024-12-23 20:30:00+00:00
402.5400085449219,408.30999755859375,402.1000061035156,407.75,256116,2024-12-24 14:30:00+00:00
407.79998779296875,410.5799865722656,407.04998779296875,408.1199951171875,341131,2024-12-24 15:30:00+00:00
408.1199951171875,409.9599914550781,407.56500244140625,407.7200012207031,222253,2024-12-24 16:30:00+00:00
407.20001220703125,410.07000732421875,406.0199890136719,408.2099914550781,275002,2024-12-26 14:30:00+00:00
408.4599914550781,409.92498779296875,407.8500061035156,408.1000061035156,105860,2024-12-26 15:30:00+00:00
408.1099853515625,410.510009765625,408.1000061035156,410.1700134277344,90261,2024-12-26 16:30:00+00:00
409.81500244140625,410.79998779296875,409.32000732421875,410.6700134277344,73585,2024-12-26 17:30:00+00:00
410.70880126953125,410.70880126953125,407.93499755859375,408.1099853515625,105404,2024-12-26 18:30:00+00:00
408.17498779296875,409.7699890136719,408.17498779296875,409.44000244140625,121239,2024-12-26 19:30:00+00:00
409.260009765625,411.2200012207031,409.1199951171875,410.5,164450,2024-12-26 20:30:00+00:00
406.5,410.9800109863281,405.0,407.3699951171875,230089,2024-12-27 14:30:00+00:00
407.2900085449219,408.0989074707031,406.0144958496094,407.6199951171875,194449,2024-12-27 15:30:00+00:00
407.5899963378906,408.20001220703125,404.489990234375,404.92999267578125,111621,2024-12-27 16:30:00+00:00
405.260009765625,406.3399963378906,404.67999267578125,406.17999267578125,115872,2024-12-27 17:30:00+00:00
406.2250061035156,409.04998779296875,406.1499938964844,408.45001220703125,125238,2024-12-27 18:30:00+00:00
408.3900146484375,409.79901123046875,407.2300109863281,407.875,100487,2024-12-27 19:30:00+00:00
407.875,409.135009765625,407.5199890136719,408.69000244140625,228838,2024-12-27 20:30:00+00:00
404.5400085449219,407.05999755859375,399.69000244140625,400.5,228019,2024-12-30 14:30:00+00:00
400.6650085449219,402.3999938964844,399.45001220703125,400.9700012207031,140449,2024-12-30 15:30:00+00:00
400.93499755859375,402.510009765625,400.710693359375,402.04998779296875,123197,2024-12-30 16:30:00+00:00
402.05499267578125,402.05499267578125,399.17999267578125,400.0,185686,2024-12-30 17:30:00+00:00
399.94000244140625,401.6099853515625,399.3900146484375,400.2749938964844,105967,2024-12-30 18:30:00+00:00
400.1400146484375,400.4200134277344,399.1099853515625,399.19500732421875,202534,2024-12-30 19:30:00+00:00
399.3999938964844,400.82000732421875,399.2749938964844,399.3500061035156,267244,2024-12-30 20:30:00+00:00
399.6300048828125,404.989990234375,399.6300048828125,401.8374938964844,95825,2024-12-31 14:30:00+00:00
401.54998779296875,402.4200134277344,400.1099853515625,400.1099853515625,74967,2024-12-31 15:30:00+00:00
400.2799987792969,401.7200012207031,399.8299865722656,400.6600036621094,78746,2024-12-31 16:30:00+00:00
400.5249938964844,401.95001220703125,399.7900085449219,400.489990234375,76546,2024-12-31 17:30:00+00:00
400.82000732421875,402.3999938964844,400.82000732421875,402.39801025390625,69116,2024-12-31 18:30:00+00:00
402.1400146484375,403.25,400.1700134277344,402.1300048828125,165330,2024-12-31 19:30:00+00:00
402.42999267578125,403.5,401.6300048828125,402.7699890136719,231471,2024-12-31 20:30:00+00:00
403.1400146484375,409.5975036621094,403.0,405.3500061035156,184556,2025-01-02 14:30:00+00:00
405.8900146484375,407.5799865722656,405.1400146484375,407.5799865722656,182949,2025-01-02 15:30:00+00:00
407.55999755859375,407.69000244140625,403.9906921386719,404.5450134277344,162838,2025-01-02 16:30:00+00:00
404.42999267578125,405.07501220703125,403.5000915527344,403.9100036621094,104091,2025-01-02 17:30:00+00:00
403.79998779296875,404.6890869140625,402.7640075683594,404.4700012207031,130767,2025-01-02 18:30:00+00:00
404.3800048828125,406.1600036621094,404.1700134277344,405.3999938964844,87694,2025-01-02 19:30:00+00:00
404.9700012207031,406.3299865722656,404.510009765625,405.8800048828125,202401,2025-01-02 20:30:00+00:00
407.57000732421875,409.79998779296875,406.6000061035156,409.30999755859375,168951,2025-01-03 14:30:00+00:00
409.1700134277344,410.3399963378906,408.1300964355469,410.1600036621094,128645,2025-01-03 15:30:00+00:00
410.0,411.1889953613281,409.7200012207031,410.0799865722656,96877,2025-01-03 16:30:00+00:00
410.1400146484375,410.3999938964844,408.8949890136719,410.1600036621094,115292,2025-01-03 17:30:00+00:00
410.4100036621094,411.6400146484375,409.75,410.0,91501,2025-01-03 18:30:00+00:00
410.1499938964844,410.3900146484375,406.94000244140625,407.7300109863281,107898,2025-01-03 19:30:00+00:00
407.7200012207031,408.2099914550781,406.3999938964844,407.1099853515625,151105,2025-01-03 20:30:00+00:00
399.0,403.185302734375,399.0,401.7300109863281,326048,2025-01-06 14:30:00+00:00
401.7900085449219,403.0799865722656,400.8599853515625,402.4700012207031,158701,2025-01-06 15:30:00+00:00
402.4200134277344,403.989990234375,401.14569091796875,403.9800109863281,142041,2025-01-06 16:30:00+00:00
403.7799987792969,404.739990234375,401.3900146484375,402.4599914550781,113590,2025-01-06 17:30:00+00:00
402.45001220703125,403.1449890136719,401.8301086425781,402.0199890136719,120317,2025-01-06 18:30:00+00:00
402.0,402.3900146484375,400.4949951171875,400.9150085449219,208833,2025-01-06 19:30:00+00:00
400.9150085449219,402.5199890136719,400.67999267578125,402.510009765625,257527,2025-01-06 20:30:00+00:00
403.29998779296875,410.07000732421875,401.5400085449219,409.92498779296875,280974,2025-01-07 14:30:00+00:00
409.07501220703125,410.80999755859375,406.67999267578125,406.8399963378906,193256,2025-01-07 15:30:00+00:00
407.0400085449219,408.6400146484375,402.489990234375,408.2250061035156,142862,2025-01-07 16:30:00+00:00
408.2250061035156,408.55999755859375,405.760009765625,407.3500061035156,104348,2025-01-07 17:30:00+00:00
407.385009765625,409.7900085449219,406.8299865722656,409.44000244140625,116733,2025-01-07 18:30:00+00:00
409.5899963378906,409.5899963378906,408.010009765625,408.2699890136719,130351,2025-01-07 19:30:00+00:00
408.2699890136719,408.9700012207031,407.0249938964844,408.4200134277344,359351,2025-01-07 20:30:00+00:00
410.23748779296875,411.389892578125,407.30999755859375,410.2023010253906,113172,2025-01-08 14:30:00+00:00
409.9100036621094,410.4100036621094,408.0799865722656,409.3599853515625,127959,2025-01-08 15:30:00+00:00
409.2250061035156,409.8290100097656,407.239990234375,408.04998779296875,119268,2025-01-08 16:30:00+00:00
407.9599914550781,411.2200012207031,407.4549865722656,411.2099914550781,106499,2025-01-08 17:30:00+00:00
411.4150085449219,412.19000244140625,410.3299865722656,411.9132995605469,82871,2025-01-08 18:30:00+00:00
410.9200134277344,411.9549865722656,410.04998779296875,411.114990234375,105773,2025-01-08 19:30:00+00:00
411.114990234375,412.3500061035156,410.9200134277344,412.17999267578125,247451,2025-01-08 20:30:00+00:00
406.0,412.69000244140625,405.1700134277344,411.989990234375,270370,2025-01-10 14:30:00+00:00
411.9200134277344,412.25,407.3330993652344,408.04998779296875,157348,2025-01-10 15:30:00+00:00
407.989990234375,408.8599853515625,406.2799987792969,408.44000244140625,120876,2025-01-10 16:30:00+00:00
408.2200012207031,413.5199890136719,408.010009765625,413.2149963378906,305795,2025-01-10 17:30:00+00:00
413.0799865722656,413.1400146484375,408.3800048828125,409.1400146484375,107489,2025-01-10 18:30:00+00:00
409.1686096191406,410.625,408.0299987792969,410.2149963378906,175062,2025-01-10 19:30:00+00:00
410.29998779296875,412.05999755859375,409.3500061035156,409.3699951171875,245291,2025-01-10 20:30:00+00:00
408.0,408.44000244140625,397.2449951171875,402.82000732421875,278103,2025-01-13 14:30:00+00:00
403.1607971191406,406.4599914550781,402.5400085449219,404.0000915527344,159267,2025-01-13 15:30:00+00:00
404.0199890136719,411.1400146484375,403.75,410.92999267578125,233888,2025-01-13 16:30:00+00:00
410.54998779296875,416.0799865722656,410.3599853515625,415.989990234375,147071,2025-01-13 17:30:00+00:00
415.7749938964844,416.54998779296875,411.885009765625,412.6600036621094,153263,2025-01-13 18:30:00+00:00
412.5199890136719,414.92999267578125,412.10009765625,414.0899963378906,249391,2025-01-13 19:30:00+00:00
414.0899963378906,414.989990234375,412.3399963378906,413.3699951171875,349380,2025-01-13 20:30:00+00:00
411.94000244140625,413.3494873046875,408.2200012207031,412.34930419921875,175653,2025-01-14 14:30:00+00:00
412.3599853515625,413.7900085449219,411.7099914550781,412.85888671875,123447,2025-01-14 15:30:00+00:00
413.239990234375,413.4800109863281,410.20001220703125,410.2900085449219,87880,2025-01-14 16:30:00+00:00
410.2550048828125,412.6449890136719,409.3900146484375,412.5,126089,2025-01-14 17:30:00+00:00
412.56500244140625,414.5,411.8500061035156,412.760009765625,134035,2025-01-14 18:30:00+00:00
412.5400085449219,413.5,408.0906066894531,408.989990234375,205955,2025-01-14 19:30:00+00:00
409.0567932128906,411.8699951171875,408.7200012207031,411.67999267578125,229667,2025-01-14 20:30:00+00:00
415.1300048828125,422.25,415.1300048828125,421.6600036621094,259616,2025-01-15 14:30:00+00:00
421.8999938964844,422.7900085449219,420.4700012207031,420.5199890136719,104180,2025-01-15 15:30:00+00:00
420.510009765625,420.8800048828125,418.8500061035156,419.8299865722656,105578,2025-01-15 16:30:00+00:00
419.7200012207031,421.6099853515625,419.69000244140625,421.20001220703125,112995,2025-01-15 17:30:00+00:00
421.2300109863281,422.69500732421875,420.1099853515625,422.25079345703125,108912,2025-01-15 18:30:00+00:00
422.7049865722656,425.4800109863281,422.67498779296875,424.95001220703125,162561,2025-01-15 19:30:00+00:00
425.05999755859375,425.0799865722656,423.3800048828125,424.4599914550781,372353,2025-01-15 20:30:00+00:00
421.885009765625,423.0199890136719,416.8699951171875,419.07000732421875,132902,2025-01-16 14:30:00+00:00
419.25,421.0350036621094,418.2699890136719,419.7900085449219,116182,2025-01-16 15:30:00+00:00
419.63751220703125,420.5,419.239990234375,420.2300109863281,101726,2025-01-16 16:30:00+00:00
420.32000732421875,421.7699890136719,419.17999267578125,419.82501220703125,122166,2025-01-16 17:30:00+00:00
419.6000061035156,419.75,416.3800048828125,416.6199951171875,87701,2025-01-16 18:30:00+00:00
416.6199951171875,417.3500061035156,415.1499938964844,415.7099914550781,129102,2025-01-16 19:30:00+00:00
415.7077941894531,417.2799987792969,415.7077941894531,417.1400146484375,246845,2025-01-16 20:30:00+00:00
420.44000244140625,425.9100036621094,419.2699890136719,425.5050048828125,307604,2025-01-17 14:30:00+00:00
425.4024963378906,426.389892578125,423.57000732421875,424.7850036621094,223109,2025-01-17 15:30:00+00:00
425.05999755859375,426.3900146484375,424.6000061035156,426.3900146484375,111579,2025-01-17 16:30:00+00:00
426.19000244140625,428.0799865722656,426.1473083496094,427.8299865722656,107636,2025-01-17 17:30:00+00:00
427.8999938964844,428.25,426.80999755859375,427.44000244140625,94541,2025-01-17 18:30:00+00:00
427.2049865722656,427.6600036621094,425.1499938964844,425.4674987792969,151756,2025-01-17 19:30:00+00:00
425.32000732421875,425.5899963378906,421.2925109863281,421.989990234375,270719,2025-01-17 20:30:00+00:00
427.1300048828125,429.05999755859375,424.06500244140625,426.7550048828125,165706,2025-01-21 14:30:00+00:00
426.739990234375,428.2099914550781,425.3999938964844,426.75,143098,2025-01-21 15:30:00+00:00
426.69781494140625,429.5899963378906,425.7099914550781,429.32000732421875,191401,2025-01-21 16:30:00+00:00
429.44000244140625,430.5299987792969,429.18499755859375,429.69000244140625,160823,2025-01-21 17:30:00+00:00
429.5950012207031,429.8500061035156,427.5353088378906,427.8399963378906,122857,2025-01-21 18:30:00+00:00
427.5849914550781,429.3699951171875,427.3500061035156,429.1424865722656,117424,2025-01-21 19:30:00+00:00
429.135009765625,429.1700134277344,427.42999267578125,428.04998779296875,231935,2025-01-21 20:30:00+00:00
427.5,432.6000061035156,424.6499938964844,431.1099853515625,132097,2025-01-22 14:30:00+00:00
431.010009765625,431.010009765625,428.04998779296875,428.80999755859375,87350,2025-01-22 15:30:00+00:00
428.82000732421875,429.32000732421875,428.0,428.67999267578125,69287,2025-01-22 16:30:00+00:00
428.8299865722656,430.2300109863281,428.1000061035156,430.1549987792969,87935,2025-01-22 17:30:00+00:00
430.114990234375,430.6499938964844,429.0400085449219,429.9200134277344,80441,2025-01-22 18:30:00+00:00
429.8500061035156,430.2300109863281,427.2900085449219,427.89080810546875,111783,2025-01-22 19:30:00+00:00
427.9049987792969,428.1600036621094,426.010009765625,428.1099853515625,240320,2025-01-22 20:30:00+00:00
429.25,431.07000732421875,424.54998779296875,425.4849853515625,100464,2025-01-23 14:30:00+00:00
425.4953918457031,431.42999267578125,425.2300109863281,431.42999267578125,96617,2025-01-23 15:30:00+00:00
431.3800048828125,434.3900146484375,430.8988952636719,433.79998779296875,111020,2025-01-23 16:30:00+00:00
433.6199951171875,434.9800109863281,433.260009765625,434.2099914550781,95110,2025-01-23 17:30:00+00:00
434.0400085449219,436.760009765625,433.7300109863281,436.25,172272,2025-01-23 18:30:00+00:00
436.3500061035156,439.4100036621094,435.614990234375,439.3999938964844,228465,2025-01-23 19:30:00+00:00
439.3999938964844,442.8900146484375,438.6300048828125,439.7099914550781,433550,2025-01-23 20:30:00+00:00
438.7300109863281,441.9798889160156,436.69000244140625,440.2699890136719,203523,2025-01-24 14:30:00+00:00
439.8450012207031,442.6600036621094,438.9927978515625,440.1099853515625,163498,2025-01-24 15:30:00+00:00
440.55999755859375,442.1499938964844,439.6000061035156,440.4200134277344,148813,2025-01-24 16:30:00+00:00
440.32000732421875,440.9200134277344,439.3900146484375,440.57000732421875,111787,2025-01-24 17:30:00+00:00
440.5050048828125,440.82000732421875,437.8900146484375,440.82000732421875,204344,2025-01-24 18:30:00+00:00
440.739990234375,442.1600036621094,438.7701110839844,439.8599853515625,121589,2025-01-24 19:30:00+00:00
439.8699951171875,440.9200134277344,438.5299987792969,439.6199951171875,335597,2025-01-24 20:30:00+00:00
436.7200012207031,444.1698913574219,435.3301086425781,441.67999267578125,195042,2025-01-27 14:30:00+00:00
441.760009765625,443.04998779296875,438.5799865722656,440.8900146484375,117944,2025-01-27 15:30:00+00:00
440.57000732421875,444.7900085449219,440.57000732421875,444.4800109863281,101532,2025-01-27 16:30:00+00:00
444.739990234375,445.8515930175781,443.6300048828125,443.8599853515625,148016,2025-01-27 17:30:00+00:00
443.8599853515625,447.17999267578125,443.8599853515625,447.0,164805,2025-01-27 18:30:00+00:00
447.0199890136719,447.7200012207031,445.1400146484375,445.67498779296875,208312,2025-01-27 19:30:00+00:00
445.6600036621094,446.0,443.6099853515625,443.8500061035156,332049,2025-01-27 20:30:00+00:00
443.8800048828125,446.9800109863281,438.010009765625,439.3949890136719,183523,2025-01-28 14:30:00+00:00
439.2099914550781,445.52801513671875,439.2099914550781,442.3450012207031,167392,2025-01-28 15:30:00+00:00
442.8349914550781,444.0,441.6654968261719,443.30499267578125,79020,2025-01-28 16:30:00+00:00
443.54998779296875,444.5400085449219,442.9599914550781,444.239990234375,92185,2025-01-28 17:30:00+00:00
444.2300109863281,444.918701171875,441.0450134277344,441.0450134277344,123799,2025-01-28 18:30:00+00:00
440.9150085449219,443.1000061035156,440.1600036621094,442.0,162364,2025-01-28 19:30:00+00:00
441.9599914550781,442.54998779296875,440.5799865722656,440.6099853515625,147314,2025-01-28 20:30:00+00:00
436.8999938964844,441.6000061035156,430.80999755859375,440.7349853515625,234700,2025-01-29 14:30:00+00:00
440.739990234375,442.9150085449219,440.1300048828125,442.17999267578125,87486,2025-01-29 15:30:00+00:00
442.3299865722656,442.8340148925781,436.70001220703125,437.684814453125,121423,2025-01-29 16:30:00+00:00
437.8399963378906,439.32000732421875,436.3900146484375,439.1549987792969,86536,2025-01-29 17:30:00+00:00
439.29998779296875,439.7200012207031,436.3900146484375,437.6600036621094,86172,2025-01-29 18:30:00+00:00
437.385009765625,441.739990234375,437.385009765625,441.61248779296875,129034,2025-01-29 19:30:00+00:00
441.5450134277344,442.4713134765625,440.81500244140625,441.4599914550781,132044,2025-01-29 20:30:00+00:00
443.55999755859375,444.2749938964844,435.06500244140625,435.32000732421875,225240,2025-01-30 14:30:00+00:00
435.75250244140625,441.6199951171875,435.69000244140625,441.1700134277344,89407,2025-01-30 15:30:00+00:00
441.8999938964844,441.93499755859375,439.25,439.6700134277344,72757,2025-01-30 16:30:00+00:00
439.3900146484375,442.6000061035156,438.8599853515625,441.6650085449219,111817,2025-01-30 17:30:00+00:00
441.4100036621094,443.3500061035156,441.07000732421875,442.0799865722656,91440,2025-01-30 18:30:00+00:00
441.8800048828125,442.260009765625,439.9200134277344,440.7799987792969,126901,2025-01-30 19:30:00+00:00
440.8999938964844,440.94580078125,437.0199890136719,438.3900146484375,188079,2025-01-30 20:30:00+00:00
454.1700134277344,469.0,447.20001220703125,460.0,1183565,2025-01-31 14:30:00+00:00
460.1600036621094,469.19000244140625,459.0000915527344,467.260009765625,416168,2025-01-31 15:30:00+00:00
466.9700012207031,469.1199951171875,462.1199951171875,468.7550048828125,252369,2025-01-31 16:30:00+00:00
468.6700134277344,472.0400085449219,466.29998779296875,466.81689453125,326801,2025-01-31 17:30:00+00:00
466.7200012207031,466.7250061035156,459.9599914550781,462.0950012207031,253212,2025-01-31 18:30:00+00:00
462.0950012207031,463.20989990234375,459.92999267578125,461.8500061035156,343789,2025-01-31 19:30:00+00:00
461.7449951171875,463.8999938964844,460.6619873046875,461.6899108886719,465271,2025-01-31 20:30:00+00:00
463.3599853515625,468.6300048828125,458.7349853515625,462.1300048828125,613670,2025-02-03 14:30:00+00:00
462.25360107421875,466.05999755859375,460.1693115234375,464.6600036621094,204705,2025-02-03 15:30:00+00:00
464.7349853515625,469.5,463.92999267578125,468.4599914550781,183179,2025-02-03 16:30:00+00:00
468.0899963378906,468.760009765625,465.6278991699219,468.1499938964844,133636,2025-02-03 17:30:00+00:00
468.2349853515625,470.7898864746094,468.1000061035156,470.7300109863281,190162,2025-02-03 18:30:00+00:00
470.5450134277344,473.05999755859375,469.61981201171875,470.4800109863281,240664,2025-02-03 19:30:00+00:00
470.2900085449219,472.17999267578125,469.7300109863281,470.3299865722656,265881,2025-02-03 20:30:00+00:00
468.0400085449219,475.5841064453125,467.3450012207031,471.5299987792969,275672,2025-02-04 14:30:00+00:00
471.8500061035156,477.0050048828125,471.8399963378906,476.2049865722656,172317,2025-02-04 15:30:00+00:00
476.2349853515625,479.7900085449219,476.2349853515625,477.9800109863281,235077,2025-02-04 16:30:00+00:00
478.2149963378906,478.3765869140625,476.8949890136719,478.1199951171875,126055,2025-02-04 17:30:00+00:00
477.8900146484375,479.94500732421875,477.1000061035156,479.8399963378906,153393,2025-02-04 18:30:00+00:00
479.65350341796875,480.0849914550781,478.17999267578125,479.69000244140625,225947,2025-02-04 19:30:00+00:00
479.3299865722656,482.739990234375,479.1600036621094,482.3999938964844,439151,2025-02-04 20:30:00+00:00
485.0,489.17999267578125,481.69500732421875,488.6549987792969,275782,2025-02-05 14:30:00+00:00
488.7099914550781,489.0,483.5150146484375,487.6000061035156,199596,2025-02-05 15:30:00+00:00
487.92999267578125,488.739990234375,485.2099914550781,485.9200134277344,175152,2025-02-05 16:30:00+00:00
486.3800048828125,490.0350036621094,486.1499938964844,489.3299865722656,103125,2025-02-05 17:30:00+00:00
489.32501220703125,491.80499267578125,487.3399963378906,491.4599914550781,170718,2025-02-05 18:30:00+00:00
491.0249938964844,491.0249938964844,486.30999755859375,487.94000244140625,213863,2025-02-05 19:30:00+00:00
487.6400146484375,489.44000244140625,487.17999267578125,488.67999267578125,187565,2025-02-05 20:30:00+00:00
487.7900085449219,488.42999267578125,484.17999267578125,486.5,164246,2025-02-06 14:30:00+00:00
486.0199890136719,486.4800109863281,482.5299987792969,483.70001220703125,111800,2025-02-06 15:30:00+00:00
484.0450134277344,484.9200134277344,481.260009765625,481.739990234375,100793,2025-02-06 16:30:00+00:00
482.010009765625,484.2900085449219,481.9100036621094,483.04998779296875,64052,2025-02-06 17:30:00+00:00
483.1000061035156,484.29998779296875,482.2099914550781,482.614990234375,67488,2025-02-06 18:30:00+00:00
482.31500244140625,488.44000244140625,479.0,479.2699890136719,114333,2025-02-06 19:30:00+00:00
479.17498779296875,481.7200012207031,478.8100891113281,481.0299987792969,196150,2025-02-06 20:30:00+00:00
478.9800109863281,480.4700012207031,473.30010986328125,475.7300109863281,237827,2025-02-07 14:30:00+00:00
475.3500061035156,477.1300048828125,472.3900146484375,472.3900146484375,150868,2025-02-07 15:30:00+00:00
472.7900085449219,474.2998962402344,471.6261901855469,472.8500061035156,89395,2025-02-07 16:30:00+00:00
472.8500061035156,474.2300109863281,472.4436950683594,473.55499267578125,96482,2025-02-07 17:30:00+00:00
473.1400146484375,474.6199951171875,472.8500061035156,473.5799865722656,87713,2025-02-07 18:30:00+00:00
473.55499267578125,474.4800109863281,470.8500061035156,471.0935974121094,142647,2025-02-07 19:30:00+00:00
471.2049865722656,471.5,468.70001220703125,469.0899963378906,216700,2025-02-07 20:30:00+00:00
471.94000244140625,471.94000244140625,464.010009765625,467.54998779296875,258818,2025-02-10 14:30:00+00:00
467.5849914550781,470.8999938964844,467.0,469.80499267578125,136370,2025-02-10 15:30:00+00:00
470.3800048828125,471.82501220703125,469.45001220703125,470.010009765625,125847,2025-02-10 16:30:00+00:00
470.06500244140625,470.4200134277344,469.2250061035156,469.3599853515625,104234,2025-02-10 17:30:00+00:00
469.3800048828125,469.8500061035156,468.1000061035156,468.8299865722656,125016,2025-02-10 18:30:00+00:00
468.8299865722656,469.3599853515625,467.30999755859375,467.92999267578125,194248,2025-02-10 19:30:00+00:00
467.8800048828125,470.1600036621094,466.54998779296875,469.822509765625,331141,2025-02-10 20:30:00+00:00
460.0,468.19000244140625,454.3800048828125,460.5,414002,2025-02-11 14:30:00+00:00
460.75,462.6099853515625,459.6400146484375,460.8398132324219,128485,2025-02-11 15:30:00+00:00
461.0899963378906,462.75,459.17498779296875,459.4338073730469,151646,2025-02-11 16:30:00+00:00
459.29998779296875,462.510009765625,458.92999267578125,459.70001220703125,120736,2025-02-11 17:30:00+00:00
459.6499938964844,460.7799987792969,457.4949951171875,458.1499938964844,114813,2025-02-11 18:30:00+00:00
458.67999267578125,459.8399963378906,457.0199890136719,457.1499938964844,141876,2025-02-11 19:30:00+00:00
457.1499938964844,457.3349914550781,452.489990234375,454.92999267578125,304232,2025-02-11 20:30:00+00:00
451.82000732421875,454.010009765625,448.5799865722656,453.8800048828125,206441,2025-02-12 14:30:00+00:00
453.4800109863281,455.664794921875,449.6499938964844,449.70001220703125,121810,2025-02-12 15:30:00+00:00
449.70001220703125,451.989990234375,449.5094909667969,451.2773132324219,83787,2025-02-12 16:30:00+00:00
450.760009765625,451.07000732421875,446.4418029785156,446.5845947265625,117119,2025-02-12 17:30:00+00:00
446.8800048828125,448.0450134277344,446.0,446.3800048828125,97494,2025-02-12 18:30:00+00:00
446.5639953613281,451.3500061035156,446.0950012207031,450.8399963378906,154148,2025-02-12 19:30:00+00:00
451.0050048828125,453.7300109863281,450.96710205078125,452.8999938964844,175129,2025-02-12 20:30:00+00:00
454.8299865722656,455.80999755859375,450.6000061035156,452.5249938964844,114796,2025-02-13 14:30:00+00:00
452.8800048828125,460.3999938964844,452.3800048828125,457.875,115852,2025-02-13 15:30:00+00:00
457.57000732421875,459.9800109863281,456.5,459.30999755859375,115147,2025-02-13 16:30:00+00:00
459.30999755859375,465.67999267578125,458.6199951171875,460.114990234375,183734,2025-02-13 17:30:00+00:00
460.114990234375,464.17999267578125,459.489990234375,463.3599853515625,134764,2025-02-13 18:30:00+00:00
463.7774963378906,464.4700012207031,462.1700134277344,462.489990234375,115915,2025-02-13 19:30:00+00:00
462.32000732421875,464.0799865722656,462.010009765625,462.57000732421875,192548,2025-02-13 20:30:00+00:00
462.5,469.3349914550781,461.8949890136719,463.45001220703125,172945,2025-02-14 14:30:00+00:00
463.2049865722656,463.2049865722656,458.9093017578125,461.05999755859375,118516,2025-02-14 15:30:00+00:00
460.489990234375,463.2099914550781,460.239990234375,460.9200134277344,73032,2025-02-14 16:30:00+00:00
461.0,461.5799865722656,459.375,459.375,55249,2025-02-14 17:30:00+00:00
459.32000732421875,461.1199951171875,458.2699890136719,458.2699890136719,72376,2025-02-14 18:30:00+00:00
458.2699890136719,458.94000244140625,457.44000244140625,458.94000244140625,92587,2025-02-14 19:30:00+00:00
458.9700012207031,459.92999267578125,458.4049987792969,459.0199890136719,138853,2025-02-14 20:30:00+00:00
455.05999755859375,465.1199951171875,451.989990234375,459.6000061035156,245351,2025-02-18 14:30:00+00:00
459.95001220703125,463.2300109863281,459.7900085449219,461.739990234375,115830,2025-02-18 15:30:00+00:00
462.0849914550781,462.2099914550781,459.2200012207031,459.6050109863281,73850,2025-02-18 16:30:00+00:00
459.614990234375,460.989990234375,457.5199890136719,458.0799865722656,71995,2025-02-18 17:30:00+00:00
458.0849914550781,458.2615051269531,456.114990234375,456.9378967285156,116513,2025-02-18 18:30:00+00:00
456.760009765625,460.0,456.760009765625,459.3550109863281,157367,2025-02-18 19:30:00+00:00
459.4549865722656,462.32000732421875,459.4549865722656,462.1199951171875,244652,2025-02-18 20:30:00+00:00
463.260009765625,468.125,461.9100036621094,464.1199951171875,149766,2025-02-19 14:30:00+00:00
463.92999267578125,465.3349914550781,463.1000061035156,463.510009765625,115343,2025-02-19 15:30:00+00:00
463.45001220703125,465.2699890136719,463.05999755859375,464.9130859375,76550,2025-02-19 16:30:00+00:00
465.2099914550781,465.92498779296875,463.8901062011719,463.8901062011719,52768,2025-02-19 17:30:00+00:00
464.5400085449219,466.70001220703125,464.40570068359375,465.3399963378906,100205,2025-02-19 18:30:00+00:00
465.30499267578125,469.5400085449219,464.8599853515625,469.2077941894531,320695,2025-02-19 19:30:00+00:00
469.3699951171875,472.1199951171875,469.17999267578125,471.8900146484375,226176,2025-02-19 20:30:00+00:00
474.010009765625,477.5899963378906,473.4801025390625,475.92999267578125,203503,2025-02-20 14:30:00+00:00
476.17999267578125,477.3399963378906,474.2300109863281,477.1650085449219,133789,2025-02-20 15:30:00+00:00
477.1650085449219,477.1650085449219,472.79998779296875,473.44000244140625,214964,2025-02-20 16:30:00+00:00
473.8699951171875,480.0,473.7149963378906,479.7301025390625,137473,2025-02-20 17:30:00+00:00
480.15478515625,481.1300048828125,478.62579345703125,479.489990234375,231077,2025-02-20 18:30:00+00:00
479.2749938964844,479.8699951171875,478.4599914550781,479.20001220703125,144016,2025-02-20 19:30:00+00:00
479.30999755859375,481.0299987792969,478.9224853515625,480.42999267578125,228447,2025-02-20 20:30:00+00:00
481.3599853515625,486.24420166015625,479.8500061035156,480.55499267578125,180881,2025-02-21 14:30:00+00:00
480.6099853515625,484.7200012207031,479.9700012207031,484.25,116470,2025-02-21 15:30:00+00:00
484.0,485.9800109863281,483.7250061035156,484.2349853515625,121388,2025-02-21 16:30:00+00:00
484.44000244140625,486.0050048828125,483.7616882324219,483.8299865722656,120838,2025-02-21 17:30:00+00:00
483.8800048828125,486.0,483.73638916015625,485.1300048828125,120161,2025-02-21 18:30:00+00:00
485.3500061035156,487.3800048828125,483.6499938964844,484.8800048828125,135768,2025-02-21 19:30:00+00:00
485.010009765625,486.1600036621094,483.23760986328125,484.6000061035156,291751,2025-02-21 20:30:00+00:00
481.5,487.5,479.1199951171875,484.95001220703125,178243,2025-02-24 14:30:00+00:00
484.5,484.5,479.30999755859375,479.5,134912,2025-02-24 15:30:00+00:00
479.69000244140625,483.9849853515625,479.55010986328125,482.2900085449219,122286,2025-02-24 16:30:00+00:00
482.2900085449219,483.7300109863281,480.2900085449219,481.739990234375,64999,2025-02-24 17:30:00+00:00
481.7699890136719,482.57000732421875,480.9599914550781,481.6400146484375,80188,2025-02-24 18:30:00+00:00
481.3100891113281,483.8699951171875,481.3100891113281,482.489990234375,85116,2025-02-24 19:30:00+00:00
482.3299865722656,483.1449890136719,481.2300109863281,481.6700134277344,175592,2025-02-24 20:30:00+00:00
480.95001220703125,485.9779968261719,476.7300109863281,483.57501220703125,224944,2025-02-25 14:30:00+00:00
483.4549865722656,484.54998779296875,479.1400146484375,479.94000244140625,157278,2025-02-25 15:30:00+00:00
479.79998779296875,481.2900085449219,477.04998779296875,480.19000244140625,87053,2025-02-25 16:30:00+00:00
480.5,481.4649963378906,477.0,477.44500732421875,77571,2025-02-25 17:30:00+00:00
477.5,479.2074890136719,476.260009765625,477.0400085449219,91451,2025-02-25 18:30:00+00:00
477.1300048828125,480.67999267578125,476.739990234375,480.239990234375,102965,2025-02-25 19:30:00+00:00
480.2699890136719,481.2300109863281,479.4599914550781,480.3500061035156,174975,2025-02-25 20:30:00+00:00
478.17498779296875,482.8900146484375,474.239990234375,482.05499267578125,111820,2025-02-26 14:30:00+00:00
482.3299865722656,484.9100036621094,482.05499267578125,482.8399963378906,64723,2025-02-26 15:30:00+00:00
483.0400085449219,484.2200012207031,482.0,483.42010498046875,53463,2025-02-26 16:30:00+00:00
483.94000244140625,483.9599914550781,480.0400085449219,480.8500061035156,51813,2025-02-26 17:30:00+00:00
480.510009765625,481.45001220703125,479.1700134277344,480.6400146484375,54938,2025-02-26 18:30:00+00:00
480.7200012207031,481.7699890136719,478.6449890136719,478.6449890136719,81617,2025-02-26 19:30:00+00:00
478.6400146484375,480.57000732421875,478.6400146484375,478.9800109863281,91955,2025-02-26 20:30:00+00:00
475.3399963378906,486.07000732421875,475.3399963378906,484.55999755859375,171711,2025-02-27 14:30:00+00:00
483.92999267578125,485.05999755859375,482.1300048828125,482.1600036621094,88333,2025-02-27 15:30:00+00:00
482.69000244140625,483.1499938964844,480.1600036621094,481.44000244140625,49905,2025-02-27 16:30:00+00:00
482.06640625,482.2408142089844,479.6319885253906,480.385009765625,63885,2025-02-27 17:30:00+00:00
480.2449951171875,481.489990234375,478.6199951171875,478.6199951171875,83915,2025-02-27 18:30:00+00:00
478.5199890136719,478.7300109863281,474.70050048828125,474.84521484375,101038,2025-02-27 19:30:00+00:00
474.94000244140625,475.3999938964844,473.510009765625,474.489990234375,160126,2025-02-27 20:30:00+00:00
479.8999938964844,484.32000732421875,474.010009765625,475.1300048828125,169511,2025-02-28 14:30:00+00:00
475.125,476.3800048828125,474.2676086425781,476.2699890136719,85710,2025-02-28 15:30:00+00:00
475.8450012207031,479.5299987792969,475.8450012207031,478.5,97552,2025-02-28 16:30:00+00:00
478.5,479.1300048828125,474.7349853515625,476.5199890136719,128003,2025-02-28 17:30:00+00:00
476.7699890136719,478.2200012207031,476.1499938964844,476.5199890136719,67510,2025-02-28 18:30:00+00:00
476.82000732421875,479.6199951171875,476.635009765625,479.4360046386719,113691,2025-02-28 19:30:00+00:00
479.3500061035156,482.426513671875,478.2250061035156,479.8900146484375,445516,2025-02-28 20:30:00+00:00
477.82000732421875,487.135009765625,477.7300109863281,484.510009765625,215799,2025-03-03 14:30:00+00:00
484.2749938964844,487.3800048828125,482.69000244140625,485.94000244140625,119095,2025-03-03 15:30:00+00:00
485.8599853515625,489.0,485.4599914550781,487.9700012207031,93161,2025-03-03 16:30:00+00:00
487.92999267578125,490.20001220703125,487.7073059082031,490.20001220703125,117293,2025-03-03 17:30:00+00:00
490.0400085449219,490.6499938964844,488.75,489.0899963378906,150127,2025-03-03 18:30:00+00:00
489.02099609375,490.6099853515625,483.5400085449219,483.79998779296875,159419,2025-03-03 19:30:00+00:00
484.0899963378906,484.6499938964844,481.739990234375,483.45001220703125,172651,2025-03-03 20:30:00+00:00
485.489990234375,490.69000244140625,480.1099853515625,486.1199951171875,306374,2025-03-04 14:30:00+00:00
486.1481018066406,486.1481018066406,480.5,482.45001220703125,153320,2025-03-04 15:30:00+00:00
483.375,486.9800109863281,482.8900146484375,485.8500061035156,95342,2025-03-04 16:30:00+00:00
485.7749938964844,486.5799865722656,483.69000244140625,485.2099914550781,67521,2025-03-04 17:30:00+00:00
485.510009765625,488.2099914550781,484.8680114746094,486.4100036621094,84583,2025-03-04 18:30:00+00:00
486.8299865722656,488.32501220703125,486.0400085449219,487.6017150878906,102835,2025-03-04 19:30:00+00:00
487.8599853515625,487.9700012207031,484.44000244140625,486.2200012207031,183609,2025-03-04 20:30:00+00:00
485.25,493.1899108886719,483.5400085449219,489.7099914550781,137996,2025-03-05 14:30:00+00:00
489.2349853515625,491.9700012207031,488.1028137207031,489.4700012207031,81921,2025-03-05 15:30:00+00:00
488.92999267578125,489.239990234375,486.67999267578125,488.8599853515625,56336,2025-03-05 16:30:00+00:00
489.32501220703125,490.5299987792969,487.60009765625,489.3699951171875,86173,2025-03-05 17:30:00+00:00
489.9999084472656,495.5400085449219,488.57000732421875,493.4800109863281,116916,2025-03-05 18:30:00+00:00
493.4549865722656,494.3203125,491.3299865722656,493.3699951171875,92580,2025-03-05 19:30:00+00:00
493.4549865722656,493.4549865722656,491.07501220703125,491.8299865722656,171925,2025-03-05 20:30:00+00:00
490.1499938964844,491.6199951171875,486.4700012207031,487.3190002441406,124433,2025-03-06 14:30:00+00:00
487.81500244140625,490.45001220703125,487.3299865722656,489.0400085449219,99550,2025-03-06 15:30:00+00:00
489.3599853515625,489.3800048828125,484.55999755859375,485.5799865722656,128268,2025-03-06 16:30:00+00:00
485.43499755859375,485.7099914550781,479.7799987792969,483.8299865722656,157104,2025-03-06 17:30:00+00:00
483.510009765625,485.9599914550781,482.9599914550781,485.9599914550781,80765,2025-03-06 18:30:00+00:00
485.93499755859375,487.1600036621094,484.2200012207031,486.32000732421875,152143,2025-03-06 19:30:00+00:00
486.55999755859375,487.9800109863281,485.0400085449219,485.82000732421875,279027,2025-03-06 20:30:00+00:00
485.7099914550781,489.6000061035156,482.82000732421875,487.5849914550781,173399,2025-03-07 14:30:00+00:00
487.5849914550781,490.0199890136719,486.6700134277344,488.760009765625,181706,2025-03-07 15:30:00+00:00
488.82501220703125,491.1099853515625,487.05999755859375,487.75,126827,2025-03-07 16:30:00+00:00
487.7699890136719,491.9800109863281,487.6600036621094,491.19000244140625,84825,2025-03-07 17:30:00+00:00
491.1300048828125,492.3399963378906,490.0,491.010009765625,96269,2025-03-07 18:30:00+00:00
491.04998779296875,491.7898864746094,488.8900146484375,490.364990234375,69751,2025-03-07 19:30:00+00:00
490.4100036621094,490.4100036621094,488.1200866699219,488.1499938964844,191314,2025-03-07 20:30:00+00:00
483.3900146484375,497.94500732421875,480.3800048828125,495.54998779296875,219774,2025-03-10 13:30:00+00:00
495.010009765625,501.9200134277344,493.8088073730469,499.6000061035156,266786,2025-03-10 14:30:00+00:00
499.2789001464844,500.54998779296875,496.5000915527344,500.3900146484375,125555,2025-03-10 15:30:00+00:00
500.3599853515625,503.0400085449219,500.1499938964844,502.3599853515625,128593,2025-03-10 16:30:00+00:00
502.54998779296875,503.8299865722656,501.2799987792969,501.4949951171875,154109,2025-03-10 17:30:00+00:00
501.412109375,502.5205993652344,497.3349914550781,500.8999938964844,201408,2025-03-10 18:30:00+00:00
501.29998779296875,502.3299865722656,499.364990234375,500.152099609375,224270,2025-03-10 19:30:00+00:00
496.8599853515625,497.49639892578125,480.2900085449219,483.2099914550781,225773,2025-03-11 13:30:00+00:00
483.3999938964844,488.5150146484375,483.3999938964844,485.2149963378906,174018,2025-03-11 14:30:00+00:00
484.9800109863281,487.5425109863281,481.6636962890625,484.4800109863281,79610,2025-03-11 15:30:00+00:00
484.5450134277344,484.5718994140625,481.3135070800781,483.1449890136719,69169,2025-03-11 16:30:00+00:00
482.6099853515625,486.7909851074219,480.92999267578125,486.42999267578125,99205,2025-03-11 17:30:00+00:00
485.989990234375,491.0,485.67999267578125,490.010009765625,181167,2025-03-11 18:30:00+00:00
489.7300109863281,491.4700012207031,488.0,488.1099853515625,166258,2025-03-11 19:30:00+00:00
484.6199951171875,494.3599853515625,483.0899963378906,494.17999267578125,164888,2025-03-12 13:30:00+00:00
494.2149963378906,494.2149963378906,488.69000244140625,491.8500061035156,159830,2025-03-12 14:30:00+00:00
491.8550109863281,494.5909118652344,490.9624938964844,494.1400146484375,119956,2025-03-12 15:30:00+00:00
494.1400146484375,496.1700134277344,491.8949890136719,496.1700134277344,101335,2025-03-12 16:30:00+00:00
495.9200134277344,496.19000244140625,492.80999755859375,493.6600036621094,144918,2025-03-12 17:30:00+00:00
493.66400146484375,496.6400146484375,493.66400146484375,495.3900146484375,121213,2025-03-12 18:30:00+00:00
495.614990234375,496.1549987792969,493.94500732421875,495.4100036621094,215868,2025-03-12 19:30:00+00:00
493.7900085449219,512.75,488.0,501.2099914550781,481148,2025-03-13 13:30:00+00:00
501.7200012207031,504.2799987792969,500.3299865722656,501.6000061035156,190511,2025-03-13 14:30:00+00:00
501.010009765625,503.54998779296875,498.3299865722656,503.29998779296875,121001,2025-03-13 15:30:00+00:00
503.3699951171875,504.5450134277344,500.75,501.625,120707,2025-03-13 16:30:00+00:00
501.260009765625,502.5899963378906,499.7099914550781,501.92999267578125,77972,2025-03-13 17:30:00+00:00
502.0899963378906,504.8500061035156,501.79998779296875,504.67999267578125,128043,2025-03-13 18:30:00+00:00
504.8500061035156,507.2099914550781,502.5199890136719,502.92999267578125,287350,2025-03-13 19:30:00+00:00
507.0,519.6799926757812,506.5,508.95001220703125,330914,2025-03-14 13:30:00+00:00
508.67999267578125,511.8399963378906,507.510009765625,510.0350036621094,129648,2025-03-14 14:30:00+00:00
510.1400146484375,511.1600036621094,505.2401123046875,505.9700012207031,99356,2025-03-14 15:30:00+00:00
505.5799865722656,505.81988525390625,503.3299865722656,503.6199951171875,106391,2025-03-14 16:30:00+00:00
503.9599914550781,505.2250061035156,503.0,504.260009765625,92685,2025-03-14 17:30:00+00:00
504.6000061035156,506.6600036621094,504.07000732421875,504.17999267578125,110539,2025-03-14 18:30:00+00:00
504.0400085449219,505.6099853515625,502.3258056640625,504.5,241368,2025-03-14 19:30:00+00:00
505.1199951171875,512.02001953125,505.0,510.6947937011719,161277,2025-03-17 13:30:00+00:00
511.1700134277344,512.77001953125,507.8599853515625,507.8599853515625,97201,2025-03-17 14:30:00+00:00
507.8599853515625,511.67999267578125,506.8399963378906,511.67999267578125,55795,2025-03-17 15:30:00+00:00
511.4150085449219,513.5,510.760009765625,512.9600219726562,71248,2025-03-17 16:30:00+00:00
513.3300170898438,517.2000122070312,513.3300170898438,516.3200073242188,91080,2025-03-17 17:30:00+00:00
515.9500122070312,516.6900024414062,514.8099975585938,515.6500244140625,94765,2025-03-17 18:30:00+00:00
515.6500244140625,515.948974609375,513.489990234375,513.6900024414062,202808,2025-03-17 19:30:00+00:00
510.29998779296875,514.9324951171875,508.5199890136719,513.9450073242188,161923,2025-03-18 13:30:00+00:00
513.6599731445312,516.0399780273438,512.0,515.7949829101562,118383,2025-03-18 14:30:00+00:00
515.7650146484375,515.7650146484375,513.4678955078125,514.280029296875,161199,2025-03-18 15:30:00+00:00
514.364990234375,514.75,513.25,514.1500244140625,67915,2025-03-18 16:30:00+00:00
514.219970703125,516.030029296875,514.0482788085938,515.6400146484375,59190,2025-03-18 17:30:00+00:00
515.6699829101562,516.5,514.010009765625,514.8400268554688,89590,2025-03-18 18:30:00+00:00
514.9299926757812,516.25,511.7799987792969,512.3499755859375,255307,2025-03-18 19:30:00+00:00
512.010009765625,513.7650146484375,505.29998779296875,507.25,154046,2025-03-19 13:30:00+00:00
507.45001220703125,508.489990234375,505.25,505.93499755859375,147254,2025-03-19 14:30:00+00:00
505.93499755859375,509.6499938964844,505.0,509.1600036621094,102464,2025-03-19 15:30:00+00:00
508.6099853515625,508.8900146484375,506.5849914550781,508.239990234375,56212,2025-03-19 16:30:00+00:00
507.8900146484375,509.6199951171875,507.45001220703125,509.3450012207031,67645,2025-03-19 17:30:00+00:00
509.4599914550781,514.4450073242188,509.4599914550781,513.719970703125,120283,2025-03-19 18:30:00+00:00
513.6799926757812,514.8200073242188,511.989990234375,512.3200073242188,218079,2025-03-19 19:30:00+00:00
510.0,515.0,507.8599853515625,513.4149780273438,112503,2025-03-20 13:30:00+00:00
513.1199951171875,515.6699829101562,507.7300109863281,507.9200134277344,106364,2025-03-20 14:30:00+00:00
508.1325988769531,511.260009765625,507.54998779296875,508.55999755859375,61468,2025-03-20 15:30:00+00:00
508.6549987792969,510.1449890136719,505.989990234375,506.30499267578125,92697,2025-03-20 16:30:00+00:00
506.30499267578125,508.6000061035156,505.75,508.34991455078125,74188,2025-03-20 17:30:00+00:00
507.6400146484375,510.92999267578125,507.6400146484375,509.6400146484375,151160,2025-03-20 18:30:00+00:00
509.4649963378906,512.010009765625,508.9400939941406,510.17999267578125,149735,2025-03-20 19:30:00+00:00
505.42999267578125,510.0799865722656,503.57000732421875,505.010009765625,400086,2025-03-21 13:30:00+00:00
504.80999755859375,506.3299865722656,503.1000061035156,503.5199890136719,83348,2025-03-21 14:30:00+00:00
503.7300109863281,506.7300109863281,503.20001220703125,506.05999755859375,121660,2025-03-21 15:30:00+00:00
506.05999755859375,507.402099609375,504.19000244140625,504.92999267578125,69552,2025-03-21 16:30:00+00:00
505.010009765625,506.6400146484375,504.4800109863281,504.4800109863281,77005,2025-03-21 17:30:00+00:00
504.74249267578125,505.70001220703125,503.56500244140625,504.9049987792969,104394,2025-03-21 18:30:00+00:00
505.05999755859375,505.2799987792969,501.07000732421875,503.260009765625,327564,2025-03-21 19:30:00+00:00
504.989990234375,511.739990234375,501.0,510.0235900878906,147100,2025-03-24 13:30:00+00:00
510.2799987792969,511.79998779296875,508.9200134277344,510.0450134277344,77537,2025-03-24 14:30:00+00:00
510.04998779296875,511.2799987792969,509.5199890136719,510.6499938964844,86749,2025-03-24 15:30:00+00:00
510.4750061035156,512.4039916992188,509.5799865722656,510.67999267578125,120993,2025-03-24 16:30:00+00:00
510.67999267578125,512.8800048828125,510.6499938964844,510.8699951171875,125067,2025-03-24 17:30:00+00:00
511.02410888671875,513.9749755859375,510.04998779296875,513.239990234375,172844,2025-03-24 18:30:00+00:00
513.3499755859375,513.72998046875,511.3500061035156,511.5799865722656,193178,2025-03-24 19:30:00+00:00
511.7799987792969,512.6199951171875,507.0799865722656,510.0899963378906,114304,2025-03-25 13:30:00+00:00
510.18499755859375,512.6300048828125,510.1000061035156,510.6600036621094,90643,2025-03-25 14:30:00+00:00
510.739990234375,511.0216064453125,508.5,508.5,105912,2025-03-25 15:30:00+00:00
508.7950134277344,511.739990234375,505.1199951171875,508.0,62935,2025-03-25 16:30:00+00:00
508.70001220703125,508.70001220703125,505.80999755859375,507.5350036621094,56814,2025-03-25 17:30:00+00:00
507.42999267578125,507.635009765625,504.0,505.4200134277344,92097,2025-03-25 18:30:00+00:00
505.44000244140625,509.1300048828125,505.1499938964844,509.0899963378906,159314,2025-03-25 19:30:00+00:00
503.19000244140625,508.6400146484375,497.7799987792969,503.4649963378906,192126,2025-03-26 13:30:00+00:00
504.25250244140625,506.95001220703125,502.302490234375,502.8599853515625,109900,2025-03-26 14:30:00+00:00
502.8599853515625,502.8599853515625,500.07000732421875,500.5299987792969,90011,2025-03-26 15:30:00+00:00
500.9100036621094,503.1199951171875,500.1600036621094,502.9549865722656,65726,2025-03-26 16:30:00+00:00
502.6400146484375,503.0799865722656,500.9706115722656,501.3299865722656,64211,2025-03-26 17:30:00+00:00
501.3699951171875,501.3900146484375,500.1499938964844,500.5299987792969,86458,2025-03-26 18:30:00+00:00
501.1000061035156,501.69000244140625,499.5400085449219,500.6700134277344,216585,2025-03-26 19:30:00+00:00
498.5899963378906,506.5400085449219,498.5899963378906,504.0299987792969,126260,2025-03-27 13:30:00+00:00
503.8599853515625,505.57501220703125,503.4100036621094,504.0,71003,2025-03-27 14:30:00+00:00
503.9800109863281,504.6600036621094,502.19500732421875,504.52081298828125,65016,2025-03-27 15:30:00+00:00
504.2850036621094,504.5899963378906,502.3800048828125,502.3800048828125,79043,2025-03-27 16:30:00+00:00
502.8699951171875,504.6600036621094,501.70001220703125,503.0450134277344,91004,2025-03-27 17:30:00+00:00
503.2699890136719,504.6050109863281,502.2699890136719,503.82000732421875,162137,2025-03-27 18:30:00+00:00
503.82000732421875,503.8599853515625,502.0050048828125,502.2900085449219,188930,2025-03-27 19:30:00+00:00
504.7900085449219,504.7900085449219,497.0400085449219,499.1700134277344,111350,2025-03-28 13:30:00+00:00
498.8699951171875,499.6700134277344,495.0,499.0899963378906,151944,2025-03-28 14:30:00+00:00
499.04998779296875,499.8699951171875,498.4700012207031,498.8699951171875,49937,2025-03-28 15:30:00+00:00
498.94000244140625,499.2200012207031,496.3900146484375,496.7200012207031,70030,2025-03-28 16:30:00+00:00
496.94000244140625,497.43499755859375,494.79998779296875,495.2049865722656,78400,2025-03-28 17:30:00+00:00
495.1600036621094,495.6600036621094,493.5899963378906,494.0899963378906,140993,2025-03-28 18:30:00+00:00
494.010009765625,494.364990234375,491.3699951171875,492.5,360730,2025-03-28 19:30:00+00:00
485.0,487.0,471.5,483.3299865722656,424047,2025-03-31 13:30:00+00:00
483.5899963378906,486.7099914550781,482.3900146484375,485.80499267578125,203994,2025-03-31 14:30:00+00:00
485.1700134277344,485.7900085449219,480.05999755859375,481.19000244140625,119529,2025-03-31 15:30:00+00:00
480.92999267578125,481.1499938964844,476.80499267578125,479.0350036621094,109545,2025-03-31 16:30:00+00:00
479.0350036621094,482.375,477.1600036621094,482.1300048828125,126433,2025-03-31 17:30:00+00:00
482.1449890136719,485.19281005859375,481.98858642578125,485.19281005859375,146418,2025-03-31 18:30:00+00:00
485.2799987792969,486.67999267578125,483.6700134277344,484.82000732421875,417463,2025-03-31 19:30:00+00:00
486.2699890136719,489.1960144042969,483.30999755859375,486.67999267578125,140718,2025-04-01 13:30:00+00:00
486.0,491.92999267578125,485.739990234375,489.82000732421875,133364,2025-04-01 14:30:00+00:00
489.92999267578125,490.1099853515625,484.3699951171875,484.3699951171875,74970,2025-04-01 15:30:00+00:00
485.0,485.54998779296875,484.0899963378906,484.760009765625,82447,2025-04-01 16:30:00+00:00
485.25,486.42498779296875,481.4335021972656,481.864990234375,109766,2025-04-01 17:30:00+00:00
481.8299865722656,484.2900085449219,480.9599914550781,484.07000732421875,141970,2025-04-01 18:30:00+00:00
484.07000732421875,485.510009765625,483.2900085449219,484.739990234375,261408,2025-04-01 19:30:00+00:00
481.6400146484375,487.92498779296875,480.8450012207031,486.364990234375,137406,2025-04-02 13:30:00+00:00
487.1400146484375,487.3800048828125,485.6199951171875,486.2099914550781,89138,2025-04-02 14:30:00+00:00
486.0799865722656,486.3900146484375,481.510009765625,481.9750061035156,88858,2025-04-02 15:30:00+00:00
481.9750061035156,486.7900085449219,480.42498779296875,486.2950134277344,70027,2025-04-02 16:30:00+00:00
486.57000732421875,487.3450012207031,482.2250061035156,482.4599914550781,71832,2025-04-02 17:30:00+00:00
482.69500732421875,483.80999755859375,481.8900146484375,483.0150146484375,88523,2025-04-02 18:30:00+00:00
482.80999755859375,484.79998779296875,482.6709899902344,483.260009765625,187569,2025-04-02 19:30:00+00:00
480.010009765625,494.4849853515625,480.010009765625,486.5,402556,2025-04-03 13:30:00+00:00
486.7799987792969,487.760009765625,482.17999267578125,484.614990234375,257184,2025-04-03 14:30:00+00:00
484.6050109863281,486.7300109863281,483.8900146484375,486.05999755859375,129752,2025-04-03 15:30:00+00:00
485.8900146484375,487.3699951171875,484.54998779296875,486.2724914550781,117007,2025-04-03 16:30:00+00:00
486.44000244140625,490.1499938964844,486.44000244140625,488.39898681640625,133925,2025-04-03 17:30:00+00:00
488.19000244140625,488.3399963378906,485.2950134277344,487.2099914550781,224281,2025-04-03 18:30:00+00:00
487.1499938964844,487.8399963378906,483.80999755859375,484.2200012207031,391659,2025-04-03 19:30:00+00:00
484.3500061035156,499.07000732421875,482.4599914550781,491.25,602317,2025-04-04 13:30:00+00:00
490.8299865722656,495.3800048828125,485.0299987792969,486.5224914550781,396278,2025-04-04 14:30:00+00:00
485.9949951171875,485.9949951171875,478.0,480.0299987792969,289448,2025-04-04 15:30:00+00:00
479.760009765625,483.1600036621094,476.5400085449219,481.05499267578125,249668,2025-04-04 16:30:00+00:00
481.0450134277344,483.95001220703125,475.20001220703125,476.6600036621094,202552,2025-04-04 17:30:00+00:00
476.92999267578125,480.6000061035156,475.4849853515625,478.6000061035156,299635,2025-04-04 18:30:00+00:00
478.2699890136719,480.50030517578125,473.67999267578125,474.3500061035156,362628,2025-04-04 19:30:00+00:00
463.9700012207031,480.7099914550781,448.1400146484375,466.4949951171875,684872,2025-04-07 13:30:00+00:00
466.2349853515625,470.1600036621094,458.93499755859375,461.1700134277344,255413,2025-04-07 14:30:00+00:00
461.8299865722656,470.9736022949219,461.3800048828125,469.625,213118,2025-04-07 15:30:00+00:00
469.625,474.0299987792969,463.92999267578125,474.0299987792969,224973,2025-04-07 16:30:00+00:00
473.70001220703125,481.7200012207031,471.94000244140625,479.802490234375,243133,2025-04-07 17:30:00+00:00
480.2099914550781,480.2099914550781,473.0299987792969,473.07000732421875,243370,2025-04-07 18:30:00+00:00
473.17498779296875,475.8800048828125,471.55999755859375,474.9599914550781,365350,2025-04-07 19:30:00+00:00
477.20001220703125,483.94000244140625,473.010009765625,478.3550109863281,266802,2025-04-08 13:30:00+00:00
478.30999755859375,480.6199951171875,475.0299987792969,475.05499267578125,179448,2025-04-08 14:30:00+00:00
474.7300109863281,481.1600036621094,474.7300109863281,479.0299987792969,107218,2025-04-08 15:30:00+00:00
479.4599914550781,480.364990234375,473.80999755859375,475.3500061035156,309223,2025-04-08 16:30:00+00:00
474.6075134277344,479.30499267578125,474.0799865722656,475.8211975097656,161161,2025-04-08 17:30:00+00:00
476.3599853515625,479.0,472.3059997558594,473.9200134277344,228295,2025-04-08 18:30:00+00:00
473.7099914550781,474.3399963378906,466.9800109863281,472.7950134277344,590390,2025-04-08 19:30:00+00:00
460.0199890136719,467.9800109863281,455.0221862792969,458.3999938964844,437576,2025-04-09 13:30:00+00:00
458.79998779296875,462.2300109863281,452.20001220703125,460.3349914550781,345771,2025-04-09 14:30:00+00:00
460.3900146484375,464.0400085449219,457.82000732421875,462.6700134277344,198607,2025-04-09 15:30:00+00:00
462.0400085449219,487.1000061035156,462.0400085449219,480.4549865722656,323203,2025-04-09 16:30:00+00:00
479.8599853515625,487.0,478.7290954589844,482.260009765625,349858,2025-04-09 17:30:00+00:00
482.375,483.32000732421875,473.760009765625,481.29998779296875,364182,2025-04-09 18:30:00+00:00
481.45001220703125,483.1499938964844,478.3900146484375,481.95001220703125,425141,2025-04-09 19:30:00+00:00
475.5,480.0,471.3599853515625,471.3699951171875,234822,2025-04-10 13:30:00+00:00
472.1199951171875,475.5,467.07501220703125,467.4750061035156,303986,2025-04-10 14:30:00+00:00
467.3550109863281,468.8999938964844,455.68499755859375,459.7250061035156,390802,2025-04-10 15:30:00+00:00
459.0400085449219,467.7296142578125,458.54998779296875,466.6000061035156,252106,2025-04-10 16:30:00+00:00
465.79998779296875,477.909912109375,465.220703125,477.30999755859375,225722,2025-04-10 17:30:00+00:00
477.510009765625,479.0,472.4599914550781,473.92999267578125,185296,2025-04-10 18:30:00+00:00
472.7099914550781,476.510009765625,469.8699951171875,475.7200012207031,274820,2025-04-10 19:30:00+00:00
477.1099853515625,482.4549865722656,468.29998779296875,475.5450134277344,183385,2025-04-11 13:30:00+00:00
475.7467956542969,480.3800048828125,473.2799987792969,475.3399963378906,103935,2025-04-11 14:30:00+00:00
474.9549865722656,479.82000732421875,474.9549865722656,479.1199951171875,175195,2025-04-11 15:30:00+00:00
480.0,486.3699951171875,479.7799987792969,480.864990234375,140829,2025-04-11 16:30:00+00:00
480.9750061035156,486.9700012207031,480.70001220703125,482.6700134277344,133389,2025-04-11 17:30:00+00:00
483.0799865722656,486.42999267578125,482.0899963378906,484.1400146484375,134090,2025-04-11 18:30:00+00:00
483.8500061035156,485.6400146484375,483.13751220703125,483.989990234375,309736,2025-04-11 19:30:00+00:00
486.885009765625,493.0,484.80999755859375,491.79998779296875,191412,2025-04-14 13:30:00+00:00
491.9125061035156,495.7056884765625,491.2799987792969,491.5050048828125,177178,2025-04-14 14:30:00+00:00
491.6499938964844,494.1400146484375,489.5857849121094,492.3999938964844,83559,2025-04-14 15:30:00+00:00
492.4700012207031,494.8500061035156,491.7449951171875,493.0350036621094,76801,2025-04-14 16:30:00+00:00
493.5,497.1549987792969,492.92999267578125,496.92999267578125,70685,2025-04-14 17:30:00+00:00
497.07501220703125,498.3900146484375,495.9599914550781,498.0950012207031,116142,2025-04-14 18:30:00+00:00
498.0400085449219,498.639892578125,495.3299865722656,496.1199951171875,206040,2025-04-14 19:30:00+00:00
499.0,501.3800048828125,493.510009765625,500.5150146484375,118994,2025-04-15 13:30:00+00:00
500.57000732421875,501.30999755859375,498.4549865722656,498.739990234375,110933,2025-04-15 14:30:00+00:00
497.8800048828125,498.7850036621094,496.6000061035156,497.55999755859375,78372,2025-04-15 15:30:00+00:00
497.2001037597656,499.1600036621094,496.5050048828125,499.1600036621094,95821,2025-04-15 16:30:00+00:00
499.1600036621094,500.6449890136719,498.0,498.79998779296875,119049,2025-04-15 17:30:00+00:00
499.0400085449219,501.9100036621094,499.0400085449219,499.4549865722656,166356,2025-04-15 18:30:00+00:00
499.45001220703125,501.25,499.45001220703125,500.0299987792969,136017,2025-04-15 19:30:00+00:00
500.9700012207031,502.2200012207031,488.2300109863281,490.3500061035156,216357,2025-04-16 13:30:00+00:00
490.3500061035156,495.3399963378906,490.05499267578125,495.3299865722656,137298,2025-04-16 14:30:00+00:00
494.94500732421875,494.94500732421875,490.25,490.6600036621094,78548,2025-04-16 15:30:00+00:00
490.69000244140625,492.2099914550781,488.80010986328125,492.2099914550781,100638,2025-04-16 16:30:00+00:00
491.9599914550781,492.260009765625,486.9200134277344,490.5,194153,2025-04-16 17:30:00+00:00
490.5,490.6600036621094,484.3900146484375,484.95001220703125,146996,2025-04-16 18:30:00+00:00
485.20001220703125,486.8800048828125,483.42999267578125,485.9200134277344,233505,2025-04-16 19:30:00+00:00
492.2300109863281,492.2300109863281,487.0400085449219,488.1700134277344,168767,2025-04-17 13:30:00+00:00
487.54998779296875,490.0199890136719,485.0799865722656,488.1000061035156,104680,2025-04-17 14:30:00+00:00
488.69000244140625,491.6000061035156,488.07501220703125,490.30999755859375,66361,2025-04-17 15:30:00+00:00
490.45001220703125,491.29998779296875,488.0199890136719,488.9049987792969,84788,2025-04-17 16:30:00+00:00
489.63751220703125,491.1199951171875,487.4750061035156,490.6199951171875,102607,2025-04-17 17:30:00+00:00
490.7300109863281,491.510009765625,487.4200134277344,489.1199951171875,144236,2025-04-17 18:30:00+00:00
489.1199951171875,490.75,486.8399963378906,489.0299987792969,177035,2025-04-17 19:30:00+00:00
488.0,490.0299987792969,482.9849853515625,489.0,107606,2025-04-21 13:30:00+00:00
489.010009765625,490.8299865722656,484.0,484.0,97842,2025-04-21 14:30:00+00:00
484.1000061035156,484.989990234375,480.3500061035156,480.7900085449219,97532,2025-04-21 15:30:00+00:00
480.6400146484375,481.7200012207031,476.4800109863281,477.3550109863281,87540,2025-04-21 16:30:00+00:00
477.2955017089844,478.3800048828125,472.8999938964844,474.9100036621094,102822,2025-04-21 17:30:00+00:00
474.9849853515625,476.4599914550781,473.3299865722656,475.54998779296875,145710,2025-04-21 18:30:00+00:00
475.8442077636719,478.3450012207031,475.67999267578125,477.4599914550781,204330,2025-04-21 19:30:00+00:00
483.8299865722656,490.17999267578125,480.56390380859375,489.6400146484375,141752,2025-04-22 13:30:00+00:00
490.07000732421875,491.6400146484375,488.260009765625,490.1199951171875,107590,2025-04-22 14:30:00+00:00
490.1400146484375,491.0199890136719,488.5199890136719,489.260009765625,107863,2025-04-22 15:30:00+00:00
489.2149963378906,491.2333068847656,486.0,486.32958984375,82682,2025-04-22 16:30:00+00:00
485.9599914550781,488.5299987792969,484.510009765625,488.5299987792969,103631,2025-04-22 17:30:00+00:00
488.6199951171875,490.4100036621094,487.5,488.385009765625,120712,2025-04-22 18:30:00+00:00
488.32501220703125,490.9599914550781,487.5950012207031,490.1650085449219,214717,2025-04-22 19:30:00+00:00
488.989990234375,497.3800048828125,484.9649963378906,496.8999938964844,178082,2025-04-23 13:30:00+00:00
498.4100036621094,498.4100036621094,489.92999267578125,490.3900146484375,116035,2025-04-23 14:30:00+00:00
490.864990234375,492.95001220703125,489.1499938964844,491.05999755859375,131781,2025-04-23 15:30:00+00:00
491.489990234375,493.8699951171875,490.79998779296875,492.3399963378906,70275,2025-04-23 16:30:00+00:00
492.54998779296875,493.239990234375,490.04998779296875,490.04998779296875,76248,2025-04-23 17:30:00+00:00
489.8699951171875,491.510009765625,489.29998779296875,491.0249938964844,116931,2025-04-23 18:30:00+00:00
491.3800048828125,493.010009765625,490.239990234375,492.29998779296875,230480,2025-04-23 19:30:00+00:00
492.4200134277344,493.2099914550781,486.6499938964844,492.6099853515625,108066,2025-04-24 13:30:00+00:00
493.239990234375,494.1000061035156,488.81500244140625,489.4599914550781,128141,2025-04-24 14:30:00+00:00
489.31500244140625,493.0199890136719,488.760009765625,491.4200134277344,100380,2025-04-24 15:30:00+00:00
491.4200134277344,492.375,488.6099853515625,489.1700134277344,93547,2025-04-24 16:30:00+00:00
489.5,491.1700134277344,487.8800048828125,490.8399963378906,87770,2025-04-24 17:30:00+00:00
490.75,492.5150146484375,489.7099914550781,490.8949890136719,122035,2025-04-24 18:30:00+00:00
490.7300109863281,493.7300109863281,490.4599914550781,492.42999267578125,339180,2025-04-24 19:30:00+00:00
492.5400085449219,492.5400085449219,484.5400085449219,487.4100036621094,202499,2025-04-25 13:30:00+00:00
487.6499938964844,492.1099853515625,487.1000061035156,490.4125061035156,159869,2025-04-25 14:30:00+00:00
490.510009765625,492.4649963378906,489.55999755859375,492.05999755859375,118253,2025-04-25 15:30:00+00:00
491.70001220703125,494.9200134277344,489.45001220703125,494.9200134277344,175143,2025-04-25 16:30:00+00:00
494.8399963378906,494.8399963378906,490.30999755859375,491.7099914550781,140147,2025-04-25 17:30:00+00:00
491.7099914550781,492.82000732421875,490.1700134277344,490.4599914550781,115121,2025-04-25 18:30:00+00:00
490.1700134277344,494.6000061035156,490.1700134277344,493.5199890136719,317593,2025-04-25 19:30:00+00:00
492.79998779296875,498.6499938964844,492.79998779296875,494.0,159414,2025-04-28 13:30:00+00:00
494.0199890136719,495.9750061035156,492.8500061035156,493.6300048828125,116428,2025-04-28 14:30:00+00:00
493.5400085449219,493.8999938964844,491.55999755859375,493.67498779296875,66059,2025-04-28 15:30:00+00:00
493.677490234375,494.1600036621094,491.8399963378906,491.8399963378906,73183,2025-04-28 16:30:00+00:00
491.5199890136719,493.0899963378906,490.5,492.7300109863281,95773,2025-04-28 17:30:00+00:00
492.6199951171875,495.0,492.0,494.6449890136719,134953,2025-04-28 18:30:00+00:00
494.3999938964844,497.3500061035156,493.4599914550781,496.44000244140625,197002,2025-04-28 19:30:00+00:00
494.260009765625,500.54998779296875,490.8500061035156,499.67999267578125,183355,2025-04-29 13:30:00+00:00
499.9800109863281,504.010009765625,498.3900146484375,502.1400146484375,149893,2025-04-29 14:30:00+00:00
502.0299987792969,503.0,500.20001220703125,503.0,78005,2025-04-29 15:30:00+00:00
503.3699951171875,504.989990234375,502.010009765625,504.1099853515625,115139,2025-04-29 16:30:00+00:00
504.1300048828125,506.3299865722656,503.95001220703125,505.9750061035156,77284,2025-04-29 17:30:00+00:00
505.82000732421875,506.79998779296875,503.55999755859375,503.9649963378906,126985,2025-04-29 18:30:00+00:00
504.0350036621094,505.4100036621094,502.4100036621094,503.468994140625,229272,2025-04-29 19:30:00+00:00
503.55999755859375,504.94000244140625,497.3399963378906,504.20001220703125,189300,2025-04-30 13:30:00+00:00
504.2699890136719,505.20001220703125,502.6600036621094,505.04998779296875,77396,2025-04-30 14:30:00+00:00
505.19000244140625,507.57000732421875,504.3550109863281,505.4599914550781,88257,2025-04-30 15:30:00+00:00
505.1199951171875,506.5802001953125,503.7200012207031,506.135009765625,90679,2025-04-30 16:30:00+00:00
505.92999267578125,507.6252136230469,504.760009765625,505.5299987792969,135847,2025-04-30 17:30:00+00:00
506.0450134277344,507.239990234375,504.5199890136719,506.57000732421875,122735,2025-04-30 18:30:00+00:00
506.5799865722656,510.7699890136719,505.99749755859375,509.32000732421875,246935,2025-04-30 19:30:00+00:00
507.0,507.75,498.2449951171875,505.54998779296875,220326,2025-05-01 13:30:00+00:00
505.25,505.25,502.6400146484375,503.5299987792969,116550,2025-05-01 14:30:00+00:00
503.25,503.4656982421875,499.4200134277344,499.7950134277344,106531,2025-05-01 15:30:00+00:00
499.4599914550781,502.7699890136719,499.4599914550781,502.04998779296875,105618,2025-05-01 16:30:00+00:00
502.0299987792969,503.3900146484375,500.69000244140625,502.875,87476,2025-05-01 17:30:00+00:00
503.091796875,503.19000244140625,499.57000732421875,500.55999755859375,126367,2025-05-01 18:30:00+00:00
500.875,501.2300109863281,498.3800048828125,498.8599853515625,280149,2025-05-01 19:30:00+00:00
505.8599853515625,509.0,500.2799987792969,501.0899963378906,328595,2025-05-02 13:30:00+00:00
500.8999938964844,501.7550048828125,498.6400146484375,498.98748779296875,135207,2025-05-02 14:30:00+00:00
498.6600036621094,502.6400146484375,498.6600036621094,499.7300109863281,117282,2025-05-02 15:30:00+00:00
499.6549987792969,500.739990234375,498.49249267578125,499.4800109863281,182665,2025-05-02 16:30:00+00:00
499.0299987792969,499.7950134277344,498.0400085449219,499.3900146484375,118705,2025-05-02 17:30:00+00:00
499.3999938964844,502.69000244140625,498.6499938964844,502.0799865722656,178565,2025-05-02 18:30:00+00:00
502.2149963378906,502.6300048828125,500.2799987792969,500.70001220703125,331871,2025-05-02 19:30:00+00:00
500.67999267578125,504.5899963378906,498.0199890136719,502.17999267578125,214659,2025-05-05 13:30:00+00:00
502.2829895019531,505.6099853515625,502.0199890136719,503.7349853515625,149202,2025-05-05 14:30:00+00:00
503.8299865722656,504.9700012207031,502.54010009765625,504.2449951171875,94540,2025-05-05 15:30:00+00:00
504.32501220703125,504.4700012207031,502.239990234375,502.4172058105469,103622,2025-05-05 16:30:00+00:00
502.7300109863281,503.5400085449219,502.2137145996094,503.2200012207031,100744,2025-05-05 17:30:00+00:00
503.1600036621094,503.5199890136719,501.9200134277344,502.0799865722656,167735,2025-05-05 18:30:00+00:00
502.1549987792969,502.20001220703125,499.3399963378906,499.7699890136719,398843,2025-05-05 19:30:00+00:00
465.55499267578125,467.8500061035156,431.6499938964844,441.010009765625,2531534,2025-05-06 13:30:00+00:00
441.5199890136719,445.79998779296875,435.9750061035156,444.44000244140625,1168732,2025-05-06 14:30:00+00:00
444.67999267578125,444.9599914550781,432.5299987792969,434.4599914550781,598783,2025-05-06 15:30:00+00:00
434.3500061035156,436.29998779296875,428.5450134277344,435.8399963378906,546007,2025-05-06 16:30:00+00:00
436.0434875488281,441.9700012207031,434.40289306640625,440.8800048828125,503781,2025-05-06 17:30:00+00:00
440.95001220703125,445.6300048828125,440.8399963378906,445.25,707940,2025-05-06 18:30:00+00:00
445.25,453.6400146484375,444.45001220703125,450.6099853515625,1313587,2025-05-06 19:30:00+00:00
447.5199890136719,449.0,440.0199890136719,443.20001220703125,854106,2025-05-07 13:30:00+00:00
443.06500244140625,444.2699890136719,435.0,436.5,481327,2025-05-07 14:30:00+00:00
436.3500061035156,437.3710021972656,432.2900085449219,435.3150939941406,449672,2025-05-07 15:30:00+00:00
436.1050109863281,439.1499938964844,434.20001220703125,435.72119140625,430508,2025-05-07 16:30:00+00:00
435.67999267578125,440.9100036621094,435.643798828125,439.2049865722656,454017,2025-05-07 17:30:00+00:00
438.80999755859375,440.6099853515625,433.3999938964844,433.5256042480469,550690,2025-05-07 18:30:00+00:00
433.1600036621094,437.50421142578125,432.94000244140625,434.7099914550781,497052,2025-05-07 19:30:00+00:00
430.1600036621094,432.135009765625,423.5000915527344,427.5199890136719,545286,2025-05-08 13:30:00+00:00
427.5199890136719,428.45001220703125,423.4800109863281,426.5,556273,2025-05-08 14:30:00+00:00
425.92999267578125,430.0,424.760009765625,427.5910949707031,419354,2025-05-08 15:30:00+00:00
427.6300048828125,429.68560791015625,427.3299865722656,427.3900146484375,196876,2025-05-08 16:30:00+00:00
427.4599914550781,429.010009765625,425.54998779296875,426.739990234375,213670,2025-05-08 17:30:00+00:00
427.0,429.6549987792969,426.760009765625,429.6549987792969,248955,2025-05-08 18:30:00+00:00
429.6099853515625,431.9599914550781,429.4700012207031,429.54998779296875,381945,2025-05-08 19:30:00+00:00
430.2200012207031,434.92999267578125,428.510009765625,432.010009765625,331311,2025-05-09 13:30:00+00:00
431.6300048828125,434.29998779296875,430.4549865722656,430.7315979003906,216007,2025-05-09 14:30:00+00:00
431.1099853515625,434.3699951171875,430.8999938964844,432.0400085449219,182199,2025-05-09 15:30:00+00:00
432.1199951171875,432.1199951171875,430.8500061035156,431.4549865722656,103046,2025-05-09 16:30:00+00:00
431.1910095214844,432.2650146484375,429.94000244140625,429.94000244140625,108060,2025-05-09 17:30:00+00:00
429.9949951171875,430.510009765625,428.8699951171875,428.92999267578125,187877,2025-05-09 18:30:00+00:00
429.0299987792969,429.3999938964844,424.8599853515625,425.010009765625,293396,2025-05-09 19:30:00+00:00
425.29998779296875,440.80999755859375,423.20001220703125,434.6499938964844,460156,2025-05-12 13:30:00+00:00
434.5299987792969,436.04998779296875,432.04998779296875,435.70001220703125,173086,2025-05-12 14:30:00+00:00
435.44000244140625,438.4999084472656,434.95001220703125,438.339111328125,144827,2025-05-12 15:30:00+00:00
437.92999267578125,439.8599853515625,437.79998779296875,438.94000244140625,182502,2025-05-12 16:30:00+00:00
438.95001220703125,441.09991455078125,438.42999267578125,438.8450012207031,210683,2025-05-12 17:30:00+00:00
438.8450012207031,440.3299865722656,437.80499267578125,439.3500061035156,190624,2025-05-12 18:30:00+00:00
439.0199890136719,439.70001220703125,437.32000732421875,439.53900146484375,266837,2025-05-12 19:30:00+00:00
437.5299987792969,439.989990234375,429.5400085449219,431.5400085449219,634462,2025-05-13 13:30:00+00:00
431.7099914550781,437.8153991699219,430.6499938964844,437.1650085449219,404660,2025-05-13 14:30:00+00:00
437.2449951171875,439.0350036621094,436.9580993652344,438.614990234375,159383,2025-05-13 15:30:00+00:00
438.80999755859375,442.1199951171875,437.69500732421875,439.4800109863281,314993,2025-05-13 16:30:00+00:00
439.7850036621094,440.8399963378906,437.739990234375,437.7550048828125,263628,2025-05-13 17:30:00+00:00
437.57000732421875,438.9100036621094,433.7149963378906,434.79998779296875,225419,2025-05-13 18:30:00+00:00
434.7900085449219,435.239990234375,431.7799987792969,431.80999755859375,365916,2025-05-13 19:30:00+00:00
432.0,433.4100036621094,423.79998779296875,424.7799987792969,246110,2025-05-14 13:30:00+00:00
424.4189147949219,424.70001220703125,418.04998779296875,419.8399963378906,316565,2025-05-14 14:30:00+00:00
419.6499938964844,420.94000244140625,416.6000061035156,418.0108947753906,206946,2025-05-14 15:30:00+00:00
418.1700134277344,419.5,417.2950134277344,418.2200012207031,132461,2025-05-14 16:30:00+00:00
418.4599914550781,421.32000732421875,418.2850036621094,419.9800109863281,226057,2025-05-14 17:30:00+00:00
419.9849853515625,424.4208984375,419.7900085449219,423.5799865722656,282392,2025-05-14 18:30:00+00:00
423.2900085449219,425.1000061035156,420.0299987792969,420.8999938964844,347096,2025-05-14 19:30:00+00:00
424.69000244140625,431.05999755859375,421.760009765625,426.94500732421875,314133,2025-05-15 13:30:00+00:00
426.8900146484375,433.0,426.29998779296875,432.3349914550781,243309,2025-05-15 14:30:00+00:00
432.3349914550781,434.0299987792969,431.20001220703125,432.79998779296875,175230,2025-05-15 15:30:00+00:00
432.7699890136719,433.6400146484375,431.7099914550781,433.1311950683594,145551,2025-05-15 16:30:00+00:00
433.1300048828125,433.8399963378906,431.3800048828125,432.5899963378906,171984,2025-05-15 17:30:00+00:00
432.32000732421875,434.118408203125,432.19000244140625,433.07000732421875,238093,2025-05-15 18:30:00+00:00
433.2200012207031,434.4200134277344,432.239990234375,434.4200134277344,281022,2025-05-15 19:30:00+00:00
435.29998779296875,435.67999267578125,429.94000244140625,433.6499938964844,271427,2025-05-16 13:30:00+00:00
433.7149963378906,435.54998779296875,431.9100036621094,432.3599853515625,104128,2025-05-16 14:30:00+00:00
432.260009765625,434.30999755859375,432.0799865722656,434.06500244140625,141090,2025-05-16 15:30:00+00:00
434.2200012207031,435.05999755859375,433.2001037597656,434.19000244140625,92514,2025-05-16 16:30:00+00:00
434.2049865722656,436.67999267578125,434.19000244140625,435.75,141751,2025-05-16 17:30:00+00:00
435.7300109863281,437.7099914550781,434.95001220703125,437.6050109863281,167416,2025-05-16 18:30:00+00:00
437.4150085449219,438.95001220703125,437.3299865722656,438.5799865722656,214723,2025-05-16 19:30:00+00:00
437.489990234375,441.625,435.1499938964844,435.489990234375,198420,2025-05-19 13:30:00+00:00
435.6700134277344,437.5,435.5299987792969,437.0,122712,2025-05-19 14:30:00+00:00
436.94000244140625,437.3019104003906,435.2699890136719,437.1099853515625,98327,2025-05-19 15:30:00+00:00
437.2300109863281,439.4549865722656,436.94000244140625,439.239990234375,116047,2025-05-19 16:30:00+00:00
439.010009765625,439.010009765625,437.8800048828125,438.3299865722656,93258,2025-05-19 17:30:00+00:00
438.55499267578125,439.31500244140625,437.6499938964844,437.6600036621094,128738,2025-05-19 18:30:00+00:00
437.8500061035156,440.8999938964844,437.5906982421875,440.489990234375,192627,2025-05-19 19:30:00+00:00
442.0,445.2099914550781,440.80999755859375,442.94000244140625,192378,2025-05-20 13:30:00+00:00
443.1499938964844,445.510009765625,441.3699951171875,444.82000732421875,121749,2025-05-20 14:30:00+00:00
445.2099914550781,445.7200012207031,443.9837951660156,444.19000244140625,109209,2025-05-20 15:30:00+00:00
444.3699951171875,445.6400146484375,443.3599853515625,445.4599914550781,92445,2025-05-20 16:30:00+00:00
445.6300048828125,447.70001220703125,445.0,445.5799865722656,138431,2025-05-20 17:30:00+00:00
445.3699951171875,446.05999755859375,444.32501220703125,445.8399963378906,161395,2025-05-20 18:30:00+00:00
445.7200012207031,448.0,445.67999267578125,447.1099853515625,275877,2025-05-20 19:30:00+00:00
444.3699951171875,445.1579895019531,439.4599914550781,440.3399963378906,209475,2025-05-21 13:30:00+00:00
440.43499755859375,442.2080078125,438.67999267578125,439.9150085449219,147268,2025-05-21 14:30:00+00:00
439.70001220703125,440.07000732421875,438.6600036621094,438.67498779296875,80615,2025-05-21 15:30:00+00:00
438.82000732421875,439.07000732421875,433.8999938964844,434.0249938964844,116048,2025-05-21 16:30:00+00:00
433.9750061035156,436.7799987792969,433.7699890136719,436.31500244140625,155318,2025-05-21 17:30:00+00:00
436.2149963378906,436.8500061035156,434.94000244140625,436.3999938964844,160622,2025-05-21 18:30:00+00:00
436.2900085449219,437.1099853515625,435.1199951171875,435.32000732421875,241537,2025-05-21 19:30:00+00:00
434.0,437.0,431.3699951171875,432.489990234375,188117,2025-05-22 13:30:00+00:00
432.5400085449219,433.0299987792969,430.8800048828125,432.3800048828125,191656,2025-05-22 14:30:00+00:00
432.3800048828125,434.3500061035156,431.9700012207031,432.42498779296875,208740,2025-05-22 15:30:00+00:00
432.42999267578125,433.0150146484375,429.54998779296875,432.8450012207031,162358,2025-05-22 16:30:00+00:00
432.8450012207031,433.1549987792969,431.8399963378906,433.0199890136719,121246,2025-05-22 17:30:00+00:00
432.6700134277344,433.914794921875,431.5299987792969,433.914794921875,208286,2025-05-22 18:30:00+00:00
433.6499938964844,434.3399963378906,432.9700012207031,434.0,298093,2025-05-22 19:30:00+00:00
428.67999267578125,434.1199951171875,427.42999267578125,431.6700134277344,148590,2025-05-23 13:30:00+00:00
432.3599853515625,434.94000244140625,432.0150146484375,434.8699951171875,85111,2025-05-23 14:30:00+00:00
434.79998779296875,435.5950012207031,433.3699951171875,434.8599853515625,168936,2025-05-23 15:30:00+00:00
434.864990234375,435.42999267578125,434.4700012207031,435.0899963378906,107593,2025-05-23 16:30:00+00:00
435.1400146484375,436.5899963378906,434.57000732421875,435.4700012207031,159354,2025-05-23 17:30:00+00:00
435.94000244140625,436.19500732421875,434.9200134277344,435.3550109863281,142363,2025-05-23 18:30:00+00:00
435.30999755859375,436.2099914550781,434.5,436.0,247973,2025-05-23 19:30:00+00:00
437.3349914550781,446.8399963378906,437.3349914550781,445.9599914550781,417723,2025-05-27 13:30:00+00:00
445.8599853515625,447.4700012207031,443.8800964355469,444.4750061035156,213296,2025-05-27 14:30:00+00:00
444.3299865722656,445.8598937988281,444.0212097167969,445.75,198835,2025-05-27 15:30:00+00:00
445.6449890136719,447.20001220703125,443.4751892089844,443.5950012207031,156023,2025-05-27 16:30:00+00:00
443.8299865722656,445.2900085449219,443.2099914550781,445.0,198289,2025-05-27 17:30:00+00:00
445.2300109863281,446.0,444.25,444.5899963378906,159318,2025-05-27 18:30:00+00:00
444.8299865722656,446.20001220703125,443.9966125488281,446.1400146484375,297244,2025-05-27 19:30:00+00:00
446.5,451.635009765625,444.3900146484375,451.1400146484375,190842,2025-05-28 13:30:00+00:00
450.8349914550781,450.8550109863281,446.4150085449219,447.1050109863281,115795,2025-05-28 14:30:00+00:00
447.1050109863281,448.20001220703125,445.2774963378906,446.06500244140625,123879,2025-05-28 15:30:00+00:00
446.1025085449219,447.3800048828125,445.3500061035156,446.95001220703125,104164,2025-05-28 16:30:00+00:00
446.30999755859375,446.79998779296875,444.4158020019531,445.0150146484375,67887,2025-05-28 17:30:00+00:00
445.2900085449219,446.2099914550781,443.4049987792969,445.8450012207031,121397,2025-05-28 18:30:00+00:00
445.8450012207031,446.5,444.82501220703125,445.2799987792969,252096,2025-05-28 19:30:00+00:00
444.989990234375,448.1000061035156,442.7550048828125,448.0899963378906,122235,2025-05-29 13:30:00+00:00
448.25,449.2200012207031,446.7749938964844,447.1925048828125,85875,2025-05-29 14:30:00+00:00
447.43499755859375,447.7099914550781,444.70001220703125,446.4949951171875,71960,2025-05-29 15:30:00+00:00
446.260009765625,446.6575012207031,444.7049865722656,445.5799865722656,66715,2025-05-29 16:30:00+00:00
445.3699951171875,445.79998779296875,444.6000061035156,445.3349914550781,76145,2025-05-29 17:30:00+00:00
445.3949890136719,446.6549987792969,445.364990234375,446.1050109863281,95920,2025-05-29 18:30:00+00:00
446.1050109863281,447.7099914550781,446.1050109863281,447.1300048828125,177336,2025-05-29 19:30:00+00:00
447.6400146484375,447.989990234375,442.0000915527344,443.95001220703125,182637,2025-05-30 13:30:00+00:00
443.7099914550781,443.94000244140625,439.93499755859375,442.0,148345,2025-05-30 14:30:00+00:00
442.0400085449219,443.7558898925781,440.57000732421875,440.57000732421875,79309,2025-05-30 15:30:00+00:00
440.5199890136719,442.29998779296875,439.3699951171875,441.79998779296875,73502,2025-05-30 16:30:00+00:00
441.760009765625,443.739990234375,441.5849914550781,443.32000732421875,70604,2025-05-30 17:30:00+00:00
443.20001220703125,444.6700134277344,442.6199951171875,444.6000061035156,110532,2025-05-30 18:30:00+00:00
444.25,445.44000244140625,441.7799987792969,441.8500061035156,273624,2025-05-30 19:30:00+00:00
441.2699890136719,447.9800109863281,439.5400085449219,443.2149963378906,160870,2025-06-02 13:30:00+00:00
442.9800109863281,444.42999267578125,441.8599853515625,442.70001220703125,87697,2025-06-02 14:30:00+00:00
442.010009765625,446.489990234375,442.010009765625,446.07000732421875,101865,2025-06-02 15:30:00+00:00
446.4100036621094,447.0199890136719,443.510009765625,443.8900146484375,97562,2025-06-02 16:30:00+00:00
443.94500732421875,444.9800109863281,443.3900146484375,444.0050048828125,122343,2025-06-02 17:30:00+00:00
443.82000732421875,445.12469482421875,443.1400146484375,444.5328063964844,166889,2025-06-02 18:30:00+00:00
444.42999267578125,445.92999267578125,443.5299987792969,445.4200134277344,217313,2025-06-02 19:30:00+00:00
444.29998779296875,447.05999755859375,439.5425109863281,442.8450012207031,163047,2025-06-03 13:30:00+00:00
443.1499938964844,448.5799865722656,442.1600036621094,447.6099853515625,229103,2025-06-03 14:30:00+00:00
447.6099853515625,447.80999755859375,444.7699890136719,444.8450012207031,143329,2025-06-03 15:30:00+00:00
444.8999938964844,447.2550048828125,444.8999938964844,446.6600036621094,75995,2025-06-03 16:30:00+00:00
446.760009765625,449.2983093261719,446.18011474609375,449.010009765625,88245,2025-06-03 17:30:00+00:00
449.05999755859375,449.8450012207031,447.989990234375,448.07000732421875,120486,2025-06-03 18:30:00+00:00
448.1099853515625,448.9700012207031,446.19000244140625,446.4700012207031,276493,2025-06-03 19:30:00+00:00
448.5,453.8699951171875,447.8949890136719,450.4100036621094,101538,2025-06-04 13:30:00+00:00
450.3550109863281,450.82000732421875,447.1199951171875,447.8500061035156,69735,2025-06-04 14:30:00+00:00
447.5997009277344,450.30999755859375,447.5997009277344,449.7799987792969,70203,2025-06-04 15:30:00+00:00
449.635009765625,449.9700012207031,447.17999267578125,447.885009765625,60500,2025-06-04 16:30:00+00:00
448.0400085449219,448.4599914550781,447.0,447.80999755859375,49542,2025-06-04 17:30:00+00:00
447.3800048828125,448.0299987792969,446.3399963378906,447.0799865722656,78600,2025-06-04 18:30:00+00:00
447.1099853515625,448.20001220703125,445.8399963378906,445.8599853515625,218122,2025-06-04 19:30:00+00:00
445.010009765625,445.1000061035156,437.45001220703125,441.66339111328125,327367,2025-06-05 13:30:00+00:00
441.8800048828125,446.1099853515625,440.6700134277344,444.7799987792969,192090,2025-06-05 14:30:00+00:00
444.4599914550781,447.2300109863281,444.4599914550781,445.42999267578125,130488,2025-06-05 15:30:00+00:00
445.69500732421875,446.5899963378906,444.3146057128906,446.3900146484375,81104,2025-06-05 16:30:00+00:00
446.31500244140625,447.4849853515625,444.5799865722656,445.5840148925781,97397,2025-06-05 17:30:00+00:00
445.5450134277344,446.3450012207031,444.0199890136719,444.2900085449219,105480,2025-06-05 18:30:00+00:00
444.510009765625,445.9100036621094,443.42498779296875,443.760009765625,183213,2025-06-05 19:30:00+00:00
443.8299865722656,451.6329040527344,443.8299865722656,448.38580322265625,159667,2025-06-06 13:30:00+00:00
448.0400085449219,448.3900146484375,446.0,447.7900085449219,98376,2025-06-06 14:30:00+00:00
448.1000061035156,448.6400146484375,447.1499938964844,448.0299987792969,76634,2025-06-06 15:30:00+00:00
448.19500732421875,449.375,447.4849853515625,448.9599914550781,77728,2025-06-06 16:30:00+00:00
449.1400146484375,450.20001220703125,448.10009765625,449.760009765625,72223,2025-06-06 17:30:00+00:00
450.1400146484375,451.17999267578125,449.9949951171875,450.44500732421875,100303,2025-06-06 18:30:00+00:00
450.32501220703125,451.1799011230469,449.989990234375,450.30999755859375,200841,2025-06-06 19:30:00+00:00
450.7799987792969,451.5150146484375,446.55999755859375,446.7950134277344,133217,2025-06-09 13:30:00+00:00
446.8550109863281,448.24749755859375,444.8399963378906,448.06500244140625,74084,2025-06-09 14:30:00+00:00
448.06500244140625,448.95001220703125,447.3500061035156,448.5400085449219,48863,2025-06-09 15:30:00+00:00
448.5,450.1300048828125,448.04998779296875,449.6000061035156,53289,2025-06-09 16:30:00+00:00
449.5227966308594,449.6499938964844,448.1499938964844,448.9750061035156,74600,2025-06-09 17:30:00+00:00
448.80340576171875,449.05999755859375,446.70001220703125,446.8500061035156,86745,2025-06-09 18:30:00+00:00
446.44500732421875,447.04998779296875,445.8699951171875,446.07000732421875,180068,2025-06-09 19:30:00+00:00
442.45001220703125,450.0,441.9200134277344,449.3865966796875,173679,2025-06-10 13:30:00+00:00
449.114990234375,450.739990234375,447.6199951171875,448.5,104678,2025-06-10 14:30:00+00:00
448.2900085449219,449.2099914550781,446.6300048828125,448.0799865722656,86117,2025-06-10 15:30:00+00:00
448.18499755859375,450.92999267578125,447.6099853515625,450.29998779296875,76735,2025-06-10 16:30:00+00:00
450.42999267578125,455.6400146484375,449.9649963378906,451.67999267578125,255662,2025-06-10 17:30:00+00:00
451.4200134277344,453.9599914550781,451.4200134277344,452.67999267578125,130741,2025-06-10 18:30:00+00:00
452.70001220703125,452.70001220703125,450.75,451.69000244140625,153271,2025-06-10 19:30:00+00:00
451.29998779296875,455.510009765625,450.12921142578125,455.29998779296875,166423,2025-06-11 13:30:00+00:00
455.489990234375,458.0,454.0168151855469,457.3550109863281,98508,2025-06-11 14:30:00+00:00
457.2850036621094,458.7799987792969,457.1449890136719,458.7325134277344,87669,2025-06-11 15:30:00+00:00
458.7900085449219,459.4800109863281,458.1099853515625,459.0199890136719,56055,2025-06-11 16:30:00+00:00
458.8500061035156,460.3299865722656,454.260009765625,454.7799987792969,97492,2025-06-11 17:30:00+00:00
454.4100036621094,455.3299865722656,453.6099853515625,453.6099853515625,64916,2025-06-11 18:30:00+00:00
453.1499938964844,454.04998779296875,451.8900146484375,452.75,144905,2025-06-11 19:30:00+00:00
453.19000244140625,456.29998779296875,451.94000244140625,456.20001220703125,133176,2025-06-12 13:30:00+00:00
456.3599853515625,457.44500732421875,455.44000244140625,456.7799987792969,72033,2025-06-12 14:30:00+00:00
457.05999755859375,457.54998779296875,456.3699951171875,456.94000244140625,53559,2025-06-12 15:30:00+00:00
456.94000244140625,458.9700012207031,456.2149963378906,458.92999267578125,84709,2025-06-12 16:30:00+00:00
458.67999267578125,459.5299987792969,457.79998779296875,459.4700012207031,77443,2025-06-12 17:30:00+00:00
459.55499267578125,460.0,458.3999938964844,459.7149963378906,110063,2025-06-12 18:30:00+00:00
459.7149963378906,460.05999755859375,458.54998779296875,460.04998779296875,163513,2025-06-12 19:30:00+00:00
455.3900146484375,459.4599914550781,455.260009765625,458.1499938964844,132792,2025-06-13 13:30:00+00:00
457.760009765625,458.71990966796875,456.9100036621094,458.43499755859375,90191,2025-06-13 14:30:00+00:00
458.44000244140625,460.0150146484375,458.1000061035156,459.19000244140625,64485,2025-06-13 15:30:00+00:00
458.8999938964844,459.2200012207031,456.9599914550781,456.9599914550781,58755,2025-06-13 16:30:00+00:00
456.9599914550781,458.18499755859375,455.1400146484375,455.29998779296875,65472,2025-06-13 17:30:00+00:00
455.1199951171875,456.2099914550781,454.07000732421875,455.18499755859375,84307,2025-06-13 18:30:00+00:00
455.5299987792969,456.20001220703125,454.5899963378906,455.45001220703125,160198,2025-06-13 19:30:00+00:00
456.6499938964844,457.2300109863281,448.7099914550781,454.7300109863281,169467,2025-06-16 13:30:00+00:00
454.7449951171875,456.5,452.4700012207031,453.29449462890625,117986,2025-06-16 14:30:00+00:00
453.07379150390625,454.0,451.6499938964844,451.6499938964844,80244,2025-06-16 15:30:00+00:00
451.6600036621094,451.67498779296875,450.0199890136719,451.2850036621094,81740,2025-06-16 16:30:00+00:00
451.4599914550781,452.1600036621094,450.1199951171875,451.4800109863281,66701,2025-06-16 17:30:00+00:00
451.6300048828125,451.889892578125,449.32000732421875,450.1700134277344,101186,2025-06-16 18:30:00+00:00
449.9100036621094,451.510009765625,449.9100036621094,450.9100036621094,168632,2025-06-16 19:30:00+00:00
449.9949951171875,452.7099914550781,445.8800048828125,446.54998779296875,175947,2025-06-17 13:30:00+00:00
446.95001220703125,449.3900146484375,446.0899963378906,447.1600036621094,179907,2025-06-17 14:30:00+00:00
446.6600036621094,449.0,446.44158935546875,448.5150146484375,78783,2025-06-17 15:30:00+00:00
448.32000732421875,449.1199951171875,445.5400085449219,446.4599914550781,132156,2025-06-17 16:30:00+00:00
445.9700012207031,446.68499755859375,442.3999938964844,442.45001220703125,113808,2025-06-17 17:30:00+00:00
442.55999755859375,443.6600036621094,441.989990234375,443.510009765625,138308,2025-06-17 18:30:00+00:00
443.6099853515625,443.6099853515625,441.2099914550781,442.0199890136719,245289,2025-06-17 19:30:00+00:00
442.0,447.1400146484375,440.0,446.99749755859375,176990,2025-06-18 13:30:00+00:00
447.2300109863281,449.6199951171875,446.8900146484375,448.94000244140625,124470,2025-06-18 14:30:00+00:00
449.29998779296875,449.9800109863281,447.6549987792969,448.6600036621094,113328,2025-06-18 15:30:00+00:00
448.5400085449219,449.6000061035156,447.2041015625,447.2041015625,70320,2025-06-18 16:30:00+00:00
447.4150085449219,448.8500061035156,445.489990234375,447.3999938964844,156007,2025-06-18 17:30:00+00:00
447.5450134277344,450.3125,447.0299987792969,449.3900146484375,275467,2025-06-18 18:30:00+00:00
449.20001220703125,451.5799865722656,447.6099853515625,448.3699951171875,259009,2025-06-18 19:30:00+00:00
451.260009765625,451.80999755859375,439.0,442.0199890136719,580456,2025-06-20 13:30:00+00:00
441.5350036621094,441.6499938964844,438.6000061035156,439.30499267578125,145941,2025-06-20 14:30:00+00:00
439.7799987792969,439.98748779296875,436.80499267578125,438.42999267578125,114493,2025-06-20 15:30:00+00:00
438.4049987792969,440.4599914550781,438.3500061035156,439.0799865722656,55861,2025-06-20 16:30:00+00:00
438.9783935546875,441.30999755859375,438.4200134277344,440.92999267578125,107539,2025-06-20 17:30:00+00:00
440.92498779296875,441.2200012207031,439.25,439.67498779296875,162322,2025-06-20 18:30:00+00:00
439.7699890136719,441.5,439.0,441.0,350043,2025-06-20 19:30:00+00:00
441.69000244140625,444.9700012207031,439.760009765625,439.760009765625,154639,2025-06-23 13:30:00+00:00
440.4200134277344,442.1050109863281,440.1300048828125,440.51629638671875,86411,2025-06-23 14:30:00+00:00
440.510009765625,441.0899963378906,440.010009765625,440.57000732421875,100590,2025-06-23 15:30:00+00:00
440.95989990234375,443.25,439.5700988769531,443.2049865722656,90538,2025-06-23 16:30:00+00:00
443.44000244140625,444.5150146484375,443.2101135253906,443.45001220703125,64716,2025-06-23 17:30:00+00:00
443.45001220703125,444.0350036621094,440.4700012207031,444.0350036621094,156572,2025-06-23 18:30:00+00:00
444.0350036621094,444.2300109863281,442.7950134277344,443.5400085449219,114791,2025-06-23 19:30:00+00:00
444.0,445.0,441.0,443.6448059082031,150883,2025-06-24 13:30:00+00:00
443.6650085449219,445.95208740234375,443.3900146484375,444.385009765625,78661,2025-06-24 14:30:00+00:00
444.5,447.5849914550781,444.19000244140625,446.57000732421875,75665,2025-06-24 15:30:00+00:00
447.0299987792969,450.2099914550781,446.1499938964844,449.5400085449219,167594,2025-06-24 16:30:00+00:00
449.4649963378906,451.29998779296875,448.95001220703125,451.114990234375,92241,2025-06-24 17:30:00+00:00
451.3900146484375,451.8800048828125,450.489990234375,450.9800109863281,115745,2025-06-24 18:30:00+00:00
450.9949951171875,451.8699951171875,449.95001220703125,450.2799987792969,184884,2025-06-24 19:30:00+00:00
450.3699951171875,451.0799865722656,443.5,445.7149963378906,195019,2025-06-25 13:30:00+00:00
445.6400146484375,446.57000732421875,444.6600036621094,445.29998779296875,93632,2025-06-25 14:30:00+00:00
445.29998779296875,445.8699951171875,444.6400146484375,444.7200012207031,49777,2025-06-25 15:30:00+00:00
444.8900146484375,445.1600036621094,443.6700134277344,444.54449462890625,45488,2025-06-25 16:30:00+00:00
444.5299987792969,444.5299987792969,442.760009765625,444.17999267578125,101483,2025-06-25 17:30:00+00:00
444.3900146484375,447.8999938964844,444.0,447.8999938964844,129605,2025-06-25 18:30:00+00:00
447.6700134277344,448.1000061035156,445.3399963378906,445.7099914550781,232625,2025-06-25 19:30:00+00:00
445.0450134277344,445.9100036621094,441.92999267578125,443.6099853515625,172170,2025-06-26 13:30:00+00:00
443.70001220703125,446.17999267578125,443.6700134277344,444.9800109863281,146064,2025-06-26 14:30:00+00:00
444.80499267578125,446.0,443.6199951171875,444.0199890136719,96319,2025-06-26 15:30:00+00:00
444.0299987792969,444.43280029296875,441.44000244140625,441.9624938964844,126260,2025-06-26 16:30:00+00:00
441.9599914550781,443.70001220703125,441.5758972167969,442.885009765625,105877,2025-06-26 17:30:00+00:00
443.04998779296875,443.4100036621094,441.8609924316406,442.7300109863281,119464,2025-06-26 18:30:00+00:00
442.55999755859375,443.5,441.1300048828125,443.4100036621094,192221,2025-06-26 19:30:00+00:00
443.29998779296875,446.25,441.7699890136719,442.7300109863281,164981,2025-06-27 13:30:00+00:00
443.19000244140625,444.6000061035156,442.67999267578125,443.3699951171875,70740,2025-06-27 14:30:00+00:00
443.2449951171875,446.2200012207031,442.9601135253906,445.6700134277344,104973,2025-06-27 15:30:00+00:00
445.6700134277344,446.6199951171875,444.375,445.30999755859375,98426,2025-06-27 16:30:00+00:00
445.3699951171875,446.20001220703125,444.57000732421875,445.0799865722656,111764,2025-06-27 17:30:00+00:00
445.07000732421875,445.6000061035156,443.9049987792969,444.739990234375,177571,2025-06-27 18:30:00+00:00
444.739990234375,445.0400085449219,440.5,441.30999755859375,363957,2025-06-27 19:30:00+00:00
440.45001220703125,443.94000244140625,439.2300109863281,443.9200134277344,182533,2025-06-30 13:30:00+00:00
443.94488525390625,445.5,443.5799865722656,444.947509765625,82439,2025-06-30 14:30:00+00:00
444.8599853515625,445.82000732421875,444.1600036621094,444.7749938964844,55711,2025-06-30 15:30:00+00:00
444.8634948730469,445.4599914550781,443.9599914550781,444.3800048828125,64305,2025-06-30 16:30:00+00:00
444.32000732421875,445.6000061035156,443.7099914550781,445.010009765625,58488,2025-06-30 17:30:00+00:00
444.739990234375,444.94000244140625,443.45001220703125,444.1700134277344,99505,2025-06-30 18:30:00+00:00
444.3500061035156,446.3299865722656,444.24249267578125,445.239990234375,181966,2025-06-30 19:30:00+00:00
445.5,449.135009765625,443.489990234375,448.010009765625,148939,2025-07-01 13:30:00+00:00
448.0450134277344,453.9800109863281,447.760009765625,452.3700866699219,167650,2025-07-01 14:30:00+00:00
452.82000732421875,456.9700012207031,452.3999938964844,454.8550109863281,121619,2025-07-01 15:30:00+00:00
454.2900085449219,454.6300048828125,450.32000732421875,452.7300109863281,94383,2025-07-01 16:30:00+00:00
452.8800048828125,453.7550048828125,451.3299865722656,451.6300048828125,76371,2025-07-01 17:30:00+00:00
451.8399963378906,452.7900085449219,451.489990234375,451.875,112018,2025-07-01 18:30:00+00:00
452.0899963378906,452.8399963378906,451.55999755859375,452.1600036621094,153100,2025-07-01 19:30:00+00:00
451.010009765625,455.8699951171875,450.3699951171875,454.5199890136719,146868,2025-07-02 13:30:00+00:00
454.67999267578125,456.760009765625,453.70001220703125,456.70001220703125,95255,2025-07-02 14:30:00+00:00
456.5849914550781,457.75,454.5400085449219,455.114990234375,92053,2025-07-02 15:30:00+00:00
455.010009765625,457.0199890136719,454.6913146972656,456.6700134277344,59386,2025-07-02 16:30:00+00:00
456.8349914550781,457.1099853515625,455.40411376953125,456.20001220703125,55406,2025-07-02 17:30:00+00:00
456.4800109863281,456.67999267578125,455.6400146484375,456.0,93088,2025-07-02 18:30:00+00:00
456.135009765625,457.260009765625,456.0,457.0299987792969,156949,2025-07-02 19:30:00+00:00
458.45001220703125,460.5299987792969,456.57501220703125,457.5199890136719,124722,2025-07-03 13:30:00+00:00
457.4700012207031,460.2536926269531,457.30999755859375,459.6199951171875,80720,2025-07-03 14:30:00+00:00
459.3599853515625,460.989990234375,458.4599914550781,459.92498779296875,103048,2025-07-03 15:30:00+00:00
460.0,461.2449951171875,455.95001220703125,458.4100036621094,279302,2025-07-07 13:30:00+00:00
458.25,458.6499938964844,455.82000732421875,457.8500061035156,119221,2025-07-07 14:30:00+00:00
457.80999755859375,460.2099914550781,457.79998779296875,458.8949890136719,139819,2025-07-07 15:30:00+00:00
458.94000244140625,460.3699951171875,458.0400085449219,459.6499938964844,99126,2025-07-07 16:30:00+00:00
459.9949951171875,460.0,455.7900085449219,456.2300109863281,131683,2025-07-07 17:30:00+00:00
456.2974853515625,459.8500061035156,456.260009765625,458.6199951171875,128914,2025-07-07 18:30:00+00:00
458.510009765625,459.8699951171875,457.7550048828125,459.3999938964844,171277,2025-07-07 19:30:00+00:00
457.7300109863281,467.2099914550781,456.7699890136719,465.75,138743,2025-07-08 13:30:00+00:00
466.20001220703125,468.3800048828125,466.20001220703125,467.1000061035156,117996,2025-07-08 14:30:00+00:00
467.118408203125,469.9800109863281,467.118408203125,469.8299865722656,69500,2025-07-08 15:30:00+00:00
470.04998779296875,470.3446960449219,463.0799865722656,467.0400085449219,119596,2025-07-08 16:30:00+00:00
467.4049987792969,467.4049987792969,465.2200012207031,466.07000732421875,74175,2025-07-08 17:30:00+00:00
466.1700134277344,466.8299865722656,465.3299865722656,466.1000061035156,87920,2025-07-08 18:30:00+00:00
465.9100036621094,466.864990234375,465.8299865722656,466.25,149349,2025-07-08 19:30:00+00:00
468.0899963378906,475.2250061035156,466.79010009765625,473.8349914550781,159824,2025-07-09 13:30:00+00:00
473.4750061035156,475.5,472.4800109863281,473.5799865722656,161715,2025-07-09 14:30:00+00:00
473.7099914550781,474.260009765625,472.1099853515625,472.8949890136719,62833,2025-07-09 15:30:00+00:00
472.8949890136719,474.4100036621094,472.8599853515625,473.0799865722656,62747,2025-07-09 16:30:00+00:00
472.9649963378906,475.8900146484375,472.3500061035156,475.5150146484375,116336,2025-07-09 17:30:00+00:00
475.3949890136719,477.3699951171875,474.69000244140625,477.17999267578125,87816,2025-07-09 18:30:00+00:00
476.9389953613281,479.2699890136719,476.70001220703125,479.1400146484375,201126,2025-07-09 19:30:00+00:00
477.67498779296875,482.69000244140625,475.9100036621094,482.6300048828125,105801,2025-07-10 13:30:00+00:00
482.4100036621094,484.5625915527344,481.27630615234375,481.6199951171875,102628,2025-07-10 14:30:00+00:00
481.8399963378906,482.1099853515625,479.8399963378906,480.8900146484375,76063,2025-07-10 15:30:00+00:00
480.6499938964844,480.8699951171875,479.19000244140625,480.5950012207031,42278,2025-07-10 16:30:00+00:00
480.635009765625,481.6549987792969,479.9679870605469,480.1000061035156,65615,2025-07-10 17:30:00+00:00
480.0,482.3299865722656,479.86248779296875,480.80499267578125,92682,2025-07-10 18:30:00+00:00
480.8999938964844,481.6199035644531,479.3999938964844,479.5299987792969,231305,2025-07-10 19:30:00+00:00
476.489990234375,477.9599914550781,471.7900085449219,475.17498779296875,149534,2025-07-11 13:30:00+00:00
475.0,475.1671142578125,471.07000732421875,472.3949890136719,121607,2025-07-11 14:30:00+00:00
472.6199951171875,473.2200012207031,470.0,470.42498779296875,84519,2025-07-11 15:30:00+00:00
470.281005859375,471.70001220703125,469.7200012207031,470.5899963378906,90206,2025-07-11 16:30:00+00:00
470.4649963378906,471.17999267578125,470.0050048828125,470.5899963378906,57946,2025-07-11 17:30:00+00:00
470.5450134277344,472.04998779296875,470.5450134277344,471.0660095214844,61586,2025-07-11 18:30:00+00:00
470.7449951171875,470.7449951171875,467.9700012207031,468.8399963378906,161217,2025-07-11 19:30:00+00:00
467.0,473.5400085449219,467.0,473.2799987792969,90765,2025-07-14 13:30:00+00:00
474.0400085449219,475.2699890136719,472.75,473.7550048828125,65428,2025-07-14 14:30:00+00:00
474.17999267578125,474.17999267578125,470.81500244140625,472.6000061035156,80694,2025-07-14 15:30:00+00:00
472.5299987792969,473.1700134277344,471.9800109863281,472.07000732421875,53320,2025-07-14 16:30:00+00:00
472.07000732421875,473.7099914550781,472.07000732421875,473.260009765625,72530,2025-07-14 17:30:00+00:00
473.260009765625,473.510009765625,471.95001220703125,472.8949890136719,79835,2025-07-14 18:30:00+00:00
473.0,473.0445861816406,471.67999267578125,472.4700012207031,124633,2025-07-14 19:30:00+00:00
473.0,475.2900085449219,465.79998779296875,466.2900085449219,123756,2025-07-15 13:30:00+00:00
466.7799987792969,467.80999755859375,464.0,466.875,91231,2025-07-15 14:30:00+00:00
466.8299865722656,466.99420166015625,464.92498779296875,464.92498779296875,108845,2025-07-15 15:30:00+00:00
465.0050048828125,465.54998779296875,463.8800048828125,464.20001220703125,47105,2025-07-15 16:30:00+00:00
464.364990234375,465.8999938964844,463.4200134277344,463.4200134277344,80686,2025-07-15 17:30:00+00:00
463.5799865722656,465.4599914550781,463.3999938964844,464.010009765625,148059,2025-07-15 18:30:00+00:00
464.010009765625,465.55499267578125,463.8500061035156,464.19000244140625,198623,2025-07-15 19:30:00+00:00
465.1000061035156,468.5249938964844,465.1000061035156,468.260009765625,84126,2025-07-16 13:30:00+00:00
468.32501220703125,469.79998779296875,466.80999755859375,467.79998779296875,73814,2025-07-16 14:30:00+00:00
467.79998779296875,470.0799865722656,467.2699890136719,468.17999267578125,62427,2025-07-16 15:30:00+00:00
468.54998779296875,469.2699890136719,468.1300048828125,468.8599853515625,45833,2025-07-16 16:30:00+00:00
468.614990234375,470.1499938964844,468.55499267578125,469.1400146484375,35848,2025-07-16 17:30:00+00:00
469.4100036621094,470.8399963378906,469.3500061035156,470.67498779296875,57048,2025-07-16 18:30:00+00:00
470.6000061035156,470.8800048828125,469.3999938964844,469.44000244140625,152801,2025-07-16 19:30:00+00:00
466.32000732421875,472.2200012207031,466.32000732421875,470.4100036621094,115814,2025-07-17 13:30:00+00:00
470.8299865722656,471.07501220703125,467.31500244140625,469.2300109863281,82254,2025-07-17 14:30:00+00:00
469.04998779296875,469.2300109863281,466.0,466.0,73829,2025-07-17 15:30:00+00:00
466.4599914550781,466.75,464.79998779296875,466.45001220703125,49838,2025-07-17 16:30:00+00:00
466.3699951171875,466.82000732421875,463.7799987792969,464.5199890136719,76227,2025-07-17 17:30:00+00:00
464.4100036621094,464.4100036621094,461.864990234375,462.9100036621094,211637,2025-07-17 18:30:00+00:00
463.1400146484375,463.75,462.760009765625,463.3800048828125,372862,2025-07-17 19:30:00+00:00
467.0,467.0,462.80999755859375,465.7699890136719,219039,2025-07-18 13:30:00+00:00
465.55999755859375,466.2900085449219,463.2261962890625,464.7300109863281,90019,2025-07-18 14:30:00+00:00
464.67999267578125,465.30999755859375,462.31500244140625,463.0450134277344,87346,2025-07-18 15:30:00+00:00
462.9700012207031,463.31500244140625,460.0350036621094,460.1400146484375,79714,2025-07-18 16:30:00+00:00
460.4150085449219,462.32000732421875,458.1400146484375,459.510009765625,83655,2025-07-18 17:30:00+00:00
459.80999755859375,460.0299987792969,458.7099914550781,459.239990234375,71717,2025-07-18 18:30:00+00:00
459.1050109863281,460.19500732421875,458.82000732421875,459.7900085449219,135220,2025-07-18 19:30:00+00:00
459.79998779296875,462.30999755859375,456.8299865722656,459.0299987792969,126922,2025-07-21 13:30:00+00:00
459.2200012207031,459.9700012207031,456.8399963378906,459.3349914550781,99149,2025-07-21 14:30:00+00:00
459.0,460.1499938964844,458.239990234375,459.4800109863281,76580,2025-07-21 15:30:00+00:00
459.9200134277344,459.947509765625,458.760009765625,459.60400390625,46214,2025-07-21 16:30:00+00:00
459.510009765625,460.4200134277344,459.0299987792969,460.1099853515625,63649,2025-07-21 17:30:00+00:00
460.1650085449219,460.8243103027344,459.19500732421875,459.8299865722656,77618,2025-07-21 18:30:00+00:00
459.8500061035156,459.9599914550781,457.9200134277344,458.04998779296875,146312,2025-07-21 19:30:00+00:00
461.0299987792969,469.0098876953125,458.8800048828125,465.760009765625,165259,2025-07-22 13:30:00+00:00
465.7300109863281,466.9548034667969,464.9700012207031,466.57501220703125,98696,2025-07-22 14:30:00+00:00
466.3399963378906,466.7650146484375,464.92999267578125,466.625,105790,2025-07-22 15:30:00+00:00
466.739990234375,468.95989990234375,466.739990234375,468.7250061035156,64149,2025-07-22 16:30:00+00:00
468.9999084472656,469.17999267578125,468.239990234375,468.5150146484375,73185,2025-07-22 17:30:00+00:00
468.5199890136719,470.0849914550781,468.4501037597656,469.25,113384,2025-07-22 18:30:00+00:00
469.25,470.79998779296875,469.0199890136719,470.1300048828125,204279,2025-07-22 19:30:00+00:00
472.5400085449219,477.25,472.32501220703125,476.989990234375,140713,2025-07-23 13:30:00+00:00
477.2349853515625,477.4800109863281,475.4700012207031,476.0,80190,2025-07-23 14:30:00+00:00
476.2300109863281,478.6199951171875,475.8299865722656,478.3399963378906,63415,2025-07-23 15:30:00+00:00
478.2799987792969,478.7286071777344,476.70001220703125,478.7286071777344,51144,2025-07-23 16:30:00+00:00
478.4200134277344,478.5950012207031,476.5,476.5,84692,2025-07-23 17:30:00+00:00
476.6549987792969,477.7925109863281,476.010009765625,476.3800048828125,119707,2025-07-23 18:30:00+00:00
476.5299987792969,477.6099853515625,476.3900146484375,476.70001220703125,190141,2025-07-23 19:30:00+00:00
477.1400146484375,480.0,474.29998779296875,474.5150146484375,115856,2025-07-24 13:30:00+00:00
474.57501220703125,475.4100036621094,473.6199951171875,474.3500061035156,75935,2025-07-24 14:30:00+00:00
474.7799987792969,474.95001220703125,473.6099853515625,474.5050048828125,43570,2025-07-24 15:30:00+00:00
474.7900085449219,475.2149963378906,473.1099853515625,474.7900085449219,84435,2025-07-24 16:30:00+00:00
474.8399963378906,475.2300109863281,473.8900146484375,473.989990234375,39584,2025-07-24 17:30:00+00:00
474.3800048828125,474.7699890136719,472.75,473.79998779296875,92881,2025-07-24 18:30:00+00:00
473.79998779296875,474.0,472.0299987792969,472.260009765625,240361,2025-07-24 19:30:00+00:00
472.6600036621094,472.7099914550781,468.67999267578125,469.6000061035156,128227,2025-07-25 13:30:00+00:00
469.94000244140625,471.2532958984375,468.5199890136719,468.8800048828125,111463,2025-07-25 14:30:00+00:00
469.1400146484375,469.57000732421875,465.8414001464844,467.1199951171875,108376,2025-07-25 15:30:00+00:00
467.1099853515625,468.3800048828125,466.34930419921875,467.989990234375,75448,2025-07-25 16:30:00+00:00
468.06500244140625,470.6549987792969,467.95001220703125,470.010009765625,105370,2025-07-25 17:30:00+00:00
469.9700012207031,471.3299865722656,469.17999267578125,470.2200012207031,216806,2025-07-25 18:30:00+00:00
470.4700012207031,470.54998779296875,468.7799987792969,469.6199951171875,221592,2025-07-25 19:30:00+00:00
467.8500061035156,471.0,464.7699890136719,469.4732971191406,245252,2025-07-28 13:30:00+00:00
469.1549987792969,469.1549987792969,466.1700134277344,467.260009765625,118024,2025-07-28 14:30:00+00:00
467.32000732421875,468.4849853515625,466.8900146484375,467.7300109863281,99435,2025-07-28 15:30:00+00:00
467.6499938964844,468.1700134277344,466.8399963378906,467.3299865722656,135486,2025-07-28 16:30:00+00:00
467.29998779296875,467.7699890136719,464.6499938964844,465.44500732421875,133849,2025-07-28 17:30:00+00:00
465.30999755859375,465.6650085449219,463.8599853515625,464.43499755859375,163165,2025-07-28 18:30:00+00:00
464.54998779296875,464.6700134277344,460.7300109863281,460.8299865722656,330174,2025-07-28 19:30:00+00:00
464.3299865722656,465.2349853515625,460.54998779296875,464.7300109863281,154064,2025-07-29 13:30:00+00:00
464.6300048828125,467.2950134277344,464.6300048828125,467.1600036621094,144724,2025-07-29 14:30:00+00:00
467.1499938964844,468.9549865722656,466.5899963378906,467.3750915527344,95872,2025-07-29 15:30:00+00:00
467.375,467.7325134277344,466.3599853515625,467.1000061035156,78092,2025-07-29 16:30:00+00:00
467.1000061035156,468.0,466.7300109863281,467.2300109863281,73034,2025-07-29 17:30:00+00:00
467.385009765625,468.406005859375,467.385009765625,468.406005859375,129590,2025-07-29 18:30:00+00:00
468.3299865722656,468.9100036621094,468.1400146484375,468.4100036621094,195479,2025-07-29 19:30:00+00:00
471.20001220703125,474.760986328125,469.57000732421875,473.75,116494,2025-07-30 13:30:00+00:00
473.5249938964844,474.05999755859375,470.9200134277344,471.94000244140625,87480,2025-07-30 14:30:00+00:00
472.010009765625,472.3949890136719,470.7099914550781,472.3399963378906,91693,2025-07-30 15:30:00+00:00
472.2900085449219,472.6300048828125,470.75,471.260009765625,91775,2025-07-30 16:30:00+00:00
471.20001220703125,472.8800048828125,471.1199951171875,472.4800109863281,79081,2025-07-30 17:30:00+00:00
472.80999755859375,473.9949951171875,467.2900085449219,467.42999267578125,119042,2025-07-30 18:30:00+00:00
467.5299987792969,469.44000244140625,466.79998779296875,469.29998779296875,159619,2025-07-30 19:30:00+00:00
465.3800048828125,470.5899963378906,462.6099853515625,466.8500061035156,174903,2025-07-31 13:30:00+00:00
466.1700134277344,468.07501220703125,465.69000244140625,465.9100036621094,117410,2025-07-31 14:30:00+00:00
466.54998779296875,468.2300109863281,466.4049987792969,467.3500061035156,112028,2025-07-31 15:30:00+00:00
466.9599914550781,468.3800048828125,466.5400085449219,466.739990234375,112904,2025-07-31 16:30:00+00:00
466.4200134277344,466.4200134277344,460.07000732421875,462.4100036621094,185522,2025-07-31 17:30:00+00:00
462.239990234375,462.239990234375,457.2699890136719,457.6050109863281,210987,2025-07-31 18:30:00+00:00
457.7300109863281,458.1300048828125,455.45001220703125,456.80999755859375,191470,2025-07-31 19:30:00+00:00
457.4100036621094,463.4952087402344,455.0,457.2099914550781,311613,2025-08-01 13:30:00+00:00
456.6400146484375,459.3800048828125,455.20001220703125,459.3800048828125,181573,2025-08-01 14:30:00+00:00
459.17498779296875,463.0799865722656,458.1499938964844,462.3399963378906,127531,2025-08-01 15:30:00+00:00
462.4150085449219,462.6499938964844,460.20001220703125,461.04998779296875,183958,2025-08-01 16:30:00+00:00
461.1050109863281,463.30499267578125,460.6499938964844,463.2900085449219,132350,2025-08-01 17:30:00+00:00
463.19500732421875,463.9700012207031,462.510009765625,462.69500732421875,148261,2025-08-01 18:30:00+00:00
462.6600036621094,464.2250061035156,461.7900085449219,461.9700012207031,375605,2025-08-01 19:30:00+00:00
465.3349914550781,467.1000061035156,462.0574951171875,464.75,208730,2025-08-04 13:30:00+00:00
464.75,468.3299865722656,464.05999755859375,467.489990234375,158162,2025-08-04 14:30:00+00:00
467.4750061035156,468.6050109863281,467.0799865722656,467.3500061035156,214502,2025-08-04 15:30:00+00:00
467.3900146484375,470.1700134277344,467.3699951171875,468.92999267578125,210198,2025-08-04 16:30:00+00:00
469.0050048828125,469.8599853515625,467.57000732421875,469.8599853515625,155804,2025-08-04 17:30:00+00:00
469.7699890136719,471.5400085449219,469.2300109863281,471.45001220703125,277545,2025-08-04 18:30:00+00:00
471.635009765625,473.3699951171875,470.6000061035156,470.6000061035156,415872,2025-08-04 19:30:00+00:00
409.7300109863281,414.8799133300781,385.3550109863281,385.6099853515625,3802521,2025-08-05 13:30:00+00:00
385.39599609375,398.2699890136719,385.1499938964844,393.2550048828125,1510563,2025-08-05 14:30:00+00:00
393.25,394.3504943847656,390.0,394.1000061035156,662508,2025-08-05 15:30:00+00:00
394.0,395.8699951171875,385.5050048828125,385.5249938964844,587537,2025-08-05 16:30:00+00:00
385.510009765625,385.7200012207031,381.2001037597656,381.6050109863281,831800,2025-08-05 17:30:00+00:00
381.6000061035156,386.489990234375,377.1499938964844,377.3800048828125,1113370,2025-08-05 18:30:00+00:00
377.3599853515625,377.3999938964844,373.2049865722656,374.9100036621094,1527471,2025-08-05 19:30:00+00:00
375.760009765625,386.8299865722656,372.3500061035156,385.0950012207031,1440710,2025-08-06 13:30:00+00:00
384.8399963378906,390.1156005859375,383.7300109863281,387.9540100097656,798649,2025-08-06 14:30:00+00:00
387.6910095214844,390.55999755859375,384.65008544921875,388.9599914550781,611753,2025-08-06 15:30:00+00:00
388.9549865722656,389.4649963378906,384.1199951171875,385.25,329660,2025-08-06 16:30:00+00:00
385.1700134277344,387.7250061035156,383.1661071777344,386.739990234375,301529,2025-08-06 17:30:00+00:00
386.5899963378906,387.05499267578125,382.9599914550781,384.2550048828125,362842,2025-08-06 18:30:00+00:00
384.2799987792969,386.2799987792969,383.875,385.7099914550781,562162,2025-08-06 19:30:00+00:00
385.0,388.31988525390625,378.07000732421875,378.4200134277344,755632,2025-08-07 13:30:00+00:00
378.239990234375,379.3299865722656,374.510009765625,375.57501220703125,457498,2025-08-07 14:30:00+00:00
375.57501220703125,386.3450012207031,375.25,385.30499267578125,481948,2025-08-07 15:30:00+00:00
385.29998779296875,386.2950134277344,379.0,379.55499267578125,513800,2025-08-07 16:30:00+00:00
379.0,379.9800109863281,376.2650146484375,377.0,270694,2025-08-07 17:30:00+00:00
376.94500732421875,378.1199951171875,375.5249938964844,376.1000061035156,341313,2025-08-07 18:30:00+00:00
375.8800048828125,377.0400085449219,374.45440673828125,375.739990234375,588534,2025-08-07 19:30:00+00:00
376.0199890136719,381.0,370.30999755859375,370.77020263671875,608649,2025-08-08 13:30:00+00:00
370.80499267578125,371.510009765625,368.0,368.7900085449219,533676,2025-08-08 14:30:00+00:00
368.7149963378906,370.4100036621094,367.739990234375,368.5195007324219,335184,2025-08-08 15:30:00+00:00
368.3900146484375,369.1700134277344,367.20001220703125,368.2250061035156,381181,2025-08-08 16:30:00+00:00
368.2250061035156,369.0,367.1000061035156,367.4700012207031,298775,2025-08-08 17:30:00+00:00
367.5150146484375,367.6400146484375,365.0199890136719,365.44500732421875,566369,2025-08-08 18:30:00+00:00
365.5050048828125,366.6000061035156,364.6700134277344,366.2900085449219,578388,2025-08-08 19:30:00+00:00
362.9700012207031,377.7898864746094,362.5,376.8399963378906,606182,2025-08-11 13:30:00+00:00
376.5799865722656,380.0400085449219,375.2699890136719,378.3699951171875,417984,2025-08-11 14:30:00+00:00
378.30999755859375,380.20001220703125,377.9100036621094,378.5199890136719,248341,2025-08-11 15:30:00+00:00
378.3999938964844,378.82000732421875,375.50439453125,376.0799865722656,186292,2025-08-11 16:30:00+00:00
376.2300109863281,377.1000061035156,375.6400146484375,377.1000061035156,249974,2025-08-11 17:30:00+00:00
377.19000244140625,378.0199890136719,374.3800048828125,375.6400146484375,240963,2025-08-11 18:30:00+00:00
375.5364990234375,376.5400085449219,374.1000061035156,374.4599914550781,367860,2025-08-11 19:30:00+00:00
377.6050109863281,384.44000244140625,375.0,382.4150085449219,308364,2025-08-12 13:30:00+00:00
382.3599853515625,384.81500244140625,382.19000244140625,383.5150146484375,223188,2025-08-12 14:30:00+00:00
383.5150146484375,385.239990234375,382.44000244140625,382.44000244140625,167220,2025-08-12 15:30:00+00:00
382.3999938964844,383.70001220703125,381.8800048828125,382.69500732421875,150775,2025-08-12 16:30:00+00:00
382.6000061035156,383.6300048828125,381.20001220703125,383.6300048828125,168783,2025-08-12 17:30:00+00:00
383.70001220703125,386.72198486328125,383.44000244140625,386.45001220703125,258448,2025-08-12 18:30:00+00:00
386.5108947753906,388.25,385.82000732421875,387.95001220703125,362217,2025-08-12 19:30:00+00:00
392.6300048828125,394.9100036621094,388.0,389.05499267578125,351536,2025-08-13 13:30:00+00:00
388.69000244140625,393.9700012207031,386.7875061035156,393.6199951171875,247868,2025-08-13 14:30:00+00:00
393.3450012207031,394.5299987792969,393.1401062011719,393.4649963378906,218852,2025-08-13 15:30:00+00:00
393.4649963378906,394.8999938964844,393.17999267578125,393.8399963378906,134608,2025-08-13 16:30:00+00:00
393.75,394.0899963378906,392.8299865722656,393.5325012207031,146823,2025-08-13 17:30:00+00:00
393.4800109863281,396.260009765625,393.2799987792969,396.17999267578125,210596,2025-08-13 18:30:00+00:00
396.17999267578125,396.7200012207031,395.6610107421875,395.8500061035156,240802,2025-08-13 19:30:00+00:00
393.67999267578125,395.5889892578125,388.7099914550781,393.04998779296875,340475,2025-08-14 13:30:00+00:00
393.1600036621094,394.3500061035156,390.8399963378906,391.2300109863281,148711,2025-08-14 14:30:00+00:00
390.80999755859375,392.4800109863281,390.42010498046875,390.8500061035156,167855,2025-08-14 15:30:00+00:00
390.80499267578125,392.489990234375,390.2550048828125,391.6000061035156,223431,2025-08-14 16:30:00+00:00
391.2049865722656,391.2149963378906,389.25,390.5564880371094,187821,2025-08-14 17:30:00+00:00
390.69000244140625,391.80999755859375,388.94000244140625,391.4049987792969,147872,2025-08-14 18:30:00+00:00
391.45001220703125,392.0799865722656,390.260009765625,390.29998779296875,239093,2025-08-14 19:30:00+00:00
391.25,395.760009765625,390.0400085449219,392.614990234375,300868,2025-08-15 13:30:00+00:00
392.5199890136719,393.3500061035156,388.7099914550781,389.8999938964844,189182,2025-08-15 14:30:00+00:00
389.94000244140625,394.5299987792969,389.94000244140625,393.6199951171875,147542,2025-08-15 15:30:00+00:00
393.7950134277344,395.739990234375,393.52801513671875,394.3900146484375,122723,2025-08-15 16:30:00+00:00
394.17999267578125,394.9100036621094,393.41009521484375,393.739990234375,80098,2025-08-15 17:30:00+00:00
393.739990234375,394.0,391.2300109863281,392.0299987792969,127738,2025-08-15 18:30:00+00:00
392.05999755859375,393.0299987792969,391.1499938964844,392.7300109863281,167589,2025-08-15 19:30:00+00:00
392.79998779296875,395.5400085449219,391.1370849609375,394.0799865722656,225658,2025-08-18 13:30:00+00:00
393.760009765625,395.4599914550781,392.7749938964844,394.05999755859375,136408,2025-08-18 14:30:00+00:00
394.05499267578125,394.05499267578125,391.55999755859375,391.68499755859375,89835,2025-08-18 15:30:00+00:00
391.7149963378906,392.57000732421875,391.4100036621094,392.1099853515625,80016,2025-08-18 16:30:00+00:00
392.3299865722656,392.5400085449219,390.1300048828125,390.489990234375,169537,2025-08-18 17:30:00+00:00
390.5450134277344,390.8299865722656,389.3999938964844,389.3999938964844,178483,2025-08-18 18:30:00+00:00
389.4049987792969,390.5899963378906,389.2049865722656,389.8800048828125,259767,2025-08-18 19:30:00+00:00
389.6600036621094,393.54998779296875,388.92498779296875,393.04998779296875,229390,2025-08-19 13:30:00+00:00
392.94000244140625,394.8699035644531,392.05999755859375,392.82000732421875,176293,2025-08-19 14:30:00+00:00
392.79998779296875,394.0450134277344,391.7699890136719,393.55999755859375,169617,2025-08-19 15:30:00+00:00
393.5450134277344,395.8399963378906,393.30999755859375,394.1000061035156,180653,2025-08-19 16:30:00+00:00
394.20001220703125,394.239990234375,391.6499938964844,391.9100036621094,116139,2025-08-19 17:30:00+00:00
391.9049987792969,392.0400085449219,390.1400146484375,390.6000061035156,167674,2025-08-19 18:30:00+00:00
390.5849914550781,391.0599060058594,389.9100036621094,390.44000244140625,151708,2025-08-19 19:30:00+00:00
392.04998779296875,400.94000244140625,391.94500732421875,398.5849914550781,330644,2025-08-20 13:30:00+00:00
398.760009765625,398.8699951171875,397.010009765625,397.510009765625,203533,2025-08-20 14:30:00+00:00
397.5,397.9800109863281,396.4200134277344,397.5,208101,2025-08-20 15:30:00+00:00
397.3999938964844,398.6600036621094,396.1400146484375,398.57000732421875,264259,2025-08-20 16:30:00+00:00
398.4049987792969,398.6600036621094,394.17999267578125,394.760009765625,90291,2025-08-20 17:30:00+00:00
394.9200134277344,395.6499938964844,394.3949890136719,395.0,127926,2025-08-20 18:30:00+00:00
395.0,396.0,394.239990234375,394.260009765625,176252,2025-08-20 19:30:00+00:00
394.7799987792969,397.1050109863281,393.864990234375,395.8299865722656,329120,2025-08-21 13:30:00+00:00
396.010009765625,398.5,395.3550109863281,398.010009765625,220407,2025-08-21 14:30:00+00:00
397.79998779296875,398.55999755859375,395.70001220703125,395.9100036621094,206156,2025-08-21 15:30:00+00:00
395.92999267578125,396.5899963378906,395.5450134277344,396.510009765625,175157,2025-08-21 16:30:00+00:00
396.564208984375,398.4700012207031,396.489990234375,397.8999938964844,181443,2025-08-21 17:30:00+00:00
397.7749938964844,399.0,397.6099853515625,398.760009765625,197297,2025-08-21 18:30:00+00:00
398.7699890136719,398.80999755859375,396.5199890136719,397.5400085449219,316472,2025-08-21 19:30:00+00:00
400.0,403.5799865722656,399.1199951171875,401.0799865722656,178455,2025-08-22 13:30:00+00:00
401.44500732421875,402.0799865722656,398.2200012207031,399.5400085449219,128516,2025-08-22 14:30:00+00:00
399.7300109863281,399.9966125488281,398.29998779296875,398.29998779296875,96034,2025-08-22 15:30:00+00:00
398.5,398.8599853515625,395.82000732421875,396.2200012207031,146131,2025-08-22 16:30:00+00:00
396.4200134277344,397.2349853515625,395.8399963378906,397.2349853515625,106409,2025-08-22 17:30:00+00:00
397.3900146484375,398.20001220703125,397.1700134277344,397.2699890136719,109035,2025-08-22 18:30:00+00:00
397.2799987792969,397.4200134277344,394.32000732421875,395.2099914550781,315833,2025-08-22 19:30:00+00:00
395.5150146484375,396.1300048828125,392.0,392.32000732421875,149870,2025-08-25 13:30:00+00:00
392.1600036621094,392.74700927734375,390.79998779296875,391.5,112522,2025-08-25 14:30:00+00:00
391.3599853515625,391.68499755859375,390.0,390.07000732421875,132532,2025-08-25 15:30:00+00:00
390.2099914550781,390.7850036621094,389.69000244140625,390.4800109863281,113694,2025-08-25 16:30:00+00:00
390.4200134277344,390.44000244140625,388.8999938964844,388.8999938964844,74377,2025-08-25 17:30:00+00:00
388.8492126464844,389.2499084472656,387.5950012207031,387.6600036621094,120163,2025-08-25 18:30:00+00:00
387.75,389.4800109863281,387.6099853515625,388.7799987792969,230097,2025-08-25 19:30:00+00:00
387.0,390.510009765625,386.010009765625,386.1000061035156,339824,2025-08-26 13:30:00+00:00
386.2200012207031,386.6600036621094,383.8500061035156,384.45001220703125,184614,2025-08-26 14:30:00+00:00
384.510009765625,385.4800109863281,383.6400146484375,384.6650085449219,134424,2025-08-26 15:30:00+00:00
384.510009765625,385.8233947753906,384.2550048828125,385.5199890136719,83710,2025-08-26 16:30:00+00:00
385.7449951171875,387.1050109863281,385.5199890136719,387.0799865722656,98368,2025-08-26 17:30:00+00:00
387.0899963378906,388.29998779296875,386.8599853515625,387.9949951171875,93265,2025-08-26 18:30:00+00:00
387.94000244140625,388.739990234375,386.9599914550781,387.0199890136719,512963,2025-08-26 19:30:00+00:00
386.5,390.3699951171875,385.989990234375,390.05999755859375,358432,2025-08-27 13:30:00+00:00
390.2049865722656,390.2049865722656,387.79998779296875,389.369384765625,172598,2025-08-27 14:30:00+00:00
389.17999267578125,390.1050109863281,388.79998779296875,390.03680419921875,166549,2025-08-27 15:30:00+00:00
389.9800109863281,390.1600036621094,389.1099853515625,389.69000244140625,219956,2025-08-27 16:30:00+00:00
390.0199890136719,390.239990234375,388.75,388.9585876464844,183346,2025-08-27 17:30:00+00:00
388.8800048828125,388.92999267578125,387.44000244140625,387.5775146484375,191018,2025-08-27 18:30:00+00:00
387.5849914550781,389.2799987792969,387.5799865722656,388.8699951171875,406362,2025-08-27 19:30:00+00:00
388.635009765625,392.3299865722656,388.0,392.3299865722656,404408,2025-08-28 13:30:00+00:00
392.1700134277344,392.3999938964844,390.5849914550781,391.06500244140625,144882,2025-08-28 14:30:00+00:00
391.17999267578125,392.30999755859375,390.32501220703125,392.239990234375,103901,2025-08-28 15:30:00+00:00
392.260009765625,392.45001220703125,390.8500061035156,390.9599914550781,70428,2025-08-28 16:30:00+00:00
390.92999267578125,390.9949951171875,389.1700134277344,389.7449951171875,99341,2025-08-28 17:30:00+00:00
389.5899963378906,391.7699890136719,389.5799865722656,391.67999267578125,149896,2025-08-28 18:30:00+00:00
391.6099853515625,392.3900146484375,390.6499938964844,392.1199951171875,157286,2025-08-28 19:30:00+00:00
392.1300048828125,394.5299987792969,391.7250061035156,392.32000732421875,144576,2025-08-29 13:30:00+00:00
392.260009765625,393.2699890136719,391.17999267578125,391.7200012207031,140237,2025-08-29 14:30:00+00:00
391.7900085449219,392.67498779296875,391.6099853515625,392.239990234375,94784,2025-08-29 15:30:00+00:00
392.2900085449219,392.3999938964844,391.07501220703125,391.19000244140625,55283,2025-08-29 16:30:00+00:00
391.239501953125,391.239501953125,389.385009765625,390.07000732421875,94132,2025-08-29 17:30:00+00:00
389.9599914550781,391.05999755859375,389.8299865722656,390.5150146484375,74841,2025-08-29 18:30:00+00:00
390.4700012207031,391.239990234375,390.4049987792969,391.0299987792969,193303,2025-08-29 19:30:00+00:00
391.0199890136719,397.3522033691406,390.7900085449219,395.5350036621094,235806,2025-09-02 13:30:00+00:00
395.6000061035156,395.8399963378906,392.3599853515625,392.8699951171875,124382,2025-09-02 14:30:00+00:00
392.9100036621094,398.7499084472656,392.79998779296875,397.125,332525,2025-09-02 15:30:00+00:00
397.0899963378906,399.8800048828125,396.8699951171875,399.6050109863281,189794,2025-09-02 16:30:00+00:00
399.6099853515625,400.6400146484375,399.2500915527344,400.0400085449219,184920,2025-09-02 17:30:00+00:00
400.1050109863281,401.2850036621094,399.1199951171875,400.8963928222656,214484,2025-09-02 18:30:00+00:00
400.8349914550781,401.55499267578125,399.92999267578125,400.989990234375,267072,2025-09-02 19:30:00+00:00
400.0899963378906,402.3900146484375,399.07000732421875,399.6099853515625,170882,2025-09-03 13:30:00+00:00
399.75,400.239990234375,396.9100036621094,396.9100036621094,155014,2025-09-03 14:30:00+00:00
396.7099914550781,396.9549865722656,394.79998779296875,394.82000732421875,86288,2025-09-03 15:30:00+00:00
394.8500061035156,396.059814453125,394.3999938964844,395.92498779296875,89865,2025-09-03 16:30:00+00:00
395.9949951171875,396.3599853515625,393.6700134277344,393.92999267578125,113002,2025-09-03 17:30:00+00:00
393.92999267578125,394.5400085449219,393.05010986328125,393.9873962402344,127518,2025-09-03 18:30:00+00:00
393.8399963378906,396.7900085449219,393.510009765625,396.760009765625,279941,2025-09-03 19:30:00+00:00
397.5400085449219,400.3599853515625,395.6700134277344,400.1600036621094,153509,2025-09-04 13:30:00+00:00
399.94000244140625,400.19000244140625,396.8031005859375,396.82000732421875,118812,2025-09-04 14:30:00+00:00
396.875,397.3349914550781,395.1700134277344,395.2099914550781,103250,2025-09-04 15:30:00+00:00
395.239990234375,395.9100036621094,394.82000732421875,395.2001037597656,81234,2025-09-04 16:30:00+00:00
395.4599914550781,395.864990234375,395.1099853515625,395.3999938964844,69797,2025-09-04 17:30:00+00:00
395.45001220703125,396.9898986816406,395.3999938964844,396.6700134277344,143812,2025-09-04 18:30:00+00:00
396.6700134277344,397.29998779296875,396.4100036621094,396.94000244140625,187362,2025-09-04 19:30:00+00:00
397.8699951171875,402.739990234375,396.6549987792969,400.0050048828125,121822,2025-09-05 13:30:00+00:00
399.9599914550781,399.9599914550781,397.3949890136719,398.1400146484375,116010,2025-09-05 14:30:00+00:00
398.2799987792969,398.3500061035156,396.17999267578125,396.2799987792969,94529,2025-09-05 15:30:00+00:00
396.010009765625,396.17999267578125,394.1199951171875,394.2699890136719,109415,2025-09-05 16:30:00+00:00
394.1300048828125,394.7846984863281,393.510009765625,394.05999755859375,96611,2025-09-05 17:30:00+00:00
394.05999755859375,395.239990234375,393.6401062011719,395.0140075683594,163585,2025-09-05 18:30:00+00:00
394.8800048828125,396.1700134277344,394.7099914550781,396.0899963378906,223465,2025-09-05 19:30:00+00:00
395.2799987792969,396.0,390.9800109863281,392.2699890136719,176627,2025-09-08 13:30:00+00:00
392.0,395.7349853515625,391.5849914550781,394.9599914550781,183692,2025-09-08 14:30:00+00:00
394.7300109863281,394.7300109863281,392.489990234375,392.8800048828125,135897,2025-09-08 15:30:00+00:00
392.79998779296875,393.94000244140625,391.8796081542969,393.8599853515625,112886,2025-09-08 16:30:00+00:00
393.70001220703125,393.92999267578125,392.30999755859375,393.6700134277344,90812,2025-09-08 17:30:00+00:00
393.8399963378906,394.510009765625,393.2200012207031,393.45001220703125,152510,2025-09-08 18:30:00+00:00
393.55999755859375,395.5799865722656,393.2799987792969,395.25,219986,2025-09-08 19:30:00+00:00
395.010009765625,396.1199951171875,391.760009765625,393.2699890136719,119150,2025-09-09 13:30:00+00:00
393.3599853515625,394.44000244140625,392.4110107421875,394.3800048828125,98508,2025-09-09 14:30:00+00:00
394.4599914550781,396.2300109863281,394.06500244140625,396.1199951171875,114638,2025-09-09 15:30:00+00:00
396.1600036621094,397.25,395.1600036621094,395.1650085449219,64516,2025-09-09 16:30:00+00:00
395.0199890136719,395.5,393.1499938964844,394.9700012207031,113881,2025-09-09 17:30:00+00:00
394.94000244140625,395.79998779296875,394.3800048828125,395.7300109863281,112120,2025-09-09 18:30:00+00:00
395.80999755859375,396.82000732421875,395.7049865722656,396.45001220703125,143935,2025-09-09 19:30:00+00:00
396.1700134277344,396.8599853515625,390.385009765625,391.3291931152344,322017,2025-09-10 13:30:00+00:00
390.79998779296875,393.19000244140625,390.7799987792969,392.1300048828125,171206,2025-09-10 14:30:00+00:00
392.2799987792969,392.8399963378906,391.6099853515625,391.6300048828125,70925,2025-09-10 15:30:00+00:00
391.2908020019531,391.6549987792969,389.3500061035156,390.5050048828125,98718,2025-09-10 16:30:00+00:00
390.3800048828125,390.92999267578125,388.4100036621094,390.9200134277344,147841,2025-09-10 17:30:00+00:00
391.010009765625,392.5199890136719,387.6400146484375,387.7099914550781,150284,2025-09-10 18:30:00+00:00
387.7300109863281,389.6449890136719,387.19000244140625,388.4200134277344,277658,2025-09-10 19:30:00+00:00
388.54998779296875,392.760009765625,388.54998779296875,392.6000061035156,140909,2025-09-11 13:30:00+00:00
392.3500061035156,393.75,392.2950134277344,392.6700134277344,37058,2025-09-11 14:30:00+00:00
392.7200012207031,392.9576110839844,392.2200012207031,392.2200012207031,145775,2025-09-11 15:30:00+00:00
392.3699951171875,395.1099853515625,392.1000061035156,394.7650146484375,145088,2025-09-11 16:30:00+00:00
394.7650146484375,397.17999267578125,394.739990234375,396.4200134277344,115833,2025-09-11 17:30:00+00:00
396.4440002441406,397.05999755859375,394.964111328125,397.04998779296875,140281,2025-09-11 18:30:00+00:00
397.32000732421875,398.5,397.010009765625,397.3890075683594,201758,2025-09-11 19:30:00+00:00
395.0,396.8299865722656,393.625,395.6549987792969,101011,2025-09-12 13:30:00+00:00
395.4092102050781,396.1600036621094,395.0799865722656,395.375,110255,2025-09-12 14:30:00+00:00
395.3949890136719,395.57000732421875,393.20001220703125,394.2300109863281,106776,2025-09-12 15:30:00+00:00
394.2699890136719,394.8399963378906,393.79998779296875,394.7255859375,58684,2025-09-12 16:30:00+00:00
394.5899963378906,394.8800048828125,393.7149963378906,394.65008544921875,73921,2025-09-12 17:30:00+00:00
395.2200012207031,395.4537048339844,393.927490234375,394.29998779296875,53993,2025-09-12 18:30:00+00:00
394.4100036621094,395.3399963378906,393.8658142089844,394.510009765625,173248,2025-09-12 19:30:00+00:00
392.9599914550781,397.864990234375,392.5400085449219,395.6549987792969,236345,2025-09-15 13:30:00+00:00
395.57000732421875,396.32000732421875,393.1300048828125,393.17498779296875,206791,2025-09-15 14:30:00+00:00
393.17999267578125,393.6299133300781,391.9599914550781,392.4649963378906,110120,2025-09-15 15:30:00+00:00
392.45001220703125,394.19000244140625,392.0299987792969,394.1000061035156,144818,2025-09-15 16:30:00+00:00
394.1099853515625,394.8299865722656,393.3699951171875,394.0899963378906,97200,2025-09-15 17:30:00+00:00
394.0799865722656,394.6099853515625,393.80999755859375,394.0,136766,2025-09-15 18:30:00+00:00
394.0400085449219,394.56500244140625,392.32000732421875,393.1499938964844,257467,2025-09-15 19:30:00+00:00
392.5899963378906,395.19000244140625,392.0400085449219,393.20001220703125,155351,2025-09-16 13:30:00+00:00
393.2074890136719,394.8949890136719,391.9100036621094,394.4599914550781,120921,2025-09-16 14:30:00+00:00
394.0799865722656,395.45001220703125,392.9361877441406,394.5899963378906,163880,2025-09-16 15:30:00+00:00
394.37860107421875,394.6499938964844,386.3599853515625,390.0950012207031,326785,2025-09-16 16:30:00+00:00
390.53509521484375,391.260009765625,387.6000061035156,389.0350036621094,228213,2025-09-16 17:30:00+00:00
389.30999755859375,390.9649963378906,388.9649963378906,390.5,196956,2025-09-16 18:30:00+00:00
390.4100036621094,392.2699890136719,390.0,391.3399963378906,241368,2025-09-16 19:30:00+00:00
392.94000244140625,396.30999755859375,392.94000244140625,394.239990234375,331285,2025-09-17 13:30:00+00:00
394.3500061035156,394.3999938964844,392.1400146484375,393.0450134277344,98968,2025-09-17 14:30:00+00:00
393.06500244140625,393.1700134277344,390.4700012207031,390.6300048828125,72650,2025-09-17 15:30:00+00:00
390.590087890625,390.7900085449219,387.0,390.739990234375,209135,2025-09-17 16:30:00+00:00
390.760009765625,392.7099914550781,389.9100036621094,390.4599914550781,303778,2025-09-17 17:30:00+00:00
390.2200012207031,390.32501220703125,387.69500732421875,388.92999267578125,433486,2025-09-17 18:30:00+00:00
388.989990234375,388.989990234375,386.4700012207031,387.1499938964844,276034,2025-09-17 19:30:00+00:00
389.6700134277344,390.6600036621094,387.19000244140625,388.94500732421875,298322,2025-09-18 13:30:00+00:00
388.8900146484375,389.0400085449219,385.4599914550781,387.0950012207031,226502,2025-09-18 14:30:00+00:00
387.07000732421875,387.7099914550781,386.5,387.3070068359375,138328,2025-09-18 15:30:00+00:00
387.2699890136719,387.2950134277344,384.8699951171875,385.9599914550781,163680,2025-09-18 16:30:00+00:00
385.9700012207031,388.2850036621094,385.260009765625,387.45001220703125,265126,2025-09-18 17:30:00+00:00
387.6499938964844,387.6499938964844,386.2799987792969,386.44000244140625,275380,2025-09-18 18:30:00+00:00
386.3500061035156,387.5199890136719,386.1499938964844,386.95001220703125,254717,2025-09-18 19:30:00+00:00
388.989990234375,389.4599914550781,383.8800048828125,386.7200012207031,713512,2025-09-19 13:30:00+00:00
386.80999755859375,386.80999755859375,385.239990234375,385.92999267578125,130302,2025-09-19 14:30:00+00:00
385.92999267578125,386.4200134277344,385.1600036621094,385.1600036621094,144011,2025-09-19 15:30:00+00:00
385.2099914550781,386.0,384.69000244140625,385.4200134277344,114144,2025-09-19 16:30:00+00:00
385.3299865722656,385.9872131347656,384.8301086425781,385.135009765625,119310,2025-09-19 17:30:00+00:00
384.92999267578125,385.7850036621094,384.5899963378906,384.8599853515625,232476,2025-09-19 18:30:00+00:00
384.7449951171875,385.1449890136719,382.6000061035156,382.8900146484375,509634,2025-09-19 19:30:00+00:00
384.07000732421875,385.8399963378906,381.7799987792969,385.5199890136719,191865,2025-09-22 13:30:00+00:00
385.5450134277344,386.0799865722656,383.5,383.7099914550781,149934,2025-09-22 14:30:00+00:00
383.5199890136719,384.5199890136719,383.2799987792969,383.82000732421875,129713,2025-09-22 15:30:00+00:00
383.82000732421875,384.81500244140625,383.44000244140625,384.4100036621094,100787,2025-09-22 16:30:00+00:00
384.526611328125,385.010009765625,383.2300109863281,384.79998779296875,139854,2025-09-22 17:30:00+00:00
384.7099914550781,385.5264892578125,383.25,383.5150146484375,132320,2025-09-22 18:30:00+00:00
383.3699951171875,383.7900085449219,382.8299865722656,382.9599914550781,235671,2025-09-22 19:30:00+00:00
381.5899963378906,383.5,380.5400085449219,380.8399963378906,104442,2025-09-23 13:30:00+00:00
380.9137878417969,382.0,377.7300109863281,379.2850036621094,152813,2025-09-23 14:30:00+00:00
379.20001220703125,380.1199951171875,378.3299865722656,379.6199951171875,93340,2025-09-23 15:30:00+00:00
379.625,380.9049987792969,379.20001220703125,379.260009765625,143164,2025-09-23 16:30:00+00:00
379.31500244140625,380.760009765625,378.67999267578125,379.8299865722656,92216,2025-09-23 17:30:00+00:00
379.6700134277344,379.8599853515625,377.510009765625,377.95001220703125,387797,2025-09-23 18:30:00+00:00
377.8999938964844,380.2349853515625,376.0,379.67999267578125,287358,2025-09-23 19:30:00+00:00
377.55999755859375,380.7250061035156,376.17999267578125,379.9599914550781,169541,2025-09-24 13:30:00+00:00
380.0350036621094,380.5,377.32000732421875,377.9599914550781,117456,2025-09-24 14:30:00+00:00
378.0400085449219,379.3399963378906,377.3500061035156,378.0150146484375,100759,2025-09-24 15:30:00+00:00
378.09619140625,378.1400146484375,377.2200012207031,377.44000244140625,64883,2025-09-24 16:30:00+00:00
377.5199890136719,377.55999755859375,374.1700134277344,375.1099853515625,109005,2025-09-24 17:30:00+00:00
375.2349853515625,376.375,375.0799865722656,375.8900146484375,115584,2025-09-24 18:30:00+00:00
375.9800109863281,377.1300048828125,375.3900146484375,376.7099914550781,489277,2025-09-24 19:30:00+00:00
383.20001220703125,387.4798889160156,380.32000732421875,381.010009765625,346133,2025-09-25 13:30:00+00:00
380.96990966796875,381.5400085449219,377.1199951171875,378.95001220703125,160665,2025-09-25 14:30:00+00:00
378.9150085449219,379.07501220703125,377.0199890136719,377.7799987792969,164414,2025-09-25 15:30:00+00:00
377.6600036621094,379.5299987792969,377.5249938964844,378.67999267578125,129072,2025-09-25 16:30:00+00:00
378.6400146484375,380.69000244140625,378.1300048828125,380.2850036621094,182971,2025-09-25 17:30:00+00:00
380.3500061035156,383.2149963378906,380.04998779296875,380.8699951171875,315163,2025-09-25 18:30:00+00:00
380.8299865722656,382.1199951171875,379.94000244140625,381.9800109863281,301927,2025-09-25 19:30:00+00:00
381.9100036621094,385.9798889160156,379.7200012207031,384.7300109863281,209309,2025-09-26 13:30:00+00:00
384.5299987792969,386.4639892578125,384.0899963378906,385.1600036621094,133668,2025-09-26 14:30:00+00:00
385.0,385.7699890136719,383.5,385.6549987792969,95733,2025-09-26 15:30:00+00:00
385.6549987792969,387.4800109863281,384.2200012207031,384.6099853515625,148603,2025-09-26 16:30:00+00:00
384.8450012207031,385.5,383.75390625,384.7699890136719,118488,2025-09-26 17:30:00+00:00
385.0050048828125,386.5400085449219,384.8450012207031,384.9800109863281,147546,2025-09-26 18:30:00+00:00
384.95001220703125,386.114990234375,384.8183898925781,385.79998779296875,273388,2025-09-26 19:30:00+00:00
386.29998779296875,393.62249755859375,384.3940124511719,392.3900146484375,217604,2025-09-29 13:30:00+00:00
392.3599853515625,392.6199951171875,389.4901123046875,390.0350036621094,265808,2025-09-29 14:30:00+00:00
390.1400146484375,393.510009765625,389.7099914550781,393.2699890136719,173353,2025-09-29 15:30:00+00:00
393.1499938964844,396.0849914550781,393.1400146484375,395.489990234375,152171,2025-09-29 16:30:00+00:00
395.55999755859375,398.4800109863281,395.260009765625,398.4800109863281,130207,2025-09-29 17:30:00+00:00
398.4800109863281,399.1000061035156,396.7900085449219,397.79998779296875,169030,2025-09-29 18:30:00+00:00
397.95001220703125,398.489990234375,394.864990234375,395.32000732421875,209422,2025-09-29 19:30:00+00:00
394.94000244140625,397.6499938964844,385.9400939941406,388.4700012207031,231020,2025-09-30 13:30:00+00:00
388.8299865722656,391.22479248046875,385.864990234375,388.07000732421875,173178,2025-09-30 14:30:00+00:00
388.07501220703125,390.239990234375,386.28759765625,389.94000244140625,120388,2025-09-30 15:30:00+00:00
390.010009765625,391.93499755859375,389.1549987792969,390.32000732421875,103477,2025-09-30 16:30:00+00:00
390.25,395.0,388.9049987792969,394.45001220703125,170137,2025-09-30 17:30:00+00:00
394.2799987792969,396.2099914550781,391.3699951171875,392.2699890136719,204433,2025-09-30 18:30:00+00:00
392.3699951171875,393.0400085449219,391.0799865722656,391.54998779296875,222248,2025-09-30 19:30:00+00:00
393.6199951171875,401.3599853515625,392.82000732421875,400.9949951171875,225941,2025-10-01 13:30:00+00:00
400.9200134277344,407.3616943359375,400.4100036621094,406.6400146484375,255590,2025-10-01 14:30:00+00:00
406.6099853515625,407.5,405.489990234375,406.1498107910156,81253,2025-10-01 15:30:00+00:00
406.1600036621094,406.2699890136719,403.0299987792969,403.2200012207031,75675,2025-10-01 16:30:00+00:00
403.19000244140625,404.4700012207031,402.3999938964844,404.1549987792969,434472,2025-10-01 17:30:00+00:00
404.17498779296875,407.42999267578125,403.8800048828125,406.4200134277344,207855,2025-10-01 18:30:00+00:00
406.2449951171875,406.2449951171875,403.9800109863281,404.0799865722656,296406,2025-10-01 19:30:00+00:00
404.2099914550781,409.0,403.5899963378906,407.80499267578125,293533,2025-10-02 13:30:00+00:00
407.510009765625,409.3800048828125,405.9049987792969,408.92498779296875,227965,2025-10-02 14:30:00+00:00
409.2200012207031,410.2349853515625,408.9599914550781,409.9849853515625,108688,2025-10-02 15:30:00+00:00
410.05999755859375,410.9949951171875,406.797607421875,407.67999267578125,233220,2025-10-02 16:30:00+00:00
407.8500061035156,408.8500061035156,406.6199951171875,407.20001220703125,132997,2025-10-02 17:30:00+00:00
407.1199951171875,407.5400085449219,406.6199951171875,407.0299987792969,153991,2025-10-02 18:30:00+00:00
407.04998779296875,409.1099853515625,406.7650146484375,408.69000244140625,287713,2025-10-02 19:30:00+00:00
411.6700134277344,411.9100036621094,407.04998779296875,408.0,242334,2025-10-03 13:30:00+00:00
408.2900085449219,409.1099853515625,406.1600036621094,406.6449890136719,127195,2025-10-03 14:30:00+00:00
406.6300048828125,407.1400146484375,405.0400085449219,405.0799865722656,110733,2025-10-03 15:30:00+00:00
405.2699890136719,405.4549865722656,403.510009765625,404.5425109863281,141123,2025-10-03 16:30:00+00:00
404.3500061035156,406.80999755859375,404.3500061035156,406.57000732421875,96361,2025-10-03 17:30:00+00:00
406.5299987792969,406.7250061035156,403.75,404.6400146484375,171858,2025-10-03 18:30:00+00:00
404.6300048828125,404.92498779296875,403.0400085449219,403.2799987792969,207309,2025-10-03 19:30:00+00:00
403.42999267578125,405.260009765625,401.2325134277344,405.2349853515625,209102,2025-10-06 13:30:00+00:00
405.29998779296875,405.44500732421875,400.7349853515625,402.54998779296875,144215,2025-10-06 14:30:00+00:00
402.375,403.3999938964844,401.6199951171875,402.0199890136719,101178,2025-10-06 15:30:00+00:00
402.0274963378906,402.9800109863281,401.1549987792969,402.9800109863281,82937,2025-10-06 16:30:00+00:00
402.9100036621094,402.9100036621094,400.92999267578125,401.9849853515625,96229,2025-10-06 17:30:00+00:00
402.0935974121094,402.1000061035156,401.0,401.9750061035156,105209,2025-10-06 18:30:00+00:00
402.1000061035156,404.7749938964844,401.75,402.8999938964844,167986,2025-10-06 19:30:00+00:00
400.8599853515625,409.8299865722656,400.8599853515625,407.69500732421875,218775,2025-10-07 13:30:00+00:00
407.239990234375,411.489990234375,407.1300048828125,410.8550109863281,184934,2025-10-07 14:30:00+00:00
411.1099853515625,413.2879943847656,410.3575134277344,411.3599853515625,193643,2025-10-07 15:30:00+00:00
411.239990234375,411.3399963378906,409.4219970703125,410.781005859375,102453,2025-10-07 16:30:00+00:00
410.44000244140625,411.4100036621094,409.6400146484375,411.3525085449219,89789,2025-10-07 17:30:00+00:00
411.42498779296875,413.25,410.82000732421875,411.2300109863281,160409,2025-10-07 18:30:00+00:00
411.239990234375,412.9100036621094,410.0899963378906,410.25,286359,2025-10-07 19:30:00+00:00
410.92999267578125,413.9700012207031,410.0199890136719,412.4700012207031,242036,2025-10-08 13:30:00+00:00
412.3699951171875,415.9599914550781,412.3699951171875,415.69000244140625,137888,2025-10-08 14:30:00+00:00
415.6600036621094,420.2850036621094,415.1300048828125,418.510009765625,165131,2025-10-08 15:30:00+00:00
418.5,418.80999755859375,417.5400085449219,417.8800048828125,111780,2025-10-08 16:30:00+00:00
417.5450134277344,419.5199890136719,417.0400085449219,419.5199890136719,103049,2025-10-08 17:30:00+00:00
419.3699951171875,421.1300048828125,418.42498779296875,420.8599853515625,217455,2025-10-08 18:30:00+00:00
420.68499755859375,422.7254943847656,420.5199890136719,421.3500061035156,627374,2025-10-08 19:30:00+00:00
419.30999755859375,421.010009765625,416.0299987792969,417.92999267578125,143832,2025-10-09 13:30:00+00:00
417.45001220703125,417.4800109863281,415.17999267578125,415.3299865722656,85293,2025-10-09 14:30:00+00:00
415.3299865722656,417.0899963378906,414.2799987792969,415.5899963378906,89966,2025-10-09 15:30:00+00:00
415.70001220703125,417.30999755859375,415.70001220703125,416.0899963378906,47004,2025-10-09 16:30:00+00:00
416.04998779296875,416.04998779296875,414.914794921875,415.19500732421875,60184,2025-10-09 17:30:00+00:00
415.2099914550781,415.739990234375,414.8575134277344,415.1300048828125,74684,2025-10-09 18:30:00+00:00
415.17999267578125,415.67498779296875,414.4700927734375,414.8900146484375,122554,2025-10-09 19:30:00+00:00
413.3299865722656,414.2200012207031,410.510009765625,410.55999755859375,135499,2025-10-10 13:30:00+00:00
411.0400085449219,413.1700134277344,408.45001220703125,410.30999755859375,132745,2025-10-10 14:30:00+00:00
410.260009765625,410.760009765625,407.5899963378906,408.6050109863281,83669,2025-10-10 15:30:00+00:00
408.6449890136719,409.114990234375,406.6300048828125,407.94000244140625,84176,2025-10-10 16:30:00+00:00
407.6600036621094,408.0199890136719,406.2200012207031,407.80499267578125,66936,2025-10-10 17:30:00+00:00
407.5450134277344,407.6400146484375,406.0950012207031,406.489990234375,100099,2025-10-10 18:30:00+00:00
406.6600036621094,408.75,406.6600036621094,407.9100036621094,194910,2025-10-10 19:30:00+00:00
404.0799865722656,408.489990234375,402.5799865722656,407.8999938964844,116756,2025-10-13 13:30:00+00:00
406.80499267578125,409.1300048828125,406.80499267578125,408.6474914550781,53933,2025-10-13 14:30:00+00:00
408.69500732421875,409.46990966796875,407.5975036621094,407.5975036621094,71971,2025-10-13 15:30:00+00:00
407.44000244140625,408.29998779296875,406.4800109863281,407.9549865722656,54783,2025-10-13 16:30:00+00:00
407.7900085449219,408.09991455078125,406.55999755859375,407.4599914550781,91326,2025-10-13 17:30:00+00:00
407.1700134277344,408.6000061035156,407.0799865722656,408.3599853515625,78185,2025-10-13 18:30:00+00:00
408.2300109863281,408.8500061035156,407.1600036621094,407.3500061035156,143268,2025-10-13 19:30:00+00:00
406.0799865722656,410.7900085449219,405.4549865722656,410.3599853515625,123342,2025-10-14 13:30:00+00:00
410.5799865722656,412.3299865722656,409.55999755859375,409.9674987792969,100979,2025-10-14 14:30:00+00:00
409.92999267578125,411.6600036621094,408.44500732421875,411.4800109863281,63070,2025-10-14 15:30:00+00:00
411.31500244140625,414.1000061035156,411.0201110839844,413.4100036621094,90206,2025-10-14 16:30:00+00:00
413.7974853515625,415.54998779296875,413.5350036621094,414.9700012207031,84964,2025-10-14 17:30:00+00:00
414.8399963378906,414.8500061035156,413.69000244140625,414.760009765625,119666,2025-10-14 18:30:00+00:00
414.7550048828125,414.7550048828125,412.1400146484375,412.2099914550781,223658,2025-10-14 19:30:00+00:00
412.1700134277344,413.57000732421875,409.5400085449219,412.2749938964844,220276,2025-10-15 13:30:00+00:00
412.2349853515625,412.6499938964844,409.0899963378906,411.29998779296875,102397,2025-10-15 14:30:00+00:00
411.3399963378906,411.989990234375,409.7349853515625,409.9100036621094,85772,2025-10-15 15:30:00+00:00
409.4100036621094,410.32000732421875,408.25,409.2799987792969,122737,2025-10-15 16:30:00+00:00
409.5,410.8800048828125,409.260009765625,410.4150085449219,157791,2025-10-15 17:30:00+00:00
410.2850036621094,412.1549987792969,409.63751220703125,409.7300109863281,125484,2025-10-15 18:30:00+00:00
409.7049865722656,409.7049865722656,407.04998779296875,407.9100036621094,203835,2025-10-15 19:30:00+00:00
408.7322998046875,413.30999755859375,406.8450012207031,409.875,243797,2025-10-16 13:30:00+00:00
409.6700134277344,412.9800109863281,409.07000732421875,410.9750061035156,157038,2025-10-16 14:30:00+00:00
410.7799987792969,411.8500061035156,409.4342041015625,410.05499267578125,108623,2025-10-16 15:30:00+00:00
409.7699890136719,410.70001220703125,408.0799865722656,409.7950134277344,111813,2025-10-16 16:30:00+00:00
409.9700012207031,410.5299987792969,406.2950134277344,406.6199951171875,120218,2025-10-16 17:30:00+00:00
406.614990234375,407.4750061035156,405.5350036621094,406.5899963378906,80833,2025-10-16 18:30:00+00:00
406.55999755859375,408.9200134277344,405.6390075683594,408.6000061035156,188205,2025-10-16 19:30:00+00:00
407.3599853515625,413.7112121582031,406.760009765625,413.5299987792969,214750,2025-10-17 13:30:00+00:00
413.5350036621094,414.6099853515625,412.3752136230469,413.7799987792969,92990,2025-10-17 14:30:00+00:00
413.9100036621094,416.8599853515625,413.55999755859375,416.5,94034,2025-10-17 15:30:00+00:00
416.94000244140625,417.0899963378906,415.7449951171875,416.0899963378906,60432,2025-10-17 16:30:00+00:00
416.1745910644531,418.80999755859375,415.55999755859375,418.2699890136719,115759,2025-10-17 17:30:00+00:00
418.4200134277344,419.3699951171875,418.1400146484375,419.0199890136719,76775,2025-10-17 18:30:00+00:00
418.760009765625,418.7601013183594,416.7900085449219,416.82000732421875,145606,2025-10-17 19:30:00+00:00
418.1700134277344,418.6600036621094,414.52398681640625,414.94000244140625,96974,2025-10-20 13:30:00+00:00
414.81500244140625,418.3999938964844,414.80999755859375,418.125,98427,2025-10-20 14:30:00+00:00
418.3299865722656,420.5,417.75,419.5700988769531,107898,2025-10-20 15:30:00+00:00
419.48260498046875,420.1199951171875,418.8299865722656,419.20001220703125,66972,2025-10-20 16:30:00+00:00
419.260009765625,420.3599853515625,419.0849914550781,419.4649963378906,58020,2025-10-20 17:30:00+00:00
419.4599914550781,419.4599914550781,418.1199951171875,418.2099914550781,69064,2025-10-20 18:30:00+00:00
418.17999267578125,419.64990234375,418.07000732421875,419.0350036621094,139618,2025-10-20 19:30:00+00:00
417.57000732421875,421.510009765625,417.57000732421875,420.7300109863281,125240,2025-10-21 13:30:00+00:00
420.79998779296875,424.29998779296875,420.79998779296875,423.82000732421875,96495,2025-10-21 14:30:00+00:00
423.82000732421875,424.8900146484375,423.1499938964844,424.6549987792969,120126,2025-10-21 15:30:00+00:00
424.57000732421875,425.57000732421875,424.43499755859375,425.2699890136719,113554,2025-10-21 16:30:00+00:00
425.3299865722656,426.739990234375,425.32000732421875,425.5450134277344,73904,2025-10-21 17:30:00+00:00
425.2099914550781,426.5400085449219,424.9700012207031,425.9100036621094,134764,2025-10-21 18:30:00+00:00
425.7799987792969,426.9700012207031,425.7149963378906,426.25,164147,2025-10-21 19:30:00+00:00
426.125,428.1449890136719,421.94000244140625,428.1449890136719,143056,2025-10-22 13:30:00+00:00
428.489990234375,430.2500915527344,427.70001220703125,428.4649963378906,204827,2025-10-22 14:30:00+00:00
428.4800109863281,431.55499267578125,428.2900085449219,430.55999755859375,145499,2025-10-22 15:30:00+00:00
430.6700134277344,431.80999755859375,427.3900146484375,427.7200012207031,202402,2025-10-22 16:30:00+00:00
427.75,429.4599914550781,427.1650085449219,428.32501220703125,108759,2025-10-22 17:30:00+00:00
428.6499938964844,428.7900085449219,425.0,425.3599853515625,165243,2025-10-22 18:30:00+00:00
425.3599853515625,427.94000244140625,424.4599914550781,426.42999267578125,283741,2025-10-22 19:30:00+00:00
427.8500061035156,432.0899963378906,426.4036865234375,430.3500061035156,268845,2025-10-23 13:30:00+00:00
429.80999755859375,432.760009765625,429.1700134277344,429.20001220703125,221018,2025-10-23 14:30:00+00:00
429.239990234375,430.4002990722656,428.4375,429.1099853515625,123516,2025-10-23 15:30:00+00:00
429.2300109863281,429.9599914550781,426.0799865722656,426.0899963378906,92000,2025-10-23 16:30:00+00:00
425.9549865722656,427.5775146484375,423.1099853515625,423.7793884277344,163274,2025-10-23 17:30:00+00:00
424.1199951171875,424.3349914550781,421.2699890136719,421.56201171875,248132,2025-10-23 18:30:00+00:00
421.6050109863281,423.0400085449219,421.4599914550781,422.67999267578125,288098,2025-10-23 19:30:00+00:00
423.4100036621094,425.8599853515625,420.6000061035156,424.5899963378906,110665,2025-10-24 13:30:00+00:00
425.1099853515625,425.2200012207031,423.4200134277344,424.1199951171875,122275,2025-10-24 14:30:00+00:00
424.1700134277344,424.1700134277344,423.0,423.3500061035156,74164,2025-10-24 15:30:00+00:00
423.2200012207031,424.30999755859375,422.66009521484375,423.2699890136719,48945,2025-10-24 16:30:00+00:00
423.0150146484375,423.6549987792969,422.7749938964844,423.3299865722656,45568,2025-10-24 17:30:00+00:00
423.17999267578125,423.7900085449219,422.82000732421875,423.1300048828125,103468,2025-10-24 18:30:00+00:00
423.1199951171875,423.5199890136719,421.2200012207031,421.8299865722656,246663,2025-10-24 19:30:00+00:00
422.0,423.0299987792969,418.760009765625,421.489990234375,105342,2025-10-27 13:30:00+00:00
421.5299987792969,421.79998779296875,419.1600036621094,420.3999938964844,132133,2025-10-27 14:30:00+00:00
420.3999938964844,423.389892578125,419.2799987792969,422.3900146484375,154465,2025-10-27 15:30:00+00:00
422.33599853515625,422.95001220703125,421.0050048828125,421.69500732421875,83688,2025-10-27 16:30:00+00:00
421.7049865722656,422.1050109863281,420.3999938964844,421.44000244140625,67278,2025-10-27 17:30:00+00:00
421.3299865722656,422.0199890136719,421.010009765625,421.6000061035156,99121,2025-10-27 18:30:00+00:00
421.44000244140625,422.0,419.94000244140625,420.0400085449219,247907,2025-10-27 19:30:00+00:00
418.0,421.56988525390625,417.3900146484375,419.4927062988281,89449,2025-10-28 13:30:00+00:00
419.46539306640625,421.0150146484375,418.8800048828125,419.2799987792969,113795,2025-10-28 14:30:00+00:00
418.94000244140625,419.75,418.3299865722656,419.3299865722656,50157,2025-10-28 15:30:00+00:00
419.4800109863281,421.2799987792969,418.7300109863281,420.5,87965,2025-10-28 16:30:00+00:00
420.19000244140625,421.2099914550781,419.9800109863281,420.510009765625,78442,2025-10-28 17:30:00+00:00
420.7300109863281,421.3900146484375,419.5350036621094,421.3500061035156,68525,2025-10-28 18:30:00+00:00
421.3500061035156,422.57000732421875,420.31500244140625,422.5400085449219,373932,2025-10-28 19:30:00+00:00
418.0199890136719,420.0,416.94000244140625,417.6499938964844,116678,2025-10-29 13:30:00+00:00
418.0,419.5050048828125,415.7699890136719,419.0400085449219,446053,2025-10-29 14:30:00+00:00
419.29998779296875,422.84649658203125,418.8900146484375,422.8399963378906,77403,2025-10-29 15:30:00+00:00
422.9800109863281,422.9800109863281,421.2099914550781,421.5950012207031,49559,2025-10-29 16:30:00+00:00
421.3999938964844,422.4800109863281,419.32501220703125,419.6499938964844,68708,2025-10-29 17:30:00+00:00
419.6499938964844,419.69000244140625,416.0950012207031,417.1199951171875,105053,2025-10-29 18:30:00+00:00
416.9800109863281,417.989990234375,416.2300109863281,417.1600036621094,197848,2025-10-29 19:30:00+00:00
417.19000244140625,422.2850036621094,415.0,417.75,97147,2025-10-30 13:30:00+00:00
418.2449951171875,421.44000244140625,417.94000244140625,420.6000061035156,92712,2025-10-30 14:30:00+00:00
420.71051025390625,422.95001220703125,419.7200927734375,422.0,70079,2025-10-30 15:30:00+00:00
421.5050048828125,421.8999938964844,419.6000061035156,421.2449951171875,43402,2025-10-30 16:30:00+00:00
421.0899963378906,421.6099853515625,419.8200988769531,420.7799987792969,54023,2025-10-30 17:30:00+00:00
420.6300048828125,422.4049987792969,419.7300109863281,422.2900085449219,106826,2025-10-30 18:30:00+00:00
422.0723876953125,422.0723876953125,419.3500061035156,419.8900146484375,155767,2025-10-30 19:30:00+00:00
416.2799987792969,424.7699890136719,415.80999755859375,422.8299865722656,115238,2025-10-31 13:30:00+00:00
423.0,424.04998779296875,421.9200134277344,422.9100036621094,73870,2025-10-31 14:30:00+00:00
423.5299987792969,424.6050109863281,421.9200134277344,422.7300109863281,85015,2025-10-31 15:30:00+00:00
423.29998779296875,424.3699951171875,422.5199890136719,422.739990234375,86047,2025-10-31 16:30:00+00:00
422.8299865722656,424.5,422.6000061035156,423.8800048828125,68177,2025-10-31 17:30:00+00:00
424.0,426.6300048828125,423.989990234375,425.8399963378906,75347,2025-10-31 18:30:00+00:00
425.7538146972656,426.9599914550781,425.5,425.54998779296875,209297,2025-10-31 19:30:00+00:00
427.20001220703125,430.1000061035156,419.3700866699219,420.07000732421875,247740,2025-11-03 14:30:00+00:00
419.8450012207031,422.5899963378906,418.6000061035156,422.2650146484375,119788,2025-11-03 15:30:00+00:00
422.2650146484375,423.80999755859375,421.82501220703125,423.2149963378906,97031,2025-11-03 16:30:00+00:00
423.2149963378906,425.71099853515625,423.2149963378906,424.7699890136719,80082,2025-11-03 17:30:00+00:00
424.69000244140625,427.0079040527344,424.5867004394531,425.2900085449219,167470,2025-11-03 18:30:00+00:00
425.2900085449219,425.3900146484375,423.9800109863281,424.1000061035156,170257,2025-11-03 19:30:00+00:00
424.19500732421875,426.8500061035156,423.0267028808594,426.2099914550781,650045,2025-11-03 20:30:00+00:00
418.54998779296875,423.0,403.1600036621094,422.989990234375,389179,2025-11-04 14:30:00+00:00
422.5799865722656,430.3399963378906,421.4700012207031,429.95001220703125,178982,2025-11-04 15:30:00+00:00
429.95001220703125,430.7099914550781,425.0899963378906,429.510009765625,187096,2025-11-04 16:30:00+00:00
429.6000061035156,430.1199951171875,425.760009765625,427.2799987792969,123934,2025-11-04 17:30:00+00:00
427.5400085449219,427.5400085449219,424.2699890136719,426.17999267578125,100055,2025-11-04 18:30:00+00:00
426.0989990234375,426.3599853515625,420.92999267578125,422.64990234375,132279,2025-11-04 19:30:00+00:00
422.6499938964844,423.6400146484375,420.385009765625,421.8599853515625,251027,2025-11-04 20:30:00+00:00
417.70001220703125,422.989990234375,410.45001220703125,422.989990234375,186733,2025-11-05 14:30:00+00:00
422.8500061035156,423.4200134277344,417.44500732421875,421.09161376953125,78019,2025-11-05 15:30:00+00:00
420.8550109863281,425.5299987792969,420.8550109863281,424.8865051269531,75884,2025-11-05 16:30:00+00:00
425.3299865722656,427.17999267578125,420.3399963378906,420.590087890625,64090,2025-11-05 17:30:00+00:00
420.9150085449219,422.010009765625,419.9649963378906,419.9649963378906,65714,2025-11-05 18:30:00+00:00
419.6400146484375,420.9700012207031,414.760009765625,418.9700012207031,110998,2025-11-05 19:30:00+00:00
418.9800109863281,420.06500244140625,416.5,416.9599914550781,188073,2025-11-05 20:30:00+00:00
414.1000061035156,417.9200134277344,410.2900085449219,417.2699890136719,166094,2025-11-06 14:30:00+00:00
417.18499755859375,418.2099914550781,414.94000244140625,417.82501220703125,119159,2025-11-06 15:30:00+00:00
417.4700012207031,418.8999938964844,416.1610107421875,417.81500244140625,82142,2025-11-06 16:30:00+00:00
418.1199951171875,418.1300048828125,415.1700134277344,416.29998779296875,41854,2025-11-06 17:30:00+00:00
416.260009765625,424.25,415.56500244140625,416.9800109863281,140655,2025-11-06 18:30:00+00:00
416.7650146484375,418.010009765625,415.8500061035156,417.2101135253906,66795,2025-11-06 19:30:00+00:00
417.5400085449219,417.7654113769531,415.7699890136719,416.2900085449219,178147,2025-11-06 20:30:00+00:00
415.6099853515625,416.0,408.2318115234375,409.6199951171875,109437,2025-11-07 14:30:00+00:00
409.8599853515625,412.5199890136719,408.0199890136719,409.3450012207031,121736,2025-11-07 15:30:00+00:00
409.260009765625,409.3399963378906,407.67999267578125,408.9599914550781,74226,2025-11-07 16:30:00+00:00
408.82000732421875,408.9649963378906,406.82501220703125,407.3800048828125,68965,2025-11-07 17:30:00+00:00
407.3299865722656,408.8699951171875,406.67340087890625,408.6700134277344,72352,2025-11-07 18:30:00+00:00
408.67498779296875,410.3299865722656,407.375,408.260009765625,95802,2025-11-07 19:30:00+00:00
408.30499267578125,409.6000061035156,407.010009765625,409.4599914550781,174007,2025-11-07 20:30:00+00:00
412.1099853515625,415.60400390625,410.5,412.42498779296875,172212,2025-11-10 14:30:00+00:00
412.42498779296875,416.9700012207031,412.04998779296875,414.4599914550781,116511,2025-11-10 15:30:00+00:00
414.44000244140625,414.44000244140625,411.8179931640625,412.95001220703125,74814,2025-11-10 16:30:00+00:00
413.0150146484375,413.9100036621094,412.5133056640625,413.9100036621094,46984,2025-11-10 17:30:00+00:00
413.9100036621094,418.3599853515625,413.9100036621094,418.2300109863281,80821,2025-11-10 18:30:00+00:00
418.3599853515625,420.6199951171875,418.2099914550781,419.8900146484375,107233,2025-11-10 19:30:00+00:00
419.79998779296875,422.2300109863281,419.6600036621094,421.0799865722656,156121,2025-11-10 20:30:00+00:00
423.29998779296875,425.0,417.1199951171875,419.94000244140625,83119,2025-11-11 14:30:00+00:00
420.010009765625,425.6698913574219,420.010009765625,424.2200012207031,98827,2025-11-11 15:30:00+00:00
423.8800048828125,426.06170654296875,423.5400085449219,425.6737976074219,45675,2025-11-11 16:30:00+00:00
425.8900146484375,427.5899963378906,424.94000244140625,426.7900085449219,52292,2025-11-11 17:30:00+00:00
426.7872009277344,427.0299987792969,424.4700012207031,425.1575012207031,43508,2025-11-11 18:30:00+00:00
425.1575012207031,427.70001220703125,424.7349853515625,427.6400146484375,74402,2025-11-11 19:30:00+00:00
427.6499938964844,429.4750061035156,427.32000732421875,429.2799987792969,168640,2025-11-11 20:30:00+00:00
429.69000244140625,430.6372985839844,425.45709228515625,430.2799987792969,105492,2025-11-12 14:30:00+00:00
430.26849365234375,432.4800109863281,429.1199951171875,431.1400146484375,78863,2025-11-12 15:30:00+00:00
431.125,431.8800048828125,430.20001220703125,430.70001220703125,75954,2025-11-12 16:30:00+00:00
430.70001220703125,432.0799865722656,430.2950134277344,431.6199951171875,67370,2025-11-12 17:30:00+00:00
431.7799987792969,433.8999938964844,431.1300048828125,433.3699951171875,93930,2025-11-12 18:30:00+00:00
433.42999267578125,435.4700012207031,433.0,434.8800048828125,107368,2025-11-12 19:30:00+00:00
434.8699951171875,435.94000244140625,433.75,434.4599914550781,219808,2025-11-12 20:30:00+00:00
434.0150146484375,440.9100036621094,430.8450012207031,438.9599914550781,171565,2025-11-13 14:30:00+00:00
438.5299987792969,441.1700134277344,437.8399963378906,440.1700134277344,169661,2025-11-13 15:30:00+00:00
440.17999267578125,440.4100036621094,438.9599914550781,439.5899963378906,113249,2025-11-13 16:30:00+00:00
439.5899963378906,439.70001220703125,435.1300048828125,435.260009765625,57411,2025-11-13 17:30:00+00:00
435.05010986328125,435.8299865722656,434.1820983886719,435.0,74599,2025-11-13 18:30:00+00:00
434.9800109863281,435.2099914550781,432.8599853515625,433.8800048828125,105716,2025-11-13 19:30:00+00:00
433.7349853515625,435.07000732421875,433.2300109863281,434.75,160392,2025-11-13 20:30:00+00:00
440.0,440.5899963378906,434.80999755859375,436.79998779296875,133839,2025-11-14 14:30:00+00:00
436.6300048828125,441.32000732421875,433.6700134277344,440.9800109863281,108241,2025-11-14 15:30:00+00:00
441.0,442.2200012207031,439.7900085449219,440.1099853515625,91916,2025-11-14 16:30:00+00:00
440.20001220703125,440.4750061035156,438.42010498046875,439.6700134277344,69524,2025-11-14 17:30:00+00:00
439.7300109863281,439.9100036621094,438.32000732421875,439.489990234375,54513,2025-11-14 18:30:00+00:00
439.54998779296875,440.7099914550781,438.8800048828125,439.5350036621094,299601,2025-11-14 19:30:00+00:00
439.3999938964844,439.69000244140625,435.9750061035156,437.1700134277344,194994,2025-11-14 20:30:00+00:00
434.30999755859375,438.45001220703125,432.2799987792969,437.75,133102,2025-11-17 14:30:00+00:00
437.6000061035156,439.4100036621094,435.0799865722656,437.07000732421875,98497,2025-11-17 15:30:00+00:00
437.1549987792969,439.32501220703125,436.45001220703125,439.2749938964844,77903,2025-11-17 16:30:00+00:00
439.4150085449219,439.989990234375,435.2250061035156,436.7799987792969,86354,2025-11-17 17:30:00+00:00
436.4100036621094,437.2160949707031,434.4700012207031,435.3699951171875,78861,2025-11-17 18:30:00+00:00
435.3599853515625,435.5299987792969,432.7799987792969,433.04998779296875,128254,2025-11-17 19:30:00+00:00
433.18499755859375,434.3500061035156,432.6300048828125,433.94000244140625,170419,2025-11-17 20:30:00+00:00
434.0,437.7900085449219,430.1499938964844,437.3599853515625,138796,2025-11-18 14:30:00+00:00
437.3399963378906,437.7900085449219,432.32000732421875,436.29998779296875,95291,2025-11-18 15:30:00+00:00
436.010009765625,437.17999267578125,434.43060302734375,434.6300048828125,51023,2025-11-18 16:30:00+00:00
434.7124938964844,437.2200012207031,433.489990234375,435.6343994140625,57113,2025-11-18 17:30:00+00:00
435.2950134277344,436.80999755859375,435.0400085449219,435.7200012207031,63381,2025-11-18 18:30:00+00:00
435.75,436.69000244140625,433.55499267578125,433.92999267578125,60486,2025-11-18 19:30:00+00:00
433.92999267578125,436.6499938964844,433.739990234375,435.5899963378906,157818,2025-11-18 20:30:00+00:00
434.3599853515625,434.92999267578125,428.8900146484375,428.8900146484375,107303,2025-11-19 14:30:00+00:00
428.92999267578125,429.8800048828125,423.44500732421875,423.6700134277344,131700,2025-11-19 15:30:00+00:00
423.6549987792969,424.29278564453125,422.2099914550781,424.1300048828125,102329,2025-11-19 16:30:00+00:00
424.0400085449219,424.29998779296875,422.0,422.6000061035156,104347,2025-11-19 17:30:00+00:00
422.68499755859375,423.8500061035156,419.8900146484375,420.1499938964844,96242,2025-11-19 18:30:00+00:00
420.114990234375,421.9800109863281,418.5299987792969,421.55999755859375,83561,2025-11-19 19:30:00+00:00
421.4700012207031,421.6300048828125,419.5899963378906,421.0,240317,2025-11-19 20:30:00+00:00
420.6499938964844,430.0199890136719,420.0,428.8399963378906,165016,2025-11-20 14:30:00+00:00
429.06500244140625,430.30999755859375,428.1300048828125,430.2349853515625,80807,2025-11-20 15:30:00+00:00
430.2699890136719,431.1300048828125,425.57000732421875,426.20001220703125,75741,2025-11-20 16:30:00+00:00
426.1600036621094,427.2699890136719,423.1337890625,424.1199951171875,67613,2025-11-20 17:30:00+00:00
424.0350036621094,425.42498779296875,420.4906921386719,425.385009765625,117681,2025-11-20 18:30:00+00:00
425.1000061035156,425.4419860839844,422.7300109863281,423.8550109863281,66445,2025-11-20 19:30:00+00:00
423.92498779296875,424.1300048828125,422.0199890136719,422.42999267578125,112701,2025-11-20 20:30:00+00:00
423.1300048828125,432.6099853515625,421.8900146484375,432.04998779296875,163538,2025-11-21 14:30:00+00:00
432.42999267578125,434.0199890136719,429.7699890136719,431.80499267578125,82089,2025-11-21 15:30:00+00:00
431.79998779296875,434.6960144042969,431.79998779296875,433.5299987792969,80691,2025-11-21 16:30:00+00:00
433.5450134277344,433.8900146484375,430.7900085449219,432.489990234375,56696,2025-11-21 17:30:00+00:00
432.7799987792969,434.6300048828125,432.739990234375,434.19000244140625,49925,2025-11-21 18:30:00+00:00
434.239990234375,435.8500061035156,432.3399963378906,433.2099914550781,110511,2025-11-21 19:30:00+00:00
433.0710144042969,435.17999267578125,425.9949951171875,426.82000732421875,338567,2025-11-21 20:30:00+00:00
426.2300109863281,432.5450134277344,425.875,431.2900085449219,168455,2025-11-24 14:30:00+00:00
431.385009765625,432.07000732421875,430.3800048828125,431.07000732421875,110751,2025-11-24 15:30:00+00:00
430.80999755859375,431.2398986816406,429.29998779296875,429.635009765625,94649,2025-11-24 16:30:00+00:00
429.6400146484375,431.4100036621094,428.5799865722656,428.7550964355469,91427,2025-11-24 17:30:00+00:00
428.5299987792969,428.5299987792969,426.2099914550781,427.1099853515625,54629,2025-11-24 18:30:00+00:00
427.2099914550781,427.69000244140625,426.03448486328125,426.30999755859375,104230,2025-11-24 19:30:00+00:00
426.30999755859375,427.1400146484375,423.9100036621094,423.9100036621094,231063,2025-11-24 20:30:00+00:00
424.92498779296875,431.4999084472656,424.1199951171875,424.93499755859375,104788,2025-11-25 14:30:00+00:00
424.9800109863281,428.25,424.9800109863281,427.3800048828125,104258,2025-11-25 15:30:00+00:00
427.3800048828125,428.95001220703125,427.29998779296875,428.4252014160156,91419,2025-11-25 16:30:00+00:00
428.54998779296875,429.1000061035156,428.04998779296875,428.5899963378906,113317,2025-11-25 17:30:00+00:00
428.7099914550781,429.4100036621094,428.2900085449219,428.68499755859375,75746,2025-11-25 18:30:00+00:00
428.69000244140625,429.8599853515625,427.7900085449219,429.0899963378906,141056,2025-11-25 19:30:00+00:00
429.1000061035156,429.989990234375,428.30999755859375,429.82000732421875,227719,2025-11-25 20:30:00+00:00
432.42999267578125,432.42999267578125,428.07000732421875,429.25,84865,2025-11-26 14:30:00+00:00
429.2300109863281,431.17999267578125,428.8299865722656,430.6300048828125,104572,2025-11-26 15:30:00+00:00
430.7300109863281,430.7900085449219,429.4700012207031,430.04998779296875,74062,2025-11-26 16:30:00+00:00
430.04998779296875,430.1099853515625,429.04998779296875,429.82000732421875,47070,2025-11-26 17:30:00+00:00
429.8550109863281,431.8263854980469,429.8299865722656,431.7149963378906,76885,2025-11-26 18:30:00+00:00
431.7149963378906,433.32000732421875,430.9700012207031,432.625,86728,2025-11-26 19:30:00+00:00
432.6099853515625,432.6099853515625,431.42999267578125,432.20001220703125,127261,2025-11-26 20:30:00+00:00
434.6700134277344,434.6700134277344,429.07000732421875,431.0299987792969,102623,2025-11-28 14:30:00+00:00
431.0299987792969,432.9200134277344,429.6300048828125,432.5849914550781,105110,2025-11-28 15:30:00+00:00
432.42999267578125,433.8299865722656,430.739990234375,430.9100036621094,86055,2025-11-28 16:30:00+00:00
431.9200134277344,434.0,424.8399963378906,425.8299865722656,90127,2025-12-01 14:30:00+00:00
425.30999755859375,428.8999938964844,425.30999755859375,428.5050048828125,69139,2025-12-01 15:30:00+00:00
428.3399963378906,428.67999267578125,423.4549865722656,424.6549987792969,56492,2025-12-01 16:30:00+00:00
424.6499938964844,427.07000732421875,424.4100036621094,426.69000244140625,47451,2025-12-01 17:30:00+00:00
426.8169860839844,427.7200012207031,425.75,425.8599853515625,60044,2025-12-01 18:30:00+00:00
426.010009765625,426.1000061035156,424.75,425.3299865722656,52371,2025-12-01 19:30:00+00:00
425.4100036621094,426.4700012207031,424.3599853515625,425.5899963378906,114451,2025-12-01 20:30:00+00:00
427.3349914550781,431.8399963378906,424.05999755859375,431.2349853515625,147013,2025-12-02 14:30:00+00:00
431.0199890136719,431.6700134277344,427.9700012207031,431.4200134277344,141058,2025-12-02 15:30:00+00:00
431.69500732421875,434.3299865722656,429.8450012207031,434.0849914550781,99227,2025-12-02 16:30:00+00:00
434.0899963378906,435.0899963378906,433.510009765625,434.0249938964844,65820,2025-12-02 17:30:00+00:00
433.9800109863281,434.2300109863281,433.1199951171875,433.75,63267,2025-12-02 18:30:00+00:00
433.75,434.6099853515625,433.3999938964844,433.989990234375,59200,2025-12-02 19:30:00+00:00
433.9125061035156,435.20001220703125,432.7300109863281,433.1499938964844,164264,2025-12-02 20:30:00+00:00
440.54998779296875,457.1700134277344,439.3500061035156,456.37249755859375,417848,2025-12-03 14:30:00+00:00
456.5199890136719,456.8800048828125,449.239990234375,454.3900146484375,236703,2025-12-03 15:30:00+00:00
454.9849853515625,461.3844909667969,454.9800109863281,458.7650146484375,287914,2025-12-03 16:30:00+00:00
458.7474060058594,460.5450134277344,458.6199951171875,460.010009765625,119486,2025-12-03 17:30:00+00:00
460.3900146484375,462.3399963378906,458.50360107421875,461.7699890136719,179830,2025-12-03 18:30:00+00:00
461.8699951171875,462.989990234375,459.95001220703125,461.6199951171875,131220,2025-12-03 19:30:00+00:00
461.6199951171875,463.8500061035156,461.3900146484375,463.2200012207031,216753,2025-12-03 20:30:00+00:00
462.0,463.70001220703125,453.5400085449219,456.5849914550781,150391,2025-12-04 14:30:00+00:00
456.17999267578125,460.8299865722656,455.260009765625,460.2699890136719,193231,2025-12-04 15:30:00+00:00
460.2550048828125,461.4800109863281,457.6754150390625,458.6099853515625,132993,2025-12-04 16:30:00+00:00
458.6449890136719,458.95001220703125,456.7200012207031,457.3374938964844,88778,2025-12-04 17:30:00+00:00
457.364990234375,457.7699890136719,456.2300109863281,456.6000061035156,69782,2025-12-04 18:30:00+00:00
456.6600036621094,457.1099853515625,455.4800109863281,456.3949890136719,84065,2025-12-04 19:30:00+00:00
456.29998779296875,457.7799987792969,455.69500732421875,457.44000244140625,161419,2025-12-04 20:30:00+00:00
457.7799987792969,461.8800048828125,457.19500732421875,458.8299865722656,134016,2025-12-05 14:30:00+00:00
459.0450134277344,459.3699951171875,455.489990234375,456.239990234375,65346,2025-12-05 15:30:00+00:00
456.1000061035156,456.7799987792969,454.6700134277344,455.4849853515625,45860,2025-12-05 16:30:00+00:00
455.3599853515625,456.17999267578125,454.92999267578125,455.5849914550781,46278,2025-12-05 17:30:00+00:00
455.5150146484375,456.13800048828125,454.760009765625,455.3800048828125,49695,2025-12-05 18:30:00+00:00
455.4800109863281,455.9299011230469,454.489990234375,454.6050109863281,61005,2025-12-05 19:30:00+00:00
454.69989013671875,456.0199890136719,454.4549865722656,455.468994140625,105603,2025-12-05 20:30:00+00:00
455.5799865722656,457.1700134277344,444.3699951171875,445.80499267578125,140450,2025-12-08 14:30:00+00:00
445.4949951171875,446.80999755859375,442.2200012207031,442.3399963378906,183793,2025-12-08 15:30:00+00:00
442.3399963378906,446.0400085449219,441.32000732421875,445.4849853515625,118440,2025-12-08 16:30:00+00:00
445.6700134277344,446.0199890136719,439.79998779296875,441.989990234375,140527,2025-12-08 17:30:00+00:00
442.125,443.239990234375,440.70001220703125,441.2200012207031,80260,2025-12-08 18:30:00+00:00
441.1499938964844,443.19000244140625,440.0400085449219,442.19500732421875,85180,2025-12-08 19:30:00+00:00
442.1300048828125,442.3999938964844,440.8399963378906,442.1199951171875,130066,2025-12-08 20:30:00+00:00
442.0400085449219,448.2799987792969,438.6099853515625,439.8949890136719,86883,2025-12-09 14:30:00+00:00
439.8949890136719,440.2799987792969,438.9049987792969,439.9800109863281,64711,2025-12-09 15:30:00+00:00
439.9800109863281,441.05999755859375,439.489990234375,440.5799865722656,62378,2025-12-09 16:30:00+00:00
440.5799865722656,440.75,439.90008544921875,440.0299987792969,46023,2025-12-09 17:30:00+00:00
440.0299987792969,442.6700134277344,439.8999938964844,441.20831298828125,61435,2025-12-09 18:30:00+00:00
441.20831298828125,441.42999267578125,437.7300109863281,438.6099853515625,121401,2025-12-09 19:30:00+00:00
438.6099853515625,442.0400085449219,436.489990234375,436.989990234375,149823,2025-12-09 20:30:00+00:00
438.80999755859375,441.0299987792969,434.67999267578125,434.8999938964844,72849,2025-12-10 14:30:00+00:00
435.29058837890625,437.1400146484375,433.80999755859375,436.8841857910156,51592,2025-12-10 15:30:00+00:00
436.92498779296875,437.3900146484375,434.41009521484375,435.5799865722656,48694,2025-12-10 16:30:00+00:00
435.5950012207031,437.6625061035156,434.94000244140625,436.614990234375,45914,2025-12-10 17:30:00+00:00
436.6199951171875,440.30999755859375,436.510009765625,438.5400085449219,54316,2025-12-10 18:30:00+00:00
439.0299987792969,445.55999755859375,438.3800048828125,444.6455993652344,127116,2025-12-10 19:30:00+00:00
444.6499938964844,446.2799987792969,444.2250061035156,444.6700134277344,141607,2025-12-10 20:30:00+00:00
445.6499938964844,448.3299865722656,442.0701904296875,447.1449890136719,118209,2025-12-11 14:30:00+00:00
447.2099914550781,447.9200134277344,443.85009765625,444.94000244140625,63569,2025-12-11 15:30:00+00:00
445.1700134277344,445.1700134277344,443.2699890136719,444.3800048828125,51040,2025-12-11 16:30:00+00:00
444.4800109863281,445.6449890136719,443.82000732421875,444.78790283203125,41770,2025-12-11 17:30:00+00:00
445.010009765625,446.4150085449219,444.44500732421875,446.0350036621094,65054,2025-12-11 18:30:00+00:00
445.92999267578125,447.3175048828125,445.45001220703125,445.7699890136719,61387,2025-12-11 19:30:00+00:00
445.82000732421875,447.0,445.6000061035156,446.0799865722656,112442,2025-12-11 20:30:00+00:00
444.8299865722656,455.0450134277344,444.80999755859375,454.5,113640,2025-12-12 14:30:00+00:00
454.6199951171875,455.9999084472656,449.8500061035156,453.7850036621094,213673,2025-12-12 15:30:00+00:00
453.7850036621094,453.8299865722656,449.989990234375,450.7049865722656,101442,2025-12-12 16:30:00+00:00
450.5899963378906,452.04998779296875,449.6400146484375,451.4100036621094,138836,2025-12-12 17:30:00+00:00
451.5350036621094,452.2200012207031,450.1925048828125,451.42498779296875,59787,2025-12-12 18:30:00+00:00
451.6000061035156,451.6000061035156,450.0,450.9574890136719,86620,2025-12-12 19:30:00+00:00
451.010009765625,453.5,450.19000244140625,452.0400085449219,149714,2025-12-12 20:30:00+00:00
454.2799987792969,454.6199951171875,449.95001220703125,452.0400085449219,153342,2025-12-15 14:30:00+00:00
451.510009765625,453.0,450.260009765625,452.3500061035156,97204,2025-12-15 15:30:00+00:00
452.385009765625,452.69000244140625,449.4750061035156,450.2449951171875,94036,2025-12-15 16:30:00+00:00
450.2449951171875,452.0400085449219,449.8699951171875,451.3324890136719,46798,2025-12-15 17:30:00+00:00
451.4100036621094,452.239990234375,450.5,451.5050048828125,51647,2025-12-15 18:30:00+00:00
451.6300048828125,455.0,451.6300048828125,454.80999755859375,94208,2025-12-15 19:30:00+00:00
454.8299865722656,456.4599914550781,454.2699890136719,455.7099914550781,136455,2025-12-15 20:30:00+00:00
455.7099914550781,459.0,453.3999938964844,456.8999938964844,128915,2025-12-16 14:30:00+00:00
457.08990478515625,457.67999267578125,453.17999267578125,453.6650085449219,81143,2025-12-16 15:30:00+00:00
453.5899963378906,456.04998779296875,452.8299865722656,455.1600036621094,60518,2025-12-16 16:30:00+00:00
455.69000244140625,455.989990234375,453.8949890136719,454.07000732421875,56296,2025-12-16 17:30:00+00:00
454.0350036621094,456.67999267578125,453.3399963378906,456.5,65952,2025-12-16 18:30:00+00:00
456.3450012207031,457.8399963378906,455.54998779296875,457.78900146484375,93606,2025-12-16 19:30:00+00:00
457.80999755859375,458.30499267578125,454.9200134277344,454.9599914550781,124396,2025-12-16 20:30:00+00:00
453.8299865722656,456.04998779296875,451.4049987792969,454.80499267578125,91551,2025-12-17 14:30:00+00:00
454.8550109863281,455.1700134277344,452.5199890136719,453.1499938964844,82367,2025-12-17 15:30:00+00:00
453.32501220703125,454.3999938964844,451.0400085449219,451.0400085449219,96321,2025-12-17 16:30:00+00:00
451.010009765625,451.5299987792969,448.57000732421875,449.81500244140625,136979,2025-12-17 17:30:00+00:00
449.9649963378906,451.70001220703125,449.2699890136719,451.5950012207031,73324,2025-12-17 18:30:00+00:00
451.4200134277344,452.3800048828125,447.6549987792969,448.4800109863281,126981,2025-12-17 19:30:00+00:00
448.3699951171875,450.8500061035156,447.30999755859375,449.5199890136719,146490,2025-12-17 20:30:00+00:00
449.739990234375,452.6300048828125,448.69000244140625,449.3699951171875,114510,2025-12-18 14:30:00+00:00
449.364990234375,449.9700012207031,446.760009765625,447.6499938964844,111793,2025-12-18 15:30:00+00:00
447.6300048828125,448.8299865722656,445.4100036621094,445.82000732421875,47998,2025-12-18 16:30:00+00:00
446.010009765625,448.6499938964844,445.79998779296875,448.44000244140625,48563,2025-12-18 17:30:00+00:00
448.489990234375,448.95001220703125,446.739990234375,447.2099914550781,58764,2025-12-18 18:30:00+00:00
447.2099914550781,448.0400085449219,445.7550048828125,447.4649963378906,59582,2025-12-18 19:30:00+00:00
447.4649963378906,448.2900085449219,446.625,447.260009765625,97796,2025-12-18 20:30:00+00:00
446.793212890625,453.5199890136719,445.510009765625,452.0299987792969,474386,2025-12-19 14:30:00+00:00
452.1449890136719,453.9100036621094,451.510009765625,453.510009765625,90451,2025-12-19 15:30:00+00:00
453.510009765625,454.3500061035156,450.8949890136719,452.7900085449219,87300,2025-12-19 16:30:00+00:00
452.7900085449219,455.1199951171875,451.6600036621094,453.135009765625,74353,2025-12-19 17:30:00+00:00
453.5799865722656,456.1199951171875,453.010009765625,453.9700012207031,178212,2025-12-19 18:30:00+00:00
453.9700012207031,454.44000244140625,450.32000732421875,452.114990234375,118813,2025-12-19 19:30:00+00:00
452.114990234375,460.3999938964844,450.2950134277344,456.29998779296875,373281,2025-12-19 20:30:00+00:00
453.0799865722656,458.5899963378906,453.0299987792969,458.5899963378906,103911,2025-12-22 14:30:00+00:00
458.7099914550781,458.7099914550781,456.17999267578125,456.17999267578125,65280,2025-12-22 15:30:00+00:00
456.1650085449219,457.97479248046875,455.80499267578125,456.3099060058594,46253,2025-12-22 16:30:00+00:00
456.30999755859375,457.0299987792969,455.9400939941406,456.6400146484375,42153,2025-12-22 17:30:00+00:00
456.69000244140625,457.8399963378906,456.1300048828125,456.4949951171875,49223,2025-12-22 18:30:00+00:00
456.4949951171875,457.7799987792969,455.95001220703125,457.1000061035156,66075,2025-12-22 19:30:00+00:00
457.389892578125,460.94000244140625,456.8399963378906,460.30999755859375,149806,2025-12-22 20:30:00+00:00
460.04998779296875,461.489990234375,457.70001220703125,458.25,103479,2025-12-23 14:30:00+00:00
458.55999755859375,460.17498779296875,458.3399963378906,458.760009765625,41150,2025-12-23 15:30:00+00:00
458.75,459.2099914550781,457.3999938964844,458.5299072265625,56302,2025-12-23 16:30:00+00:00
458.29998779296875,459.6099853515625,457.1000061035156,459.1300048828125,40739,2025-12-23 17:30:00+00:00
459.1300048828125,460.7099914550781,459.1300048828125,459.8949890136719,43857,2025-12-23 18:30:00+00:00
459.9599914550781,460.0350036621094,458.1700134277344,458.82000732421875,39546,2025-12-23 19:30:00+00:00
459.05999755859375,459.9570007324219,458.70001220703125,459.2300109863281,99992,2025-12-23 20:30:00+00:00
459.3900146484375,463.8699951171875,459.0799865722656,463.57501220703125,47974,2025-12-24 14:30:00+00:00
463.375,463.956787109375,462.6400146484375,462.8299865722656,33959,2025-12-24 15:30:00+00:00
462.6300048828125,463.7699890136719,462.3800048828125,463.125,39237,2025-12-24 16:30:00+00:00
462.6700134277344,463.6499938964844,461.43011474609375,462.32000732421875,37603,2025-12-26 14:30:00+00:00
462.3599853515625,462.6199951171875,461.3399963378906,461.9599914550781,21984,2025-12-26 15:30:00+00:00
461.9501953125,462.07000732421875,461.010009765625,461.8299865722656,18381,2025-12-26 16:30:00+00:00
461.69500732421875,461.81500244140625,460.8599853515625,461.3299865722656,21044,2025-12-26 17:30:00+00:00
461.375,461.8900146484375,461.05999755859375,461.05999755859375,19363,2025-12-26 18:30:00+00:00
461.1600036621094,462.0899963378906,460.9849853515625,462.0,25899,2025-12-26 19:30:00+00:00
462.05999755859375,463.1650085449219,461.92999267578125,462.8699951171875,79250,2025-12-26 20:30:00+00:00
462.9599914550781,463.54998779296875,460.8500061035156,461.20001220703125,78223,2025-12-29 14:30:00+00:00
461.1778869628906,461.3800048828125,458.260009765625,458.2699890136719,44090,2025-12-29 15:30:00+00:00
458.4100036621094,458.6499938964844,457.45001220703125,457.57000732421875,28210,2025-12-29 16:30:00+00:00
457.6199951171875,458.9200134277344,457.6000061035156,458.6600036621094,24563,2025-12-29 17:30:00+00:00
458.6600036621094,458.7149963378906,457.6300048828125,457.82000732421875,25392,2025-12-29 18:30:00+00:00
457.82501220703125,458.7900085449219,457.6000061035156,458.6700134277344,49093,2025-12-29 19:30:00+00:00
458.7300109863281,460.1000061035156,458.4800109863281,459.9100036621094,89684,2025-12-29 20:30:00+00:00
456.8299865722656,458.3599853515625,455.2799987792969,455.6199951171875,50491,2025-12-30 14:30:00+00:00
455.5,456.7900085449219,455.0,455.8399963378906,33922,2025-12-30 15:30:00+00:00
455.6000061035156,455.7349853515625,453.5,454.8599853515625,59516,2025-12-30 16:30:00+00:00
454.9849853515625,455.05999755859375,454.0950012207031,454.239990234375,51612,2025-12-30 17:30:00+00:00
454.260009765625,455.07000732421875,454.1400146484375,454.44500732421875,49999,2025-12-30 18:30:00+00:00
454.40008544921875,455.1600036621094,453.8800048828125,454.6099853515625,64225,2025-12-30 19:30:00+00:00
454.68499755859375,455.1099853515625,453.4750061035156,454.0199890136719,114241,2025-12-30 20:30:00+00:00
453.17999267578125,455.3599853515625,452.6600036621094,453.0155029296875,40052,2025-12-31 14:30:00+00:00
453.20001220703125,453.92999267578125,452.6400146484375,453.5199890136719,26114,2025-12-31 15:30:00+00:00
453.5199890136719,454.7099914550781,453.5150146484375,454.239990234375,21111,2025-12-31 16:30:00+00:00
454.5,455.79998779296875,454.3663024902344,455.5249938964844,29231,2025-12-31 17:30:00+00:00
455.4700012207031,455.9200134277344,455.05999755859375,455.4700012207031,30562,2025-12-31 18:30:00+00:00
455.4750061035156,455.4750061035156,454.2099914550781,454.375,30073,2025-12-31 19:30:00+00:00
454.2300109863281,454.989990234375,453.2200012207031,453.5,100306,2025-12-31 20:30:00+00:00
454.3399963378906,455.9898986816406,448.5199890136719,454.010009765625,69909,2026-01-02 14:30:00+00:00
454.1400146484375,454.1700134277344,451.7799987792969,451.7799987792969,51514,2026-01-02 15:30:00+00:00
451.7449951171875,452.4849853515625,450.8900146484375,451.489990234375,35316,2026-01-02 16:30:00+00:00
451.489990234375,451.6000061035156,450.0799865722656,451.2250061035156,39615,2026-01-02 17:30:00+00:00
451.30999755859375,452.3900146484375,449.5400085449219,452.30999755859375,50019,2026-01-02 18:30:00+00:00
452.2840881347656,453.3399963378906,452.2840881347656,453.0849914550781,38717,2026-01-02 19:30:00+00:00
453.1000061035156,453.1000061035156,451.5299987792969,451.9110107421875,91100,2026-01-02 20:30:00+00:00
448.8299865722656,450.7200012207031,444.5899963378906,445.3999938964844,82505,2026-01-05 14:30:00+00:00
445.3999938964844,447.9100036621094,444.55999755859375,445.92999267578125,83588,2026-01-05 15:30:00+00:00
446.04998779296875,446.739990234375,444.7200012207031,446.1000061035156,50236,2026-01-05 16:30:00+00:00
446.30499267578125,447.08489990234375,444.8999938964844,445.125,45600,2026-01-05 17:30:00+00:00
444.8900146484375,445.79998779296875,443.1199951171875,445.760009765625,76477,2026-01-05 18:30:00+00:00
445.82000732421875,448.0899963378906,445.3901062011719,448.0899963378906,71084,2026-01-05 19:30:00+00:00
447.9599914550781,449.5,447.93499755859375,448.9200134277344,99809,2026-01-05 20:30:00+00:00
457.0,471.2799987792969,455.41009521484375,467.4200134277344,217533,2026-01-06 14:30:00+00:00
467.4100036621094,469.6499938964844,464.3900146484375,465.45001220703125,190218,2026-01-06 15:30:00+00:00
464.75,466.6400146484375,462.82000732421875,465.5199890136719,134149,2026-01-06 16:30:00+00:00
465.6000061035156,467.92999267578125,465.1700134277344,467.57000732421875,129951,2026-01-06 17:30:00+00:00
466.75,467.69000244140625,463.6199951171875,463.92498779296875,156649,2026-01-06 18:30:00+00:00
465.2799987792969,467.8299865722656,464.239990234375,467.7799987792969,165543,2026-01-06 19:30:00+00:00
467.80999755859375,469.0,467.79998779296875,468.8299865722656,154482,2026-01-06 20:30:00+00:00
469.125,481.0,467.45550537109375,476.989990234375,161890,2026-01-07 14:30:00+00:00
477.135009765625,480.0,476.2333068847656,479.760009765625,95993,2026-01-07 15:30:00+00:00
479.8299865722656,481.9800109863281,479.6099853515625,480.510009765625,83110,2026-01-07 16:30:00+00:00
480.55999755859375,483.2900085449219,480.4100036621094,483.260009765625,96307,2026-01-07 17:30:00+00:00
483.2300109863281,485.1099853515625,480.68499755859375,481.9800109863281,137609,2026-01-07 18:30:00+00:00
481.80999755859375,487.5199890136719,480.2799987792969,482.93499755859375,126277,2026-01-07 19:30:00+00:00
482.94000244140625,484.4700012207031,482.05999755859375,484.4700012207031,323702,2026-01-07 20:30:00+00:00
478.7900085449219,485.69000244140625,478.7900085449219,482.2200012207031,156028,2026-01-08 14:30:00+00:00
482.19500732421875,485.4700012207031,481.9200134277344,483.4649963378906,128774,2026-01-08 15:30:00+00:00
483.4649963378906,483.9200134277344,480.93499755859375,481.8599853515625,84395,2026-01-08 16:30:00+00:00
481.68011474609375,482.69000244140625,473.4700012207031,473.6549987792969,115321,2026-01-08 17:30:00+00:00
473.3500061035156,473.7900085449219,469.04998779296875,469.4549865722656,116879,2026-01-08 18:30:00+00:00
469.6099853515625,471.17999267578125,465.2799987792969,470.99249267578125,190480,2026-01-08 19:30:00+00:00
471.0799865722656,471.75,468.1000061035156,469.69000244140625,230125,2026-01-08 20:30:00+00:00
467.7300109863281,475.3299865722656,467.2300109863281,472.7300109863281,98069,2026-01-09 14:30:00+00:00
472.92999267578125,472.92999267578125,467.05999755859375,471.2850036621094,72142,2026-01-09 15:30:00+00:00
471.2749938964844,472.79998779296875,468.7550048828125,471.1400146484375,112059,2026-01-09 16:30:00+00:00
471.1400146484375,472.82989501953125,470.8900146484375,471.7200012207031,96809,2026-01-09 17:30:00+00:00
471.6549987792969,472.4599914550781,466.0,468.1449890136719,158386,2026-01-09 18:30:00+00:00
468.1449890136719,468.1449890136719,464.67999267578125,464.989990234375,101698,2026-01-09 19:30:00+00:00
464.8399963378906,465.8299865722656,463.4200134277344,464.07000732421875,185333,2026-01-09 20:30:00+00:00
461.07000732421875,464.5899963378906,454.5400085449219,461.4649963378906,158107,2026-01-12 14:30:00+00:00
461.6600036621094,463.8699951171875,459.68499755859375,460.3299865722656,127198,2026-01-12 15:30:00+00:00
460.1549987792969,460.92498779296875,457.2300109863281,457.260009765625,101293,2026-01-12 16:30:00+00:00
457.25,458.7300109863281,456.7550048828125,458.5799865722656,59481,2026-01-12 17:30:00+00:00
458.7200012207031,459.0400085449219,457.75,458.1199951171875,61123,2026-01-12 18:30:00+00:00
458.44000244140625,460.6300048828125,458.1400146484375,459.1449890136719,65573,2026-01-12 19:30:00+00:00
459.0,460.69000244140625,458.739990234375,460.5199890136719,88891,2026-01-12 20:30:00+00:00
460.2200012207031,460.81500244140625,457.1300048828125,460.0799865722656,93685,2026-01-13 14:30:00+00:00
460.30999755859375,462.30999755859375,458.5400085449219,458.5400085449219,108540,2026-01-13 15:30:00+00:00
458.5400085449219,459.8599853515625,457.2349853515625,457.6000061035156,112546,2026-01-13 16:30:00+00:00
457.6650085449219,457.8599853515625,452.9100036621094,454.93499755859375,75208,2026-01-13 17:30:00+00:00
454.760009765625,455.82159423828125,454.07000732421875,454.2799987792969,118483,2026-01-13 18:30:00+00:00
454.2850036621094,455.4700012207031,453.54998779296875,454.92999267578125,119782,2026-01-13 19:30:00+00:00
454.9100036621094,455.67999267578125,454.32000732421875,454.6700134277344,198674,2026-01-13 20:30:00+00:00
453.8800048828125,455.0299987792969,450.3399963378906,453.04998779296875,84229,2026-01-14 14:30:00+00:00
452.92999267578125,452.94000244140625,448.80999755859375,449.4949951171875,86321,2026-01-14 15:30:00+00:00
449.44500732421875,450.239990234375,447.5299987792969,448.55999755859375,72541,2026-01-14 16:30:00+00:00
448.55499267578125,449.2250061035156,447.6199951171875,448.2749938964844,38564,2026-01-14 17:30:00+00:00
448.1400146484375,448.6199951171875,446.010009765625,448.114990234375,99408,2026-01-14 18:30:00+00:00
448.1600036621094,449.8900146484375,448.0299987792969,448.8999938964844,134363,2026-01-14 19:30:00+00:00
448.92999267578125,450.3299865722656,448.5899963378906,449.6000061035156,169495,2026-01-14 20:30:00+00:00
448.70001220703125,450.44000244140625,443.2200012207031,443.5799865722656,90953,2026-01-15 14:30:00+00:00
443.7699890136719,444.67999267578125,442.3900146484375,443.7300109863281,70298,2026-01-15 15:30:00+00:00
443.8500061035156,444.79998779296875,443.05999755859375,443.4599914550781,53918,2026-01-15 16:30:00+00:00
443.44000244140625,443.6499938964844,441.6300048828125,442.0899963378906,43664,2026-01-15 17:30:00+00:00
442.17999267578125,443.1050109863281,440.7149963378906,441.0249938964844,62978,2026-01-15 18:30:00+00:00
441.0249938964844,441.0249938964844,436.75,437.0799865722656,101934,2026-01-15 19:30:00+00:00
436.8699951171875,439.29998779296875,436.69000244140625,438.9200134277344,158305,2026-01-15 20:30:00+00:00
440.20001220703125,445.1099853515625,437.4599914550781,442.3900146484375,253849,2026-01-16 14:30:00+00:00
442.5150146484375,444.7698974609375,441.29998779296875,443.9100036621094,102154,2026-01-16 15:30:00+00:00
443.95001220703125,445.7699890136719,443.04010009765625,443.364990234375,88164,2026-01-16 16:30:00+00:00
443.364990234375,445.04998779296875,442.43011474609375,444.7799987792969,54852,2026-01-16 17:30:00+00:00
444.8900146484375,445.0400085449219,442.6400146484375,443.7200012207031,63055,2026-01-16 18:30:00+00:00
443.8599853515625,444.14801025390625,441.9200134277344,441.92999267578125,83982,2026-01-16 19:30:00+00:00
441.7900085449219,442.7749938964844,441.17999267578125,441.32000732421875,180908,2026-01-16 20:30:00+00:00
435.4100036621094,438.9100036621094,429.0,438.7300109863281,191035,2026-01-20 14:30:00+00:00
438.68499755859375,441.239990234375,436.7300109863281,441.0950012207031,96755,2026-01-20 15:30:00+00:00
440.8599853515625,441.1050109863281,438.2799987792969,439.81500244140625,83692,2026-01-20 16:30:00+00:00
439.8500061035156,440.3999938964844,438.4800109863281,438.9825134277344,66407,2026-01-20 17:30:00+00:00
438.93499755859375,440.5299987792969,438.625,439.9150085449219,100284,2026-01-20 18:30:00+00:00
439.9200134277344,442.08990478515625,439.0299987792969,441.8399963378906,103441,2026-01-20 19:30:00+00:00
441.9800109863281,442.3800048828125,440.70001220703125,441.9800109863281,128302,2026-01-20 20:30:00+00:00
440.55999755859375,453.0400085449219,439.95001220703125,453.0400085449219,156030,2026-01-21 14:30:00+00:00
453.0400085449219,456.1449890136719,451.19000244140625,455.82501220703125,119328,2026-01-21 15:30:00+00:00
455.7850036621094,457.8349914550781,455.1499938964844,457.57000732421875,473963,2026-01-21 16:30:00+00:00
457.5299987792969,458.8634033203125,457.05999755859375,458.0199890136719,72513,2026-01-21 17:30:00+00:00
458.0199890136719,461.739990234375,457.8599853515625,461.5150146484375,92486,2026-01-21 18:30:00+00:00
461.42999267578125,464.3359069824219,461.1809997558594,463.7300109863281,119191,2026-01-21 19:30:00+00:00
463.75,465.1449890136719,461.04998779296875,461.1499938964844,480552,2026-01-21 20:30:00+00:00
463.5799865722656,469.1400146484375,458.94000244140625,467.07000732421875,271331,2026-01-22 14:30:00+00:00
467.0450134277344,469.0,466.1199951171875,468.0150146484375,84867,2026-01-22 15:30:00+00:00
467.8500061035156,469.92999267578125,467.70001220703125,469.92999267578125,80528,2026-01-22 16:30:00+00:00
469.94000244140625,472.239990234375,469.3800048828125,470.8800048828125,95509,2026-01-22 17:30:00+00:00
471.0249938964844,472.5799865722656,469.20001220703125,472.3999938964844,92222,2026-01-22 18:30:00+00:00
472.19000244140625,472.3599853515625,461.82000732421875,466.1000061035156,189347,2026-01-22 19:30:00+00:00
465.94000244140625,468.05999755859375,465.510009765625,467.3699951171875,195771,2026-01-22 20:30:00+00:00
464.36358642578125,470.3399963378906,463.80999755859375,467.7200012207031,109632,2026-01-23 14:30:00+00:00
467.70001220703125,468.47711181640625,466.5683898925781,468.0,84007,2026-01-23 15:30:00+00:00
468.1700134277344,468.8999938964844,463.6700134277344,463.8299865722656,53910,2026-01-23 16:30:00+00:00
463.6499938964844,465.375,462.7699890136719,465.04998779296875,255113,2026-01-23 17:30:00+00:00
465.0400085449219,467.5050048828125,464.5799865722656,467.0400085449219,62468,2026-01-23 18:30:00+00:00
466.9949951171875,469.89990234375,466.6700134277344,469.68499755859375,157941,2026-01-23 19:30:00+00:00
469.68499755859375,470.29998779296875,468.2099914550781,468.5400085449219,171288,2026-01-23 20:30:00+00:00
470.0,475.5989990234375,468.42999267578125,473.9549865722656,82882,2026-01-26 14:30:00+00:00
473.9549865722656,476.114990234375,473.1700134277344,475.4649963378906,201407,2026-01-26 15:30:00+00:00
475.3500061035156,477.3399963378906,475.32000732421875,477.07000732421875,127243,2026-01-26 16:30:00+00:00
476.9700012207031,478.6099853515625,476.67999267578125,477.9150085449219,116304,2026-01-26 17:30:00+00:00
477.9100036621094,478.659912109375,476.80999755859375,477.2200012207031,91599,2026-01-26 18:30:00+00:00
477.2200012207031,478.9700012207031,476.8674011230469,478.9100036621094,122043,2026-01-26 19:30:00+00:00
478.7449951171875,479.0799865722656,476.44000244140625,476.9200134277344,191362,2026-01-26 20:30:00+00:00
476.79998779296875,482.42999267578125,476.79998779296875,481.2900085449219,233471,2026-01-27 14:30:00+00:00
481.4599914550781,485.0,481.0,482.9700012207031,234605,2026-01-27 15:30:00+00:00
483.19000244140625,483.8599853515625,481.0,481.5249938964844,198365,2026-01-27 16:30:00+00:00
481.6300048828125,482.1199951171875,470.489990234375,472.79998779296875,241097,2026-01-27 17:30:00+00:00
472.8494873046875,474.2099914550781,471.6549987792969,472.79998779296875,52279,2026-01-27 18:30:00+00:00
473.0199890136719,473.1199951171875,470.8500061035156,472.1300048828125,58629,2026-01-27 19:30:00+00:00
471.885009765625,474.6400146484375,471.885009765625,474.1600036621094,88077,2026-01-27 20:30:00+00:00
474.0899963378906,476.25,469.5,474.760009765625,108636,2026-01-28 14:30:00+00:00
474.5,478.739990234375,474.0,477.4200134277344,111922,2026-01-28 15:30:00+00:00
477.44000244140625,478.25,476.1199951171875,477.3800048828125,73769,2026-01-28 16:30:00+00:00
477.5299987792969,478.80999755859375,476.5799865722656,477.67498779296875,55771,2026-01-28 17:30:00+00:00
477.8500061035156,479.4100036621094,475.4200134277344,475.6700134277344,64647,2026-01-28 18:30:00+00:00
475.7099914550781,478.8800048828125,474.1700134277344,476.3299865722656,73319,2026-01-28 19:30:00+00:00
476.32501220703125,478.739990234375,476.30999755859375,478.0299987792969,117110,2026-01-28 20:30:00+00:00
479.0299987792969,484.3500061035156,478.04998779296875,482.4800109863281,113163,2026-01-29 14:30:00+00:00
482.2900085449219,483.75,478.9700012207031,479.44000244140625,86692,2026-01-29 15:30:00+00:00
479.5400085449219,479.7099914550781,474.0,475.69000244140625,113340,2026-01-29 16:30:00+00:00
475.3999938964844,476.94000244140625,474.54010009765625,475.1000061035156,157672,2026-01-29 17:30:00+00:00
474.8800048828125,475.92999267578125,474.0199890136719,474.32000732421875,48648,2026-01-29 18:30:00+00:00
474.19000244140625,476.15948486328125,473.8599853515625,475.46319580078125,124609,2026-01-29 19:30:00+00:00
475.0199890136719,478.1700134277344,475.0,475.55999755859375,245693,2026-01-29 20:30:00+00:00
472.0849914550781,475.55999755859375,468.7925109863281,468.8399963378906,74306,2026-01-30 14:30:00+00:00
468.25,468.739990234375,468.0101013183594,468.3700866699219,2406,2026-01-30 15:30:00+00:00
472.489990234375,473.1700134277344,471.7200012207031,472.3349914550781,209397,2026-02-02 18:30:00+00:00
472.1700134277344,473.1400146484375,471.3999938964844,472.75,51515,2026-02-02 19:30:00+00:00
472.6400146484375,472.80999755859375,471.5199890136719,472.05999755859375,85019,2026-02-02 20:30:00+00:00
468.79998779296875,476.8299865722656,467.1499938964844,467.3500061035156,113761,2026-02-03 14:30:00+00:00
467.3550109863281,468.3399963378906,464.57000732421875,465.67999267578125,66731,2026-02-03 15:30:00+00:00
465.6199951171875,466.0400085449219,461.7900085449219,462.2099914550781,60528,2026-02-03 16:30:00+00:00
462.1099853515625,465.0650939941406,461.5249938964844,463.4100036621094,69765,2026-02-03 17:30:00+00:00
463.1400146484375,465.8599853515625,462.4778137207031,465.7200012207031,64143,2026-02-03 18:30:00+00:00
465.70001220703125,467.05999755859375,464.8700866699219,466.0299987792969,85613,2026-02-03 19:30:00+00:00
466.1299133300781,466.3699951171875,464.4750061035156,465.8399963378906,136785,2026-02-03 20:30:00+00:00
470.3550109863281,477.9700012207031,467.1000061035156,476.6050109863281,137999,2026-02-04 14:30:00+00:00
476.7900085449219,478.7200012207031,474.7900085449219,475.45001220703125,71374,2026-02-04 15:30:00+00:00
475.2099914550781,476.5299987792969,473.7300109863281,474.20001220703125,57774,2026-02-04 16:30:00+00:00
473.9100036621094,476.4700012207031,472.6099853515625,474.0,67156,2026-02-04 17:30:00+00:00
473.94000244140625,474.92999267578125,471.56500244140625,474.8699951171875,109599,2026-02-04 18:30:00+00:00
474.8699951171875,475.2300109863281,471.7650146484375,472.4599914550781,111288,2026-02-04 19:30:00+00:00
472.45001220703125,472.875,469.7200012207031,470.5299987792969,459683,2026-02-04 20:30:00+00:00
474.30999755859375,478.0,470.8800048828125,471.9599914550781,96833,2026-02-05 14:30:00+00:00
471.9800109863281,472.510009765625,465.69500732421875,466.17999267578125,114828,2026-02-05 15:30:00+00:00
466.42999267578125,467.8800048828125,464.5799865722656,467.0,124832,2026-02-05 16:30:00+00:00
467.0,467.7250061035156,463.69500732421875,463.80999755859375,104602,2026-02-05 17:30:00+00:00
463.80999755859375,465.7699890136719,463.2300109863281,463.6960144042969,122299,2026-02-05 18:30:00+00:00
463.4800109863281,463.4800109863281,457.739990234375,457.9150085449219,178570,2026-02-05 19:30:00+00:00
458.07000732421875,459.7698974609375,457.739990234375,458.67999267578125,298287,2026-02-05 20:30:00+00:00
459.69000244140625,467.42999267578125,459.07000732421875,466.7850036621094,213286,2026-02-06 14:30:00+00:00
466.7850036621094,472.0199890136719,466.510009765625,471.7752990722656,88771,2026-02-06 15:30:00+00:00
471.4200134277344,473.25,470.79998779296875,471.5849914550781,76970,2026-02-06 16:30:00+00:00
471.3550109863281,473.9100036621094,470.5,473.7550048828125,98602,2026-02-06 17:30:00+00:00
473.7550048828125,475.7699890136719,473.07000732421875,475.1050109863281,67577,2026-02-06 18:30:00+00:00
475.1050109863281,477.70001220703125,474.4800109863281,477.50299072265625,79873,2026-02-06 19:30:00+00:00
477.6400146484375,478.2799987792969,476.8810119628906,477.79998779296875,165194,2026-02-06 20:30:00+00:00
477.0,478.5400085449219,469.82000732421875,469.8900146484375,219273,2026-02-09 14:30:00+00:00
469.885009765625,472.82000732421875,469.3399963378906,472.2868957519531,106436,2026-02-09 15:30:00+00:00
472.260009765625,473.0899963378906,469.6050109863281,469.7699890136719,110627,2026-02-09 16:30:00+00:00
469.6600036621094,470.6600036621094,467.9800109863281,469.6650085449219,80245,2026-02-09 17:30:00+00:00
469.6650085449219,471.5050048828125,469.6600036621094,471.3550109863281,74026,2026-02-09 18:30:00+00:00
471.3550109863281,472.2200012207031,469.5899963378906,470.3900146484375,90492,2026-02-09 19:30:00+00:00
470.3299865722656,472.80999755859375,470.0,470.92999267578125,278918,2026-02-09 20:30:00+00:00
469.8500061035156,474.57000732421875,466.2699890136719,470.42999267578125,292064,2026-02-10 14:30:00+00:00
470.2099914550781,470.7300109863281,468.6499938964844,469.79998779296875,106554,2026-02-10 15:30:00+00:00
470.0,470.1449890136719,466.760009765625,467.489990234375,173275,2026-02-10 16:30:00+00:00
467.5450134277344,468.7349853515625,465.07000732421875,466.6300048828125,133722,2026-02-10 17:30:00+00:00
466.8699951171875,469.2349853515625,466.4800109863281,468.7300109863281,115914,2026-02-10 18:30:00+00:00
469.0899963378906,469.0899963378906,466.1099853515625,466.1199951171875,112420,2026-02-10 19:30:00+00:00
466.04998779296875,466.04998779296875,462.239990234375,463.6300048828125,243000,2026-02-10 20:30:00+00:00
460.44000244140625,464.7300109863281,454.3999938964844,457.8699951171875,208952,2026-02-11 14:30:00+00:00
457.8699951171875,458.1549987792969,455.0899963378906,455.3999938964844,186970,2026-02-11 15:30:00+00:00
455.3900146484375,458.7850036621094,455.3800048828125,457.20001220703125,163401,2026-02-11 16:30:00+00:00
457.2200012207031,460.4100036621094,456.9800109863281,458.375,92683,2026-02-11 17:30:00+00:00
458.260009765625,459.18499755859375,456.55999755859375,458.19000244140625,134469,2026-02-11 18:30:00+00:00
458.20001220703125,460.70001220703125,457.8699951171875,459.5799865722656,122472,2026-02-11 19:30:00+00:00
459.5799865722656,462.45001220703125,458.760009765625,461.17999267578125,251467,2026-02-11 20:30:00+00:00
462.5,467.19000244140625,460.0,465.5274963378906,137193,2026-02-12 14:30:00+00:00
465.75,469.0,463.06500244140625,463.2650146484375,80310,2026-02-12 15:30:00+00:00
463.2650146484375,464.4700012207031,460.7799987792969,464.2950134277344,81837,2026-02-12 16:30:00+00:00
464.2799987792969,465.95001220703125,461.42999267578125,462.81500244140625,135427,2026-02-12 17:30:00+00:00
462.7749938964844,465.9125061035156,461.8399963378906,463.4150085449219,99369,2026-02-12 18:30:00+00:00
463.1099853515625,467.5350036621094,461.1000061035156,467.2449951171875,242063,2026-02-12 19:30:00+00:00
467.3299865722656,467.5400085449219,463.8699951171875,463.8699951171875,279530,2026-02-12 20:30:00+00:00
471.6449890136719,497.5498962402344,471.6449890136719,491.3399963378906,447068,2026-02-13 14:30:00+00:00
491.6199951171875,497.4800109863281,491.3550109863281,495.20001220703125,203124,2026-02-13 15:30:00+00:00
495.2049865722656,496.7851867675781,493.3699951171875,495.2699890136719,119973,2026-02-13 16:30:00+00:00
494.8800048828125,500.989990234375,493.3800048828125,500.2749938964844,184893,2026-02-13 17:30:00+00:00
500.2749938964844,503.875,497.3450012207031,502.55999755859375,350064,2026-02-13 18:30:00+00:00
502.55999755859375,503.2799987792969,490.1000061035156,490.67999267578125,348590,2026-02-13 19:30:00+00:00
490.4599914550781,492.739990234375,489.2200012207031,491.75,282168,2026-02-13 20:30:00+00:00
490.0,494.04998779296875,483.0,485.125,170775,2026-02-17 14:30:00+00:00
484.8900146484375,485.42999267578125,480.239990234375,480.6000061035156,155906,2026-02-17 15:30:00+00:00
480.5799865722656,480.5799865722656,476.0299987792969,477.05499267578125,95383,2026-02-17 16:30:00+00:00
477.20001220703125,477.8949890136719,473.45001220703125,476.9599914550781,105561,2026-02-17 17:30:00+00:00
476.9599914550781,480.5,476.3999938964844,479.0899963378906,76340,2026-02-17 18:30:00+00:00
479.1000061035156,479.6600036621094,474.2900085449219,475.7449951171875,138152,2026-02-17 19:30:00+00:00
475.760009765625,477.79998779296875,474.92999267578125,477.3999938964844,217465,2026-02-17 20:30:00+00:00
473.67999267578125,477.0,466.45001220703125,467.44500732421875,150748,2026-02-18 14:30:00+00:00
467.69000244140625,471.57000732421875,467.4840087890625,470.9049987792969,158882,2026-02-18 15:30:00+00:00
470.9049987792969,474.6499938964844,469.44000244140625,474.489990234375,119704,2026-02-18 16:30:00+00:00
474.67999267578125,477.7200012207031,474.20001220703125,474.6650085449219,129641,2026-02-18 17:30:00+00:00
474.80999755859375,475.19989013671875,471.20001220703125,471.989990234375,200707,2026-02-18 18:30:00+00:00
471.9200134277344,472.2799987792969,470.0199890136719,471.1300048828125,138987,2026-02-18 19:30:00+00:00
471.1300048828125,472.5299072265625,470.17999267578125,470.260009765625,204185,2026-02-18 20:30:00+00:00
468.0,469.8299865722656,463.0,468.510009765625,101969,2026-02-19 14:30:00+00:00
468.2799987792969,469.7300109863281,467.20001220703125,468.9200134277344,74829,2026-02-19 15:30:00+00:00
469.239990234375,472.239990234375,469.17999267578125,470.92999267578125,67092,2026-02-19 16:30:00+00:00
470.82000732421875,471.7099914550781,469.7200012207031,470.4151916503906,53456,2026-02-19 17:30:00+00:00
470.30499267578125,471.1400146484375,469.0199890136719,469.6600036621094,93174,2026-02-19 18:30:00+00:00
469.57000732421875,469.57000732421875,467.3999938964844,468.5150146484375,79269,2026-02-19 19:30:00+00:00
468.3800048828125,469.6000061035156,467.3299865722656,469.1000061035156,138368,2026-02-19 20:30:00+00:00
466.94000244140625,472.44000244140625,465.0,472.07501220703125,128382,2026-02-20 14:30:00+00:00
472.3500061035156,477.0,470.8349914550781,475.57501220703125,83031,2026-02-20 15:30:00+00:00
475.19000244140625,479.1199951171875,475.1600036621094,475.739990234375,62736,2026-02-20 16:30:00+00:00
475.8999938964844,476.989990234375,475.6499938964844,476.5249938964844,45515,2026-02-20 17:30:00+00:00
476.4599914550781,478.3800048828125,475.989990234375,476.885009765625,53146,2026-02-20 18:30:00+00:00
476.7799987792969,477.8800048828125,475.9700012207031,476.8299865722656,66226,2026-02-20 19:30:00+00:00
476.67498779296875,477.785888671875,476.07000732421875,476.8299865722656,322973,2026-02-20 20:30:00+00:00
475.0799865722656,482.9800109863281,475.0799865722656,480.4800109863281,91805,2026-02-23 14:30:00+00:00
480.3703918457031,484.5400085449219,480.3703918457031,484.2699890136719,87182,2026-02-23 15:30:00+00:00
484.3800048828125,485.82000732421875,482.989990234375,485.3599853515625,102547,2026-02-23 16:30:00+00:00
485.510009765625,485.6050109863281,484.0299987792969,484.3900146484375,45215,2026-02-23 17:30:00+00:00
484.4700012207031,487.19500732421875,484.2300109863281,487.0199890136719,79764,2026-02-23 18:30:00+00:00
487.0199890136719,487.6000061035156,483.0,483.2099914550781,118782,2026-02-23 19:30:00+00:00
483.3275146484375,483.4100036621094,479.6199951171875,480.9599914550781,164087,2026-02-23 20:30:00+00:00
479.20001220703125,487.9599914550781,479.0,486.30999755859375,72332,2026-02-24 14:30:00+00:00
486.30999755859375,488.80999755859375,485.55999755859375,486.9750061035156,85429,2026-02-24 15:30:00+00:00
486.94500732421875,490.5299987792969,485.8699951171875,489.9949951171875,103347,2026-02-24 16:30:00+00:00
489.85009765625,491.17999267578125,489.4100036621094,490.7699890136719,212232,2026-02-24 17:30:00+00:00
490.760009765625,490.8900146484375,487.80999755859375,487.82000732421875,115018,2026-02-24 18:30:00+00:00
487.79998779296875,488.18499755859375,485.8200988769531,486.06500244140625,91583,2026-02-24 19:30:00+00:00
486.239990234375,488.2300109863281,485.9700012207031,487.3609924316406,119376,2026-02-24 20:30:00+00:00
486.3500061035156,492.2300109863281,483.5199890136719,484.4800109863281,93110,2026-02-25 14:30:00+00:00
484.4800109863281,486.0400085449219,482.92889404296875,485.2799987792969,49429,2026-02-25 15:30:00+00:00
485.2149963378906,485.92999267578125,482.7099914550781,483.3299865722656,49548,2026-02-25 16:30:00+00:00
483.3299865722656,484.3999938964844,482.35009765625,483.82501220703125,44620,2026-02-25 17:30:00+00:00
483.7950134277344,483.7950134277344,481.7149963378906,482.4200134277344,39092,2026-02-25 18:30:00+00:00
482.42999267578125,483.1600036621094,481.7099914550781,482.7449951171875,93806,2026-02-25 19:30:00+00:00
482.57000732421875,484.0899963378906,482.3599853515625,482.95001220703125,101127,2026-02-25 20:30:00+00:00
483.1000061035156,483.6300048828125,476.8800048828125,478.1400146484375,84455,2026-02-26 14:30:00+00:00
478.0,479.92999267578125,475.260009765625,476.5050048828125,84974,2026-02-26 15:30:00+00:00
476.5050048828125,477.8299865722656,475.6400146484375,476.07000732421875,67112,2026-02-26 16:30:00+00:00
476.0050048828125,477.79998779296875,474.5899963378906,477.4049987792969,112976,2026-02-26 17:30:00+00:00
477.3900146484375,481.4800109863281,477.0950012207031,480.3550109863281,126703,2026-02-26 18:30:00+00:00
480.3550109863281,480.9700012207031,478.7699890136719,479.2200012207031,128005,2026-02-26 19:30:00+00:00
479.19000244140625,480.3699951171875,477.69000244140625,480.1300048828125,161421,2026-02-26 20:30:00+00:00
480.30999755859375,489.6600036621094,479.75,489.3949890136719,117011,2026-02-27 14:30:00+00:00
489.3900146484375,493.42498779296875,489.07000732421875,493.05499267578125,86495,2026-02-27 15:30:00+00:00
493.04998779296875,496.0,492.7301025390625,495.5199890136719,109232,2026-02-27 16:30:00+00:00
495.6449890136719,496.7049865722656,494.2900085449219,495.8800048828125,52751,2026-02-27 17:30:00+00:00
496.1099853515625,496.4599914550781,494.8297119140625,494.9849853515625,74745,2026-02-27 18:30:00+00:00
494.9849853515625,495.82000732421875,493.7699890136719,495.7699890136719,98941,2026-02-27 19:30:00+00:00
495.7699890136719,497.67999267578125,494.4200134277344,496.7099914550781,158087,2026-02-27 20:30:00+00:00
495.6300048828125,498.0249938964844,485.54998779296875,486.40350341796875,107233,2026-03-02 14:30:00+00:00
486.0299987792969,489.0199890136719,484.6300048828125,486.05499267578125,134927,2026-03-02 15:30:00+00:00
486.0174865722656,488.0,484.6950988769531,486.4800109863281,67847,2026-03-02 16:30:00+00:00
486.4700012207031,491.1499938964844,486.10009765625,488.760009765625,67847,2026-03-02 17:30:00+00:00
489.0400085449219,489.0400085449219,485.1400146484375,488.302490234375,86117,2026-03-02 18:30:00+00:00
488.5299987792969,490.32000732421875,486.8900146484375,487.44000244140625,200928,2026-03-02 19:30:00+00:00
487.44000244140625,487.57000732421875,485.7799987792969,485.94000244140625,183241,2026-03-02 20:30:00+00:00
478.95001220703125,482.6600036621094,472.2099914550781,475.6499938964844,150090,2026-03-03 14:30:00+00:00
475.7250061035156,477.8500061035156,472.2449951171875,472.5350036621094,116402,2026-03-03 15:30:00+00:00
472.5350036621094,475.0,471.5799865722656,474.17999267578125,86153,2026-03-03 16:30:00+00:00
474.12750244140625,475.489990234375,472.3599853515625,474.739990234375,68717,2026-03-03 17:30:00+00:00
474.8500061035156,476.3599853515625,472.6239929199219,475.45001220703125,106915,2026-03-03 18:30:00+00:00
475.29998779296875,476.5,474.45001220703125,475.2900085449219,94476,2026-03-03 19:30:00+00:00
475.1199951171875,475.6099853515625,473.510009765625,474.0899963378906,176500,2026-03-03 20:30:00+00:00
475.29998779296875,477.2699890136719,470.42498779296875,475.1400146484375,173168,2026-03-04 14:30:00+00:00
475.2799987792969,478.8450012207031,474.7900085449219,476.739990234375,85761,2026-03-04 15:30:00+00:00
476.8699951171875,477.8349914550781,475.0400085449219,475.7049865722656,71481,2026-03-04 16:30:00+00:00
475.55999755859375,477.510009765625,475.2099914550781,476.9800109863281,54094,2026-03-04 17:30:00+00:00
477.0799865722656,478.7699890136719,477.0400085449219,478.5,66255,2026-03-04 18:30:00+00:00
478.6299133300781,480.67999267578125,478.45001220703125,479.2749938964844,94049,2026-03-04 19:30:00+00:00
479.20001220703125,479.2084045410156,477.45001220703125,477.7099914550781,143898,2026-03-04 20:30:00+00:00
476.6400146484375,480.0,467.5299987792969,468.20001220703125,153866,2026-03-05 14:30:00+00:00
468.1000061035156,470.0150146484375,463.7799987792969,464.4700012207031,105416,2026-03-05 15:30:00+00:00
463.8999938964844,466.5899963378906,462.8399963378906,464.30999755859375,88989,2026-03-05 16:30:00+00:00
464.1700134277344,465.2799072265625,461.5,462.94500732421875,68109,2026-03-05 17:30:00+00:00
463.0199890136719,463.739990234375,457.6300048828125,458.1499938964844,95502,2026-03-05 18:30:00+00:00
458.0899963378906,462.2300109863281,457.0,461.1099853515625,130483,2026-03-05 19:30:00+00:00
461.3450012207031,461.9599914550781,459.54998779296875,461.19000244140625,160355,2026-03-05 20:30:00+00:00
458.4800109863281,459.9999084472656,454.510009765625,457.6400146484375,181019,2026-03-06 14:30:00+00:00
457.8999938964844,459.0799865722656,454.5799865722656,455.05999755859375,87229,2026-03-06 15:30:00+00:00
454.9849853515625,454.9849853515625,450.6700134277344,452.32501220703125,97471,2026-03-06 16:30:00+00:00
452.1700134277344,454.67999267578125,451.5450134277344,454.3699951171875,72130,2026-03-06 17:30:00+00:00
454.29998779296875,455.19000244140625,452.25,452.9649963378906,94262,2026-03-06 18:30:00+00:00
453.1799011230469,456.4599914550781,452.2049865722656,455.0801086425781,125562,2026-03-06 19:30:00+00:00
455.42498779296875,457.4849853515625,455.2799987792969,456.6789855957031,198198,2026-03-06 20:30:00+00:00
454.2099914550781,458.8450012207031,450.7795104980469,452.739990234375,132477,2026-03-09 13:30:00+00:00
452.3999938964844,459.0400085449219,451.54998779296875,458.56500244140625,64432,2026-03-09 14:30:00+00:00
458.20001220703125,459.760009765625,457.0899963378906,458.6449890136719,77305,2026-03-09 15:30:00+00:00
458.57000732421875,458.57000732421875,453.2974853515625,453.3999938964844,76037,2026-03-09 16:30:00+00:00
453.57000732421875,454.760009765625,452.66009521484375,453.5,57281,2026-03-09 17:30:00+00:00
453.5050048828125,458.32000732421875,453.2799987792969,458.32000732421875,74088,2026-03-09 18:30:00+00:00
458.260009765625,461.260009765625,457.8399963378906,460.739990234375,206897,2026-03-09 19:30:00+00:00
488.0215148925781,506.9999084472656,477.7699890136719,500.3500061035156,1044288,2026-03-10 13:30:00+00:00
500.8500061035156,507.9200134277344,500.42999267578125,503.8949890136719,465127,2026-03-10 14:30:00+00:00
504.1099853515625,507.0,500.05999755859375,500.1400146484375,353068,2026-03-10 15:30:00+00:00
500.4599914550781,501.57000732421875,496.2950134277344,501.29998779296875,195336,2026-03-10 16:30:00+00:00
501.510009765625,503.29998779296875,497.739990234375,498.7900085449219,186074,2026-03-10 17:30:00+00:00
499.1300048828125,499.5400085449219,495.30999755859375,498.364990234375,261312,2026-03-10 18:30:00+00:00
498.45001220703125,500.8500061035156,497.760009765625,499.0010070800781,343741,2026-03-10 19:30:00+00:00
497.875,499.4949951171875,492.0,495.7998962402344,355633,2026-03-11 13:30:00+00:00
495.1300048828125,496.3299865722656,488.7850036621094,490.239990234375,275800,2026-03-11 14:30:00+00:00
490.2799987792969,494.5,489.8450012207031,494.5,237806,2026-03-11 15:30:00+00:00
494.2550048828125,494.3699951171875,490.4200134277344,493.8299865722656,173285,2026-03-11 16:30:00+00:00
494.010009765625,494.18499755859375,490.29998779296875,492.95001220703125,180462,2026-03-11 17:30:00+00:00
492.9800109863281,493.30999755859375,489.1099853515625,490.3399963378906,192881,2026-03-11 18:30:00+00:00
490.45001220703125,493.0150146484375,489.2900085449219,492.3800048828125,268048,2026-03-11 19:30:00+00:00
489.9700012207031,489.9700012207031,483.8299865722656,484.489990234375,128870,2026-03-12 13:30:00+00:00
484.55999755859375,484.7449951171875,480.20001220703125,481.9649963378906,153011,2026-03-12 14:30:00+00:00
481.9649963378906,482.7900085449219,476.69000244140625,478.2149963378906,189649,2026-03-12 15:30:00+00:00
478.2149963378906,486.4700012207031,477.67999267578125,485.5,200614,2026-03-12 16:30:00+00:00
485.4949951171875,485.8299865722656,482.8573913574219,484.3949890136719,102909,2026-03-12 17:30:00+00:00
484.42999267578125,486.0799865722656,480.510009765625,481.1099853515625,133943,2026-03-12 18:30:00+00:00
480.8699951171875,480.8699951171875,477.6650085449219,478.0,278419,2026-03-12 19:30:00+00:00
481.7900085449219,486.6597900390625,474.125,474.3599853515625,100803,2026-03-13 13:30:00+00:00
474.5150146484375,476.69000244140625,469.260009765625,470.67999267578125,167393,2026-03-13 14:30:00+00:00
470.3699951171875,473.6300048828125,470.3699951171875,471.07000732421875,88691,2026-03-13 15:30:00+00:00
471.0,474.7300109863281,469.5799865722656,473.6700134277344,99450,2026-03-13 16:30:00+00:00
473.2699890136719,474.3500061035156,471.5199890136719,472.42999267578125,115858,2026-03-13 17:30:00+00:00
472.30999755859375,475.1600036621094,471.7699890136719,471.8599853515625,99437,2026-03-13 18:30:00+00:00
471.9599914550781,472.760009765625,469.0799865722656,469.3500061035156,226983,2026-03-13 19:30:00+00:00
475.1400146484375,476.1698913574219,469.3599853515625,470.4150085449219,164454,2026-03-16 13:30:00+00:00
470.7959899902344,472.29998779296875,466.6600036621094,467.364990234375,121464,2026-03-16 14:30:00+00:00
467.4932861328125,468.1600036621094,465.2699890136719,467.05999755859375,76736,2026-03-16 15:30:00+00:00
467.1000061035156,467.1000061035156,464.2900085449219,466.0050048828125,111556,2026-03-16 16:30:00+00:00
465.7900085449219,466.989990234375,465.0,465.6400146484375,88886,2026-03-16 17:30:00+00:00
465.6400146484375,466.29998779296875,461.1300048828125,462.82000732421875,149884,2026-03-16 18:30:00+00:00
462.69000244140625,467.0299987792969,462.5199890136719,466.0799865722656,133250,2026-03-16 19:30:00+00:00
468.3999938964844,468.45001220703125,461.5899963378906,463.2149963378906,218972,2026-03-17 13:30:00+00:00
462.8800048828125,467.0400085449219,461.7099914550781,465.0,255031,2026-03-17 14:30:00+00:00
464.9200134277344,465.2349853515625,462.32000732421875,464.375,88349,2026-03-17 15:30:00+00:00
464.3999938964844,467.6836853027344,464.2300109863281,465.5199890136719,104957,2026-03-17 16:30:00+00:00
465.6650085449219,467.9599914550781,463.8599853515625,465.04998779296875,93110,2026-03-17 17:30:00+00:00
465.0050048828125,465.1600036621094,462.1000061035156,462.1000061035156,59486,2026-03-17 18:30:00+00:00
462.010009765625,463.2250061035156,461.8999938964844,462.4800109863281,77535,2026-03-17 19:30:00+00:00
462.7699890136719,463.9599914550781,453.45001220703125,456.239990234375,94879,2026-03-18 13:30:00+00:00
456.1099853515625,457.30999755859375,454.110107421875,456.6199951171875,119765,2026-03-18 14:30:00+00:00
456.6600036621094,458.0400085449219,455.2200012207031,456.8349914550781,4214,2026-03-18 15:30:00+00:00
456.54998779296875,456.6499938964844,453.8500061035156,454.5400085449219,38781,2026-03-18 16:30:00+00:00
454.3800048828125,456.1600036621094,453.7300109863281,455.44000244140625,85628,2026-03-18 17:30:00+00:00
455.44000244140625,455.7200012207031,452.2900085449219,452.7200012207031,152039,2026-03-18 18:30:00+00:00
452.67999267578125,453.0,451.1000061035156,451.635986328125,203164,2026-03-18 19:30:00+00:00
454.5,454.989990234375,449.9400939941406,450.2200012207031,124433,2026-03-19 13:30:00+00:00
449.95001220703125,452.04998779296875,449.95001220703125,451.010009765625,53507,2026-03-19 14:30:00+00:00
450.9599914550781,452.5199890136719,449.75,451.80499267578125,78474,2026-03-19 15:30:00+00:00
451.8399963378906,453.1499938964844,450.0799865722656,452.7099914550781,83602,2026-03-19 16:30:00+00:00
452.8699951171875,455.2799987792969,451.8900146484375,453.70001220703125,73458,2026-03-19 17:30:00+00:00
453.6300048828125,458.6499938964844,452.9100036621094,458.5400085449219,147379,2026-03-19 18:30:00+00:00
458.5400085449219,459.4549865722656,457.2099914550781,458.0299987792969,179384,2026-03-19 19:30:00+00:00
454.6199951171875,461.04998779296875,453.69000244140625,457.80999755859375,408770,2026-03-20 13:30:00+00:00
457.510009765625,459.3800048828125,455.95001220703125,456.9100036621094,99838,2026-03-20 14:30:00+00:00
456.9100036621094,457.8900146484375,455.7565002441406,457.489990234375,57773,2026-03-20 15:30:00+00:00
457.489990234375,457.6000061035156,455.5199890136719,457.2049865722656,62137,2026-03-20 16:30:00+00:00
457.3800048828125,457.7200012207031,454.8450012207031,455.3299865722656,63172,2026-03-20 17:30:00+00:00
455.49249267578125,456.0,453.9549865722656,455.29998779296875,83097,2026-03-20 18:30:00+00:00
455.57000732421875,455.81500244140625,452.885009765625,454.17999267578125,221122,2026-03-20 19:30:00+00:00
459.44000244140625,463.78021240234375,451.8500061035156,452.8800048828125,123228,2026-03-23 13:30:00+00:00
452.510009765625,456.510009765625,452.25,455.7850036621094,66061,2026-03-23 14:30:00+00:00
455.989990234375,455.989990234375,452.9100036621094,453.239990234375,60713,2026-03-23 15:30:00+00:00
453.2799987792969,455.5,452.5799865722656,453.1199951171875,79871,2026-03-23 16:30:00+00:00
453.29998779296875,455.2200012207031,452.4700012207031,452.67999267578125,89357,2026-03-23 17:30:00+00:00
452.67999267578125,454.3900146484375,451.260009765625,452.010009765625,175584,2026-03-23 18:30:00+00:00
452.25,453.4100036621094,450.9700012207031,451.2099914550781,162276,2026-03-23 19:30:00+00:00
447.0199890136719,448.0,441.20001220703125,446.5400085449219,138922,2026-03-24 13:30:00+00:00
446.07000732421875,450.54998779296875,446.07000732421875,449.6000061035156,136607,2026-03-24 14:30:00+00:00
449.7300109863281,451.0,449.1199951171875,450.1400146484375,70145,2026-03-24 15:30:00+00:00
450.3599853515625,450.3599853515625,448.7799987792969,449.7799987792969,56009,2026-03-24 16:30:00+00:00
449.7799987792969,450.5799865722656,448.7749938964844,450.0799865722656,98297,2026-03-24 17:30:00+00:00
450.0574951171875,452.0799865722656,449.95001220703125,450.25,169402,2026-03-24 18:30:00+00:00
450.385009765625,450.5150146484375,447.8999938964844,448.6199951171875,173245,2026-03-24 19:30:00+00:00
450.0,457.04998779296875,449.1400146484375,455.80999755859375,219738,2026-03-25 13:30:00+00:00
455.8699951171875,457.9599914550781,455.1000061035156,457.9599914550781,95498,2026-03-25 14:30:00+00:00
457.96990966796875,458.6400146484375,457.0950012207031,457.9700012207031,91179,2026-03-25 15:30:00+00:00
457.9750061035156,458.81500244140625,457.54998779296875,458.0650939941406,79544,2026-03-25 16:30:00+00:00
457.95001220703125,459.3699951171875,457.3699951171875,458.0,90429,2026-03-25 17:30:00+00:00
458.1199951171875,458.8599853515625,456.45001220703125,456.5799865722656,248607,2026-03-25 18:30:00+00:00
456.2200012207031,457.0176086425781,453.8299865722656,455.44000244140625,177447,2026-03-25 19:30:00+00:00
451.2300109863281,455.3500061035156,449.31500244140625,453.4949951171875,97581,2026-03-26 13:30:00+00:00
453.2900085449219,456.8699951171875,452.3800048828125,455.510009765625,135779,2026-03-26 14:30:00+00:00
455.4100036621094,456.864990234375,454.8699951171875,456.6449890136719,121725,2026-03-26 15:30:00+00:00
456.375,457.4849853515625,455.7099914550781,456.7950134277344,58887,2026-03-26 16:30:00+00:00
456.5199890136719,457.1300048828125,455.1600036621094,456.0450134277344,127708,2026-03-26 17:30:00+00:00
456.114990234375,457.0,454.3999938964844,454.7850036621094,169949,2026-03-26 18:30:00+00:00
454.7900085449219,454.82000732421875,452.5299987792969,453.760009765625,193210,2026-03-26 19:30:00+00:00
450.95001220703125,450.9700012207031,445.5,445.8599853515625,124410,2026-03-27 13:30:00+00:00
445.6199951171875,447.0625,444.0199890136719,446.29998779296875,79664,2026-03-27 14:30:00+00:00
446.30999755859375,446.9100036621094,439.2099914550781,440.1499938964844,118485,2026-03-27 15:30:00+00:00
440.177490234375,441.0799865722656,431.010009765625,438.0199890136719,482270,2026-03-27 16:30:00+00:00
438.0899963378906,441.6499938964844,437.8599853515625,438.29998779296875,134104,2026-03-27 17:30:00+00:00
438.2900085449219,439.9750061035156,435.20001220703125,435.20001220703125,217802,2026-03-27 18:30:00+00:00
435.364990234375,436.4200134277344,432.17999267578125,433.010009765625,411718,2026-03-27 19:30:00+00:00
438.7279968261719,442.260009765625,432.135009765625,441.7099914550781,175305,2026-03-30 13:30:00+00:00
441.5,442.1199951171875,435.4700012207031,435.6700134277344,169932,2026-03-30 14:30:00+00:00
435.4700012207031,439.42999267578125,435.0,438.739990234375,101542,2026-03-30 15:30:00+00:00
438.739990234375,441.385009765625,438.6300048828125,440.2300109863281,154832,2026-03-30 16:30:00+00:00
440.1300048828125,443.6499938964844,439.20001220703125,441.7349853515625,239822,2026-03-30 17:30:00+00:00
441.7900085449219,443.25,439.239990234375,440.20001220703125,284648,2026-03-30 18:30:00+00:00
440.1700134277344,443.29998779296875,439.92498779296875,443.010009765625,378674,2026-03-30 19:30:00+00:00
443.42999267578125,447.7300109863281,442.0849914550781,445.45001220703125,170236,2026-03-31 13:30:00+00:00
445.2300109863281,445.760009765625,442.3500061035156,444.0899963378906,84853,2026-03-31 14:30:00+00:00
443.7300109863281,445.79998779296875,443.44000244140625,445.1700134277344,64883,2026-03-31 15:30:00+00:00
445.1700134277344,446.4949951171875,444.1600036621094,445.19000244140625,119194,2026-03-31 16:30:00+00:00
445.21600341796875,447.4800109863281,445.0299987792969,447.0199890136719,113401,2026-03-31 17:30:00+00:00
447.0249938964844,447.3699951171875,446.0199890136719,446.4700012207031,110841,2026-03-31 18:30:00+00:00
446.57000732421875,448.2900085449219,445.4100036621094,446.57000732421875,304595,2026-03-31 19:30:00+00:00
449.1700134277344,453.9800109863281,449.1600036621094,451.3399963378906,126810,2026-04-01 13:30:00+00:00
451.3999938964844,452.8699951171875,450.44000244140625,450.510009765625,117499,2026-04-01 14:30:00+00:00
450.44000244140625,452.54998779296875,449.04998779296875,449.05999755859375,82523,2026-04-01 15:30:00+00:00
449.05999755859375,450.5299072265625,448.2200012207031,450.1199951171875,73923,2026-04-01 16:30:00+00:00
449.6300048828125,449.6700134277344,447.3800048828125,447.989990234375,76073,2026-04-01 17:30:00+00:00
447.80999755859375,448.82501220703125,446.7099914550781,447.760009765625,138072,2026-04-01 18:30:00+00:00
447.75,448.57000732421875,446.95001220703125,447.239990234375,231755,2026-04-01 19:30:00+00:00
444.5400085449219,446.32000732421875,440.1907043457031,443.7950134277344,184730,2026-04-02 13:30:00+00:00
443.6199951171875,449.614990234375,439.7200012207031,442.1199951171875,155963,2026-04-02 14:30:00+00:00
442.1600036621094,442.5098876953125,438.3500061035156,439.3299865722656,64330,2026-04-02 15:30:00+00:00
439.3399963378906,440.32000732421875,437.5799865722656,438.19500732421875,68501,2026-04-02 16:30:00+00:00
437.8699951171875,439.6300048828125,436.9949951171875,438.3800048828125,73521,2026-04-02 17:30:00+00:00
438.3699951171875,439.3349914550781,437.6400146484375,438.010009765625,106575,2026-04-02 18:30:00+00:00
437.94000244140625,439.57000732421875,436.6300048828125,438.8299865722656,247237,2026-04-02 19:30:00+00:00
437.7900085449219,440.7200012207031,435.8399963378906,438.739990234375,73963,2026-04-06 13:30:00+00:00
439.17999267578125,440.8999938964844,438.8599853515625,438.9100036621094,80330,2026-04-06 14:30:00+00:00
439.2699890136719,440.1400146484375,437.69000244140625,438.7699890136719,67116,2026-04-06 15:30:00+00:00
438.7799987792969,439.8399963378906,436.7300109863281,437.3699951171875,55191,2026-04-06 16:30:00+00:00
437.4017028808594,437.5299987792969,434.57000732421875,436.0799865722656,86086,2026-04-06 17:30:00+00:00
436.2550048828125,436.7300109863281,434.2300109863281,434.54998779296875,106175,2026-04-06 18:30:00+00:00
434.4100036621094,434.7349853515625,433.45001220703125,434.2699890136719,209651,2026-04-06 19:30:00+00:00
435.5,435.5,426.29998779296875,427.3500061035156,101759,2026-04-07 13:30:00+00:00
427.9898986816406,428.79071044921875,426.19000244140625,426.3599853515625,108228,2026-04-07 14:30:00+00:00
426.9599914550781,429.7900085449219,425.260009765625,428.9100036621094,94136,2026-04-07 15:30:00+00:00
428.4800109863281,429.8399963378906,428.2900085449219,428.347900390625,54052,2026-04-07 16:30:00+00:00
428.4601135253906,432.1000061035156,428.4601135253906,431.6300964355469,97677,2026-04-07 17:30:00+00:00
431.6300048828125,432.1499938964844,429.80499267578125,430.5799865722656,180219,2026-04-07 18:30:00+00:00
430.5000915527344,431.94000244140625,429.6400146484375,431.70001220703125,163981,2026-04-07 19:30:00+00:00
437.0,440.9200134277344,432.3299865722656,437.3800048828125,162074,2026-04-08 13:30:00+00:00
437.239990234375,440.239990234375,437.2300109863281,439.7699890136719,102059,2026-04-08 14:30:00+00:00
439.9800109863281,442.42498779296875,439.6400146484375,440.1600036621094,89526,2026-04-08 15:30:00+00:00
440.125,440.92999267578125,439.5450134277344,439.6400146484375,83251,2026-04-08 16:30:00+00:00
439.6875,440.273193359375,438.9700012207031,439.79998779296875,81890,2026-04-08 17:30:00+00:00
439.94000244140625,440.1300048828125,438.3999938964844,439.3338928222656,117187,2026-04-08 18:30:00+00:00
439.3500061035156,443.989990234375,439.2850036621094,443.7300109863281,304237,2026-04-08 19:30:00+00:00
439.489990234375,441.54998779296875,436.3500061035156,439.44000244140625,157939,2026-04-09 13:30:00+00:00
439.3599853515625,440.7550048828125,438.54998779296875,439.7900085449219,74170,2026-04-09 14:30:00+00:00
439.5899963378906,442.6700134277344,439.3699951171875,442.1600036621094,54896,2026-04-09 15:30:00+00:00
442.3699951171875,443.6300048828125,441.57000732421875,443.2099914550781,43394,2026-04-09 16:30:00+00:00
443.2099914550781,444.5,442.4700012207031,442.4700012207031,72337,2026-04-09 17:30:00+00:00
442.5,445.43499755859375,441.94000244140625,445.2799987792969,178795,2026-04-09 18:30:00+00:00
445.3500061035156,447.0,444.8399963378906,446.7699890136719,197476,2026-04-09 19:30:00+00:00
446.1300048828125,446.75,440.0,444.5799865722656,167786,2026-04-10 13:30:00+00:00
444.5400085449219,444.9100036621094,437.5799865722656,437.5799865722656,138735,2026-04-10 14:30:00+00:00
437.4049987792969,439.1289978027344,436.3900146484375,436.7900085449219,57283,2026-04-10 15:30:00+00:00
436.9800109863281,438.67999267578125,436.25,437.08209228515625,61870,2026-04-10 16:30:00+00:00
436.9200134277344,437.29998779296875,434.25,435.6650085449219,63689,2026-04-10 17:30:00+00:00
435.6650085449219,436.8699951171875,435.07000732421875,436.7449951171875,80058,2026-04-10 18:30:00+00:00
436.7049865722656,437.5523986816406,435.69000244140625,436.2699890136719,164000,2026-04-10 19:30:00+00:00
434.20001220703125,445.05999755859375,433.6798095703125,442.9800109863281,188098,2026-04-13 13:30:00+00:00
443.239990234375,443.95001220703125,436.42498779296875,436.95001220703125,108166,2026-04-13 14:30:00+00:00
436.7550048828125,438.510009765625,436.7550048828125,438.2799987792969,72354,2026-04-13 15:30:00+00:00
438.4549865722656,438.70001220703125,436.80499267578125,438.4649963378906,62693,2026-04-13 16:30:00+00:00
438.44000244140625,440.1600036621094,438.44000244140625,440.1300048828125,95637,2026-04-13 17:30:00+00:00
439.9949951171875,440.1899108886719,439.0,439.9800109863281,80290,2026-04-13 18:30:00+00:00
439.8450012207031,440.7099914550781,439.5799865722656,440.010009765625,142465,2026-04-13 19:30:00+00:00
435.2799987792969,443.6099853515625,435.2799987792969,442.2325134277344,103813,2026-04-14 13:30:00+00:00
442.1700134277344,442.32000732421875,440.5249938964844,441.17498779296875,94371,2026-04-14 14:30:00+00:00
441.0932922363281,441.489990234375,439.1000061035156,440.92999267578125,104378,2026-04-14 15:30:00+00:00
441.0450134277344,441.9100036621094,440.610107421875,440.9800109863281,108112,2026-04-14 16:30:00+00:00
441.05499267578125,442.739990234375,440.8052062988281,442.69000244140625,71010,2026-04-14 17:30:00+00:00
442.69000244140625,443.8500061035156,441.29998779296875,443.4750061035156,88915,2026-04-14 18:30:00+00:00
443.4200134277344,444.7900085449219,442.6600036621094,444.239990234375,243928,2026-04-14 19:30:00+00:00
447.82000732421875,447.82000732421875,439.4366149902344,440.760009765625,164977,2026-04-15 13:30:00+00:00
440.6499938964844,440.69000244140625,437.19000244140625,439.0899963378906,160028,2026-04-15 14:30:00+00:00
439.2300109863281,440.4200134277344,438.1300048828125,438.5,103414,2026-04-15 15:30:00+00:00
438.3599853515625,440.29998779296875,437.3999938964844,439.79998779296875,166041,2026-04-15 16:30:00+00:00
439.875,442.760009765625,439.75,442.1549987792969,85877,2026-04-15 17:30:00+00:00
441.9601135253906,444.8900146484375,441.9601135253906,444.8500061035156,136331,2026-04-15 18:30:00+00:00
444.760009765625,444.9800109863281,441.45001220703125,441.6400146484375,222558,2026-04-15 19:30:00+00:00
442.3500061035156,445.3399963378906,438.625,440.57501220703125,114792,2026-04-16 13:30:00+00:00
440.57501220703125,441.739990234375,439.1700134277344,441.5799865722656,109346,2026-04-16 14:30:00+00:00
441.739990234375,441.8399963378906,440.739990234375,441.3900146484375,64613,2026-04-16 15:30:00+00:00
441.6000061035156,442.45989990234375,437.19000244140625,437.4075012207031,107019,2026-04-16 16:30:00+00:00
437.20001220703125,437.5,432.6300048828125,433.4700012207031,148957,2026-04-16 17:30:00+00:00
433.4700012207031,434.8550109863281,432.1549987792969,434.260009765625,178016,2026-04-16 18:30:00+00:00
433.9200134277344,436.79998779296875,431.1499938964844,435.6400146484375,313856,2026-04-16 19:30:00+00:00
441.54998779296875,443.90399169921875,438.20001220703125,440.3999938964844,203521,2026-04-17 13:30:00+00:00
440.2099914550781,441.0179138183594,437.5799865722656,438.1700134277344,96724,2026-04-17 14:30:00+00:00
438.4200134277344,441.11248779296875,437.7200012207031,440.19000244140625,62312,2026-04-17 15:30:00+00:00
440.19000244140625,441.81500244140625,439.79998779296875,440.6700134277344,53042,2026-04-17 16:30:00+00:00
440.5249938964844,441.44000244140625,440.3949890136719,440.9700012207031,64437,2026-04-17 17:30:00+00:00
441.2699890136719,441.7950134277344,440.07000732421875,440.489990234375,71942,2026-04-17 18:30:00+00:00
440.55999755859375,442.44000244140625,440.4549865722656,441.239990234375,110892,2026-04-17 19:30:00+00:00
441.1099853515625,442.0,437.6700134277344,441.5899963378906,84465,2026-04-20 13:30:00+00:00
441.3599853515625,442.14990234375,440.0799865722656,440.7099914550781,55853,2026-04-20 14:30:00+00:00
440.1700134277344,440.7261047363281,438.3900146484375,438.8349914550781,59670,2026-04-20 15:30:00+00:00
438.760009765625,439.3599853515625,438.5199890136719,439.2799987792969,37643,2026-04-20 16:30:00+00:00
439.25,440.0400085449219,438.75,439.4100036621094,45761,2026-04-20 17:30:00+00:00
439.44500732421875,440.1499938964844,438.81500244140625,439.5299987792969,75723,2026-04-20 18:30:00+00:00
439.4200134277344,439.8299865722656,438.4129943847656,439.25,107829,2026-04-20 19:30:00+00:00
437.1199951171875,437.1600036621094,429.6546936035156,436.6400146484375,146406,2026-04-21 13:30:00+00:00
436.67999267578125,438.6000061035156,435.0199890136719,437.1300048828125,76050,2026-04-21 14:30:00+00:00
437.1650085449219,438.80999755859375,437.0105895996094,437.6809997558594,90861,2026-04-21 15:30:00+00:00
438.19000244140625,438.7900085449219,437.42999267578125,438.6700134277344,68925,2026-04-21 16:30:00+00:00
438.7699890136719,440.32000732421875,437.5249938964844,437.9674987792969,73049,2026-04-21 17:30:00+00:00
438.0299987792969,438.989990234375,437.20001220703125,438.80999755859375,83260,2026-04-21 18:30:00+00:00
438.6650085449219,439.5199890136719,436.3110046386719,436.6300048828125,201995,2026-04-21 19:30:00+00:00
437.3800048828125,440.6199951171875,435.45001220703125,440.5050048828125,85522,2026-04-22 13:30:00+00:00
440.5050048828125,441.0,436.92999267578125,437.57989501953125,72137,2026-04-22 14:30:00+00:00
437.5350036621094,438.9200134277344,435.8800964355469,437.70001220703125,36860,2026-04-22 15:30:00+00:00
437.6650085449219,438.2049865722656,436.5799865722656,437.0849914550781,37454,2026-04-22 16:30:00+00:00
437.2200012207031,437.2898864746094,436.2900085449219,436.8900146484375,33349,2026-04-22 17:30:00+00:00
437.0199890136719,437.9700012207031,436.1300048828125,437.44000244140625,46423,2026-04-22 18:30:00+00:00
437.3299865722656,438.32000732421875,436.6213073730469,437.6600036621094,124981,2026-04-22 19:30:00+00:00
440.7099914550781,442.0350036621094,436.8500061035156,437.1099853515625,88004,2026-04-23 13:30:00+00:00
437.1099853515625,439.0,436.8800048828125,439.0,70458,2026-04-23 14:30:00+00:00
438.9700012207031,440.0400085449219,437.7970886230469,438.8399963378906,61312,2026-04-23 15:30:00+00:00
439.1499938964844,440.3800048828125,436.2300109863281,436.4849853515625,65511,2026-04-23 16:30:00+00:00
436.4849853515625,437.5899963378906,435.6400146484375,436.5199890136719,79067,2026-04-23 17:30:00+00:00
436.5299987792969,436.7850036621094,433.80999755859375,435.1050109863281,83200,2026-04-23 18:30:00+00:00
435.0,435.69000244140625,434.25,435.17999267578125,111362,2026-04-23 19:30:00+00:00
431.92999267578125,433.67498779296875,427.3800048828125,430.2699890136719,123964,2026-04-24 13:30:00+00:00
430.2300109863281,431.80999755859375,427.95001220703125,430.05999755859375,118204,2026-04-24 14:30:00+00:00
430.06500244140625,431.8299865722656,429.8599853515625,430.7699890136719,66631,2026-04-24 15:30:00+00:00
430.8599853515625,432.4200134277344,429.6099853515625,432.1300048828125,106444,2026-04-24 16:30:00+00:00
432.3800048828125,432.8500061035156,431.3900146484375,431.79998779296875,96879,2026-04-24 17:30:00+00:00
431.79998779296875,432.30999755859375,430.1499938964844,430.9200134277344,107665,2026-04-24 18:30:00+00:00
430.7200012207031,432.6600036621094,429.82501220703125,430.4599914550781,231349,2026-04-24 19:30:00+00:00
428.2250061035156,434.07000732421875,427.0,431.6400146484375,109106,2026-04-27 13:30:00+00:00
431.6199951171875,433.4200134277344,430.8399963378906,430.8399963378906,77247,2026-04-27 14:30:00+00:00
430.8599853515625,431.1000061035156,429.54998779296875,430.0,59501,2026-04-27 15:30:00+00:00
430.1400146484375,430.3299865722656,428.5000915527344,428.69000244140625,61537,2026-04-27 16:30:00+00:00
428.75,429.0199890136719,427.5199890136719,428.20001220703125,68559,2026-04-27 17:30:00+00:00
428.20001220703125,429.3900146484375,427.7445983886719,427.7445983886719,110551,2026-04-27 18:30:00+00:00
427.69000244140625,428.42999267578125,425.864990234375,426.010009765625,224913,2026-04-27 19:30:00+00:00
431.25,431.25,426.67999267578125,428.239990234375,106780,2026-04-28 13:30:00+00:00
428.2749938964844,431.7699890136719,428.2699890136719,431.0299987792969,78569,2026-04-28 14:30:00+00:00
431.0400085449219,431.75,429.30999755859375,429.56500244140625,73063,2026-04-28 15:30:00+00:00
429.8299865722656,429.9798889160156,428.2699890136719,428.6199951171875,51798,2026-04-28 16:30:00+00:00
428.7550048828125,429.8800048828125,427.92999267578125,428.66241455078125,45082,2026-04-28 17:30:00+00:00
428.5199890136719,429.9599914550781,427.95001220703125,429.82000732421875,96513,2026-04-28 18:30:00+00:00
429.8699951171875,430.9800109863281,429.40008544921875,430.1300048828125,145406,2026-04-28 19:30:00+00:00
424.44000244140625,426.7200012207031,420.8550109863281,421.17999267578125,170514,2026-04-29 13:30:00+00:00
421.0,425.375,419.7127990722656,425.2200012207031,139299,2026-04-29 14:30:00+00:00
425.2200012207031,425.75,424.20001220703125,425.6300048828125,79363,2026-04-29 15:30:00+00:00
425.54998779296875,425.95001220703125,422.3399963378906,422.75,72141,2026-04-29 16:30:00+00:00
422.7699890136719,424.06500244140625,422.07000732421875,423.79998779296875,63177,2026-04-29 17:30:00+00:00
423.8450012207031,425.260009765625,423.35009765625,423.9700012207031,91819,2026-04-29 18:30:00+00:00
424.1000061035156,424.1549072265625,423.0899963378906,423.44000244140625,158296,2026-04-29 19:30:00+00:00
424.2650146484375,429.5199890136719,423.8800048828125,427.7950134277344,117377,2026-04-30 13:30:00+00:00
428.0050048828125,430.94989013671875,427.5,428.614990234375,102929,2026-04-30 14:30:00+00:00
428.3999938964844,430.79998779296875,428.07550048828125,430.57000732421875,80454,2026-04-30 15:30:00+00:00
430.7799987792969,430.7900085449219,429.4599914550781,430.3599853515625,52818,2026-04-30 16:30:00+00:00
430.32501220703125,430.6300048828125,428.80999755859375,429.0799865722656,136117,2026-04-30 17:30:00+00:00
429.1199951171875,429.8299865722656,427.7300109863281,427.80999755859375,104939,2026-04-30 18:30:00+00:00
427.55999755859375,429.2699890136719,427.260009765625,427.2900085449219,135813,2026-04-30 19:30:00+00:00
425.0199890136719,426.4800109863281,421.5350036621094,425.239990234375,122481,2026-05-01 13:30:00+00:00
425.4100036621094,427.3800048828125,423.6000061035156,424.5899963378906,110767,2026-05-01 14:30:00+00:00
424.7099914550781,425.8399963378906,424.0199890136719,424.7200012207031,44592,2026-05-01 15:30:00+00:00
424.760009765625,425.260009765625,423.92999267578125,424.9200134277344,49540,2026-05-01 16:30:00+00:00
424.7650146484375,425.1549987792969,423.5,424.2300109863281,63694,2026-05-01 17:30:00+00:00
424.2300109863281,425.3699951171875,423.739990234375,424.9100036621094,71364,2026-05-01 18:30:00+00:00
424.8699951171875,426.0,423.7049865722656,423.9989929199219,151097,2026-05-01 19:30:00+00:00
423.7300109863281,428.4800109863281,422.1099853515625,428.3399963378906,155147,2026-05-04 13:30:00+00:00
428.4800109863281,428.7149963378906,425.74920654296875,426.0050048828125,104914,2026-05-04 14:30:00+00:00
426.17999267578125,427.760009765625,425.010009765625,425.5950012207031,153632,2026-05-04 15:30:00+00:00
425.44000244140625,425.95001220703125,423.08990478515625,424.45001220703125,169672,2026-05-04 16:30:00+00:00
424.45001220703125,426.6400146484375,424.3500061035156,424.8900146484375,101306,2026-05-04 17:30:00+00:00
424.9949951171875,428.239990234375,424.9849853515625,428.05999755859375,160362,2026-05-04 18:30:00+00:00
427.80499267578125,430.1300048828125,427.2099914550781,429.95001220703125,307126,2026-05-04 19:30:00+00:00
433.9200134277344,433.94000244140625,412.2699890136719,422.989990234375,535755,2026-05-05 13:30:00+00:00
422.6449890136719,425.4599914550781,420.3599853515625,421.05999755859375,253419,2026-05-05 14:30:00+00:00
421.04998779296875,422.0199890136719,417.3399963378906,418.7900085449219,168673,2026-05-05 15:30:00+00:00
418.6099853515625,419.63751220703125,417.0299987792969,418.3900146484375,153339,2026-05-05 16:30:00+00:00
418.75,422.7250061035156,418.385009765625,421.9599914550781,108390,2026-05-05 17:30:00+00:00
422.0849914550781,425.2300109863281,422.0849914550781,424.05999755859375,152269,2026-05-05 18:30:00+00:00
424.04998779296875,426.2300109863281,423.56640625,424.2099914550781,213200,2026-05-05 19:30:00+00:00
423.0899963378906,430.7950134277344,422.9100036621094,428.69000244140625,239984,2026-05-06 13:30:00+00:00
429.2699890136719,429.92999267578125,423.8399963378906,423.8399963378906,115297,2026-05-06 14:30:00+00:00
423.8299865722656,426.239990234375,423.55999755859375,425.0,88561,2026-05-06 15:30:00+00:00
424.92999267578125,426.2699890136719,424.8299865722656,426.05999755859375,49513,2026-05-06 16:30:00+00:00
426.0799865722656,427.4100036621094,425.72100830078125,427.17010498046875,57360,2026-05-06 17:30:00+00:00
427.30999755859375,428.54998779296875,426.2099914550781,427.4200134277344,107667,2026-05-06 18:30:00+00:00
427.3299865722656,428.4200134277344,427.1000061035156,427.54998779296875,191285,2026-05-06 19:30:00+00:00
425.1300048828125,429.1000061035156,423.5899963378906,426.6300048828125,133382,2026-05-07 13:30:00+00:00
426.8399963378906,429.510009765625,426.7300109863281,427.0199890136719,71217,2026-05-07 14:30:00+00:00
426.989990234375,428.2200012207031,425.6000061035156,426.739990234375,69692,2026-05-07 15:30:00+00:00
427.0498962402344,427.739990234375,426.2300109863281,426.2300109863281,106345,2026-05-07 16:30:00+00:00
426.1600036621094,427.7799987792969,425.0700988769531,427.6000061035156,67363,2026-05-07 17:30:00+00:00
427.3699951171875,427.6099853515625,425.94000244140625,426.3236083984375,70845,2026-05-07 18:30:00+00:00
426.2300109863281,426.375,424.2300109863281,425.0,185038,2026-05-07 19:30:00+00:00
422.3699951171875,431.94000244140625,421.1700134277344,430.19500732421875,158466,2026-05-08 13:30:00+00:00
430.2799987792969,431.6700134277344,427.54998779296875,428.0400085449219,51339,2026-05-08 14:30:00+00:00
428.1400146484375,428.9700012207031,426.70001220703125,428.2099914550781,60080,2026-05-08 15:30:00+00:00
428.6300048828125,429.375,426.8299865722656,428.2300109863281,52496,2026-05-08 16:30:00+00:00
428.20001220703125,429.389892578125,427.010009765625,427.3399963378906,50910,2026-05-08 17:30:00+00:00
427.489990234375,427.8599853515625,424.9800109863281,425.989990234375,71090,2026-05-08 18:30:00+00:00
426.375,430.2550048828125,426.2799987792969,429.7799987792969,248611,2026-05-08 19:30:00+00:00
429.989990234375,441.5199890136719,428.5,440.4049987792969,195289,2026-05-11 13:30:00+00:00
440.510009765625,442.1549987792969,438.0450134277344,439.489990234375,156796,2026-05-11 14:30:00+00:00
439.70001220703125,439.92999267578125,436.42498779296875,437.7403869628906,92053,2026-05-11 15:30:00+00:00
437.94000244140625,439.1099853515625,435.875,437.5899963378906,104182,2026-05-11 16:30:00+00:00
437.8299865722656,438.92999267578125,434.6400146484375,435.0299987792969,94908,2026-05-11 17:30:00+00:00
435.1099853515625,435.5,433.05999755859375,435.2449951171875,100211,2026-05-11 18:30:00+00:00
435.2449951171875,436.2698974609375,434.92999267578125,435.25,138739,2026-05-11 19:30:00+00:00
439.2300109863281,447.9100036621094,436.5,447.6099853515625,157897,2026-05-12 13:30:00+00:00
447.9100036621094,452.739990234375,446.7799987792969,452.1000061035156,291486,2026-05-12 14:30:00+00:00
452.1300048828125,452.3949890136719,448.6199951171875,451.7461853027344,123063,2026-05-12 15:30:00+00:00
451.92498779296875,454.2300109863281,451.29998779296875,453.5450134277344,113989,2026-05-12 16:30:00+00:00
453.5799865722656,453.5799865722656,449.2099914550781,449.7650146484375,116104,2026-05-12 17:30:00+00:00
449.6499938964844,450.0,446.8299865722656,448.07000732421875,139111,2026-05-12 18:30:00+00:00
447.989990234375,449.2099914550781,447.2300109863281,448.45001220703125,186546,2026-05-12 19:30:00+00:00
444.260009765625,454.7900085449219,444.260009765625,449.2300109863281,159351,2026-05-13 13:30:00+00:00
449.19000244140625,452.9494934082031,448.8699951171875,451.44000244140625,231662,2026-05-13 14:30:00+00:00
451.45001220703125,451.8699951171875,449.3500061035156,449.6099853515625,79954,2026-05-13 15:30:00+00:00
449.57000732421875,450.125,448.55999755859375,449.56109619140625,52350,2026-05-13 16:30:00+00:00
449.6300048828125,452.8800048828125,449.04998779296875,452.8800048828125,73492,2026-05-13 17:30:00+00:00
452.8800048828125,455.32000732421875,452.2701110839844,454.3800048828125,117021,2026-05-13 18:30:00+00:00
454.3800048828125,455.2200012207031,452.70001220703125,453.0799865722656,163515,2026-05-13 19:30:00+00:00
453.6400146484375,454.67999267578125,447.45001220703125,454.67999267578125,168431,2026-05-14 13:30:00+00:00
454.8399963378906,456.67999267578125,453.6199951171875,454.1000061035156,103279,2026-05-14 14:30:00+00:00
454.1199951171875,455.1600036621094,452.25,452.5,64710,2026-05-14 15:30:00+00:00
452.3699951171875,452.6400146484375,450.0199890136719,450.3900146484375,73380,2026-05-14 16:30:00+00:00
450.6000061035156,451.88079833984375,448.6000061035156,448.8399963378906,71030,2026-05-14 17:30:00+00:00
448.7699890136719,451.510009765625,448.7699890136719,450.79998779296875,112768,2026-05-14 18:30:00+00:00
450.82000732421875,451.8599853515625,450.1925048828125,450.4100036621094,153021,2026-05-14 19:30:00+00:00
452.42999267578125,453.45001220703125,444.69500732421875,445.989990234375,174911,2026-05-15 13:30:00+00:00
445.989990234375,446.239990234375,440.94500732421875,441.3399963378906,100651,2026-05-15 14:30:00+00:00
441.6050109863281,441.8500061035156,439.9100036621094,441.45001220703125,60882,2026-05-15 15:30:00+00:00
441.44500732421875,441.8399963378906,436.9901123046875,438.70001220703125,117650,2026-05-15 16:30:00+00:00
438.6499938964844,439.05999755859375,437.1600036621094,438.8999938964844,78348,2026-05-15 17:30:00+00:00
438.7799987792969,438.7799987792969,436.1099853515625,436.7099914550781,129938,2026-05-15 18:30:00+00:00
436.7149963378906,437.95001220703125,435.8800048828125,436.75,165040,2026-05-15 19:30:00+00:00
435.2049865722656,437.989990234375,432.29998779296875,434.5299987792969,227653,2026-05-18 13:30:00+00:00
434.5600891113281,435.92999267578125,430.8900146484375,431.6400146484375,121151,2026-05-18 14:30:00+00:00
431.635009765625,436.3485107421875,430.25,435.0299987792969,153575,2026-05-18 15:30:00+00:00
435.0450134277344,439.9999084472656,434.2200012207031,439.1700134277344,147420,2026-05-18 16:30:00+00:00
439.260009765625,440.0400085449219,438.1199951171875,438.7200012207031,75885,2026-05-18 17:30:00+00:00
438.7200012207031,438.7300109863281,434.7099914550781,436.6400146484375,143551,2026-05-18 18:30:00+00:00
436.69000244140625,437.0400085449219,435.6000061035156,436.739990234375,211118,2026-05-18 19:30:00+00:00
435.5447998046875,440.8399963378906,433.1499938964844,440.1099853515625,146133,2026-05-19 13:30:00+00:00
440.1099853515625,444.32000732421875,439.05999755859375,442.4200134277344,141219,2026-05-19 14:30:00+00:00
442.5799865722656,442.70001220703125,440.1700134277344,440.94000244140625,85125,2026-05-19 15:30:00+00:00
441.239990234375,442.8399963378906,439.02099609375,439.0299987792969,80347,2026-05-19 16:30:00+00:00
439.1700134277344,440.3800048828125,438.0,438.3800048828125,91640,2026-05-19 17:30:00+00:00
438.1600036621094,438.70001220703125,434.9200134277344,435.8599853515625,124660,2026-05-19 18:30:00+00:00
435.864990234375,436.0,433.6000061035156,434.4800109863281,242278,2026-05-19 19:30:00+00:00
434.30999755859375,439.3900146484375,431.17999267578125,432.7900085449219,268685,2026-05-20 13:30:00+00:00
432.8399963378906,434.3800048828125,430.0199890136719,430.0400085449219,186141,2026-05-20 14:30:00+00:00
430.04998779296875,431.0899963378906,428.0199890136719,428.6199951171875,237906,2026-05-20 15:30:00+00:00
428.3900146484375,430.0899963378906,427.6401062011719,429.3550109863281,175434,2026-05-20 16:30:00+00:00
429.3550109863281,430.1700134277344,428.1400146484375,428.2900085449219,137637,2026-05-20 17:30:00+00:00
428.2900085449219,429.7349853515625,427.94000244140625,429.6300048828125,129584,2026-05-20 18:30:00+00:00
429.614990234375,431.4150085449219,429.2099914550781,430.0,292252,2026-05-20 19:30:00+00:00
429.3599853515625,430.42999267578125,426.010009765625,428.57000732421875,179677,2026-05-21 13:30:00+00:00
428.57000732421875,430.6600036621094,428.3599853515625,430.135009765625,163045,2026-05-21 14:30:00+00:00
430.3830871582031,430.57000732421875,427.75,428.5249938964844,64814,2026-05-21 15:30:00+00:00
428.489990234375,432.6700134277344,428.19000244140625,431.6400146484375,104908,2026-05-21 16:30:00+00:00
431.6499938964844,432.9200134277344,430.3500061035156,431.3999938964844,191327,2026-05-21 17:30:00+00:00
431.3999938964844,433.72088623046875,431.25,433.19000244140625,184282,2026-05-21 18:30:00+00:00
433.1122131347656,434.760009765625,432.0050048828125,433.5400085449219,166478,2026-05-21 19:30:00+00:00
437.8450012207031,438.8399963378906,434.8800048828125,437.1400146484375,176926,2026-05-22 13:30:00+00:00
436.2099914550781,436.8500061035156,434.80999755859375,436.614990234375,121690,2026-05-22 14:30:00+00:00
436.3900146484375,437.6499938964844,433.3900146484375,433.7300109863281,77998,2026-05-22 15:30:00+00:00
433.8599853515625,435.125,433.6099853515625,435.125,128957,2026-05-22 16:30:00+00:00
435.12750244140625,436.2650146484375,434.82000732421875,435.9049987792969,367848,2026-05-22 17:30:00+00:00
436.0224914550781,436.2699890136719,433.9700012207031,434.2099914550781,228987,2026-05-22 18:30:00+00:00
434.2099914550781,434.67999267578125,432.9700012207031,434.5299987792969,389999,2026-05-22 19:30:00+00:00
437.989990234375,441.80499267578125,433.92999267578125,435.3550109863281,118788,2026-05-26 13:30:00+00:00
435.3550109863281,437.9800109863281,434.45001220703125,436.239990234375,86157,2026-05-26 14:30:00+00:00
436.2244873046875,437.7799987792969,435.80999755859375,437.7001953125,48591,2026-05-26 15:30:00+00:00
437.56500244140625,438.57000732421875,436.69000244140625,436.9599914550781,55796,2026-05-26 16:30:00+00:00
437.0400085449219,437.4299011230469,436.2799987792969,436.55999755859375,47601,2026-05-26 17:30:00+00:00
436.57000732421875,437.67999267578125,435.92999267578125,437.3699951171875,70557,2026-05-26 18:30:00+00:00
437.19000244140625,437.7200012207031,435.0,435.92999267578125,144010,2026-05-26 19:30:00+00:00
438.760009765625,445.3500061035156,435.39349365234375,443.2900085449219,219668,2026-05-27 13:30:00+00:00
443.2900085449219,443.2900085449219,438.1099853515625,441.17999267578125,160607,2026-05-27 14:30:00+00:00
441.364990234375,443.5799865722656,440.4849853515625,440.9150085449219,100331,2026-05-27 15:30:00+00:00
440.739990234375,440.9049987792969,439.2699890136719,439.7550048828125,76452,2026-05-27 16:30:00+00:00
439.7449951171875,442.7049865722656,439.5899963378906,441.5617980957031,59718,2026-05-27 17:30:00+00:00
441.760009765625,441.9100036621094,439.1199951171875,439.2200012207031,120791,2026-05-27 18:30:00+00:00
439.2799987792969,439.5799865722656,437.17999267578125,437.2699890136719,156052,2026-05-27 19:30:00+00:00
434.0799865722656,443.94000244140625,434.0799865722656,443.1549987792969,147025,2026-05-28 13:30:00+00:00
443.135009765625,446.7550048828125,442.110107421875,442.7799987792969,106595,2026-05-28 14:30:00+00:00
443.0199890136719,445.29998779296875,442.7554931640625,445.0199890136719,79841,2026-05-28 15:30:00+00:00
445.0199890136719,445.9100036621094,444.25,445.6600036621094,81002,2026-05-28 16:30:00+00:00
445.7799987792969,447.4200134277344,445.3900146484375,447.4049987792969,79844,2026-05-28 17:30:00+00:00
447.4049987792969,448.9100036621094,446.67010498046875,448.8999938964844,135060,2026-05-28 18:30:00+00:00
448.8999938964844,449.2900085449219,447.7699890136719,447.95001220703125,195828,2026-05-28 19:30:00+00:00
448.0,450.0,442.25,448.6600036621094,169856,2026-05-29 13:30:00+00:00
448.32501220703125,449.07989501953125,446.79998779296875,448.010009765625,114267,2026-05-29 14:30:00+00:00
447.8500061035156,448.760009765625,447.2550048828125,448.0199890136719,69552,2026-05-29 15:30:00+00:00
447.9700012207031,449.2900085449219,447.1050109863281,447.2300109863281,78615,2026-05-29 16:30:00+00:00
447.20001220703125,448.3299865722656,447.0799865722656,447.1099853515625,46535,2026-05-29 17:30:00+00:00
447.2699890136719,447.3399963378906,445.25,446.6449890136719,73944,2026-05-29 18:30:00+00:00
446.5299987792969,448.489990234375,446.2799987792969,447.4849853515625,235830,2026-05-29 19:30:00+00:00
440.4949951171875,443.5400085449219,437.5450134277344,438.8550109863281,158752,2026-06-01 13:30:00+00:00
438.8550109863281,439.17999267578125,433.3349914550781,433.6449890136719,121412,2026-06-01 14:30:00+00:00
433.6050109863281,436.375,433.2601013183594,434.5,86379,2026-06-01 15:30:00+00:00
434.7900085449219,437.4949951171875,434.5899963378906,436.1549987792969,84921,2026-06-01 16:30:00+00:00
435.8100891113281,438.18499755859375,435.6700134277344,437.32000732421875,70332,2026-06-01 17:30:00+00:00
437.55999755859375,437.81500244140625,436.0400085449219,437.07501220703125,89107,2026-06-01 18:30:00+00:00
437.07501220703125,439.04998779296875,437.06500244140625,438.5199890136719,155738,2026-06-01 19:30:00+00:00
431.6499938964844,434.0,425.7900085449219,428.70001220703125,141795,2026-06-02 13:30:00+00:00
428.885009765625,429.8599853515625,426.55999755859375,427.30999755859375,121155,2026-06-02 14:30:00+00:00
426.9700012207031,427.54998779296875,425.5299987792969,426.1400146484375,57147,2026-06-02 15:30:00+00:00
426.0799865722656,427.04998779296875,425.260009765625,426.8800048828125,63040,2026-06-02 16:30:00+00:00
426.6000061035156,426.8599853515625,424.9849853515625,426.3800048828125,104064,2026-06-02 17:30:00+00:00
426.3800048828125,428.6300048828125,426.3800048828125,427.4700012207031,105986,2026-06-02 18:30:00+00:00
427.3999938964844,427.6300048828125,425.0,425.0299987792969,215976,2026-06-02 19:30:00+00:00
420.0115051269531,426.6600036621094,420.010009765625,422.64898681640625,227223,2026-06-03 13:30:00+00:00
422.79998779296875,426.54998779296875,422.0400085449219,425.07000732421875,125781,2026-06-03 14:30:00+00:00
425.1199951171875,427.2799987792969,424.2099914550781,425.79998779296875,89808,2026-06-03 15:30:00+00:00
425.9150085449219,427.2698974609375,425.8699951171875,426.1199951171875,185357,2026-06-03 16:30:00+00:00
426.0400085449219,427.989990234375,426.0400085449219,427.50189208984375,73622,2026-06-03 17:30:00+00:00
427.3999938964844,428.7099914550781,427.25,427.7900085449219,96550,2026-06-03 18:30:00+00:00
427.8800048828125,429.010009765625,427.3599853515625,428.3900146484375,223242,2026-06-03 19:30:00+00:00
434.95001220703125,446.5,433.9200134277344,442.56500244140625,268704,2026-06-04 13:30:00+00:00
442.5950012207031,443.489990234375,441.4800109863281,442.83349609375,88204,2026-06-04 14:30:00+00:00
443.2699890136719,444.0,441.6000061035156,442.6300048828125,72448,2026-06-04 15:30:00+00:00
442.6400146484375,443.17999267578125,440.3800048828125,440.80499267578125,70317,2026-06-04 16:30:00+00:00
440.9100036621094,445.29998779296875,439.82000732421875,444.95001220703125,129135,2026-06-04 17:30:00+00:00
444.95001220703125,448.1549987792969,444.82000732421875,445.8800048828125,136636,2026-06-04 18:30:00+00:00
445.8299865722656,445.989990234375,428.3399963378906,441.79998779296875,294811,2026-06-04 19:30:00+00:00
446.0299987792969,449.3999938964844,443.8599853515625,447.2900085449219,176105,2026-06-05 13:30:00+00:00
447.2200012207031,449.739990234375,446.04998779296875,449.20001220703125,117366,2026-06-05 14:30:00+00:00
449.2950134277344,450.79998779296875,447.30999755859375,450.6099853515625,176077,2026-06-05 15:30:00+00:00
451.0,453.1000061035156,450.4100036621094,452.0,187243,2026-06-05 16:30:00+00:00
452.239990234375,453.1600036621094,451.6600036621094,452.3500061035156,130883,2026-06-05 17:30:00+00:00
452.32501220703125,453.1400146484375,445.70001220703125,445.7650146484375,198498,2026-06-05 18:30:00+00:00
445.8800048828125,447.2699890136719,444.19000244140625,446.8299865722656,186329,2026-06-05 19:30:00+00:00
443.1700134277344,447.6700134277344,441.7200012207031,444.69000244140625,169867,2026-06-08 13:30:00+00:00
445.17999267578125,448.6899108886719,444.6199951171875,446.989990234375,89505,2026-06-08 14:30:00+00:00
446.75,446.8337097167969,443.7799987792969,443.7799987792969,57134,2026-06-08 15:30:00+00:00
444.0450134277344,444.4800109863281,442.360107421875,443.75,83767,2026-06-08 16:30:00+00:00
443.81988525390625,443.82000732421875,442.41009521484375,443.4049987792969,78036,2026-06-08 17:30:00+00:00
443.4049987792969,444.25,442.4700012207031,443.44500732421875,72978,2026-06-08 18:30:00+00:00
443.6600036621094,444.0400085449219,441.92999267578125,442.8999938964844,150403,2026-06-08 19:30:00+00:00
447.0199890136719,449.5,441.2001037597656,443.54998779296875,72660,2026-06-09 13:30:00+00:00
443.6700134277344,445.8900146484375,441.7099914550781,444.17999267578125,59479,2026-06-09 14:30:00+00:00
443.9150085449219,445.760009765625,442.3299865722656,444.70001220703125,79723,2026-06-09 15:30:00+00:00
444.6700134277344,445.7900085449219,442.45001220703125,444.69500732421875,100322,2026-06-09 16:30:00+00:00
444.79998779296875,448.54998779296875,444.79998779296875,448.42999267578125,75013,2026-06-09 17:30:00+00:00
448.4800109863281,448.9800109863281,446.2049865722656,446.3002014160156,69386,2026-06-09 18:30:00+00:00
446.1600036621094,447.30999755859375,445.5299987792969,445.6700134277344,145860,2026-06-09 19:30:00+00:00
447.2699890136719,447.5,441.2107849121094,444.5,120948,2026-06-10 13:30:00+00:00
444.7200012207031,444.8800048828125,439.6650085449219,440.5249938964844,88521,2026-06-10 14:30:00+00:00
440.71600341796875,440.8974914550781,438.20001220703125,438.6658020019531,68326,2026-06-10 15:30:00+00:00
438.8599853515625,439.0799865722656,436.82000732421875,437.05999755859375,56030,2026-06-10 16:30:00+00:00
436.9599914550781,437.42999267578125,435.7099914550781,436.0400085449219,66448,2026-06-10 17:30:00+00:00
435.9200134277344,436.6300048828125,434.69000244140625,435.8399963378906,123305,2026-06-10 18:30:00+00:00
435.989990234375,436.6199951171875,433.79998779296875,435.5799865722656,141662,2026-06-10 19:30:00+00:00
437.510009765625,440.17999267578125,435.2099914550781,437.94000244140625,157651,2026-06-11 13:30:00+00:00
437.885009765625,440.19000244140625,436.3299865722656,439.5400085449219,67942,2026-06-11 14:30:00+00:00
439.3800048828125,440.875,438.20001220703125,439.4100036621094,56200,2026-06-11 15:30:00+00:00
439.4100036621094,441.4800109863281,438.25,441.4800109863281,79326,2026-06-11 16:30:00+00:00
441.4800109863281,445.18499755859375,441.3299865722656,443.635009765625,104420,2026-06-11 17:30:00+00:00
443.5199890136719,445.1099853515625,443.2300109863281,444.7500915527344,116728,2026-06-11 18:30:00+00:00
445.0,445.7799072265625,442.70001220703125,445.0,296415,2026-06-11 19:30:00+00:00
440.0199890136719,447.70001220703125,440.0199890136719,444.6600036621094,140017,2026-06-12 13:30:00+00:00
444.989990234375,446.8399963378906,443.2149963378906,443.95001220703125,134411,2026-06-12 14:30:00+00:00
444.25,444.29998779296875,442.2200012207031,443.30999755859375,64088,2026-06-12 15:30:00+00:00
443.17999267578125,446.07000732421875,442.7200012207031,445.239990234375,56969,2026-06-12 16:30:00+00:00
444.95001220703125,445.4967041015625,443.29998779296875,445.2650146484375,63696,2026-06-12 17:30:00+00:00
445.42999267578125,445.79998779296875,444.7373962402344,445.4599914550781,95980,2026-06-12 18:30:00+00:00
445.3999938964844,446.32220458984375,444.4849853515625,444.9649963378906,153054,2026-06-12 19:30:00+00:00
444.92999267578125,448.4800109863281,439.55999755859375,448.18499755859375,155563,2026-06-15 13:30:00+00:00
448.4100036621094,451.4800109863281,448.1700134277344,450.79998779296875,116480,2026-06-15 14:30:00+00:00
450.8699951171875,450.8900146484375,448.5199890136719,450.510009765625,109922,2026-06-15 15:30:00+00:00
450.375,453.42999267578125,450.1000061035156,453.1700134277344,118035,2026-06-15 16:30:00+00:00
453.2300109863281,453.5299987792969,451.92999267578125,453.1199951171875,138873,2026-06-15 17:30:00+00:00
453.2300109863281,453.67999267578125,451.67498779296875,451.8500061035156,110386,2026-06-15 18:30:00+00:00
451.8999938964844,452.2749938964844,449.8399963378906,450.4700012207031,190932,2026-06-15 19:30:00+00:00
451.2550048828125,453.6000061035156,444.2149963378906,452.0899963378906,134735,2026-06-16 13:30:00+00:00
452.2300109863281,453.4150085449219,446.7099914550781,449.5,115974,2026-06-16 14:30:00+00:00
449.5,450.7699890136719,448.760009765625,450.6099853515625,124704,2026-06-16 15:30:00+00:00
450.8699951171875,452.5950012207031,450.5400085449219,452.30499267578125,66712,2026-06-16 16:30:00+00:00
452.239990234375,453.45001220703125,451.8901062011719,453.1050109863281,101690,2026-06-16 17:30:00+00:00
452.8399963378906,452.8800048828125,451.07000732421875,452.0299987792969,101066,2026-06-16 18:30:00+00:00
451.9700012207031,454.5199890136719,451.0849914550781,453.2300109863281,242598,2026-06-16 19:30:00+00:00
449.6700134277344,459.9299011230469,447.5400085449219,458.7300109863281,134442,2026-06-17 13:30:00+00:00
458.82000732421875,461.7590026855469,456.9200134277344,461.6600036621094,139666,2026-06-17 14:30:00+00:00
461.489990234375,463.9100036621094,460.0299987792969,463.70001220703125,129642,2026-06-17 15:30:00+00:00
463.7200012207031,464.30999755859375,461.6099853515625,461.75,106123,2026-06-17 16:30:00+00:00
461.5299987792969,461.6400146484375,456.6824951171875,458.8949890136719,91639,2026-06-17 17:30:00+00:00
458.8900146484375,459.8299865722656,453.5400085449219,453.6700134277344,105906,2026-06-17 18:30:00+00:00
453.5199890136719,459.29998779296875,453.17999267578125,459.0400085449219,254135,2026-06-17 19:30:00+00:00
462.489990234375,464.9800109863281,453.1000061035156,453.4949951171875,438702,2026-06-18 13:30:00+00:00
453.1099853515625,453.5400085449219,450.44000244140625,452.29998779296875,120355,2026-06-18 14:30:00+00:00
452.5150146484375,454.1387023925781,450.82000732421875,452.2650146484375,121722,2026-06-18 15:30:00+00:00
452.2300109863281,453.25,451.5199890136719,452.385009765625,132237,2026-06-18 16:30:00+00:00
452.5,454.94000244140625,452.0450134277344,454.2650146484375,236434,2026-06-18 17:30:00+00:00
454.1600036621094,454.5299987792969,451.489990234375,451.8699951171875,236257,2026-06-18 18:30:00+00:00
451.6600036621094,453.20001220703125,450.3999938964844,451.5299987792969,345555,2026-06-18 19:30:00+00:00
455.6499938964844,464.8699951171875,455.6499938964844,458.5,176188,2026-06-22 13:30:00+00:00
458.5,460.20001220703125,455.8699951171875,458.0899963378906,108220,2026-06-22 14:30:00+00:00
458.0899963378906,461.39410400390625,457.1700134277344,460.94000244140625,146295,2026-06-22 15:30:00+00:00
460.9150085449219,464.2349853515625,460.5350036621094,463.1499938964844,126353,2026-06-22 16:30:00+00:00
463.2250061035156,465.8800048828125,463.04998779296875,465.43499755859375,171349,2026-06-22 17:30:00+00:00
465.43499755859375,465.70001220703125,463.4100036621094,463.8299865722656,172610,2026-06-22 18:30:00+00:00
463.7149963378906,467.93499755859375,463.69000244140625,466.8900146484375,294641,2026-06-22 19:30:00+00:00
469.6700134277344,470.760009765625,463.7550048828125,468.9100036621094,130746,2026-06-23 13:30:00+00:00
468.7300109863281,468.989990234375,465.9100036621094,466.5799865722656,64302,2026-06-23 14:30:00+00:00
466.5799865722656,470.1449890136719,466.125,468.3399963378906,90510,2026-06-23 15:30:00+00:00
468.3399963378906,470.82000732421875,468.3399963378906,469.29998779296875,131663,2026-06-23 16:30:00+00:00
469.2900085449219,470.6400146484375,469.2900085449219,469.9150085449219,118634,2026-06-23 17:30:00+00:00
469.8963928222656,470.07000732421875,468.5,468.6400146484375,134220,2026-06-23 18:30:00+00:00
468.70001220703125,469.6600036621094,467.95001220703125,468.2799987792969,199721,2026-06-23 19:30:00+00:00
471.3800048828125,477.51251220703125,469.92498779296875,475.68499755859375,157263,2026-06-24 13:30:00+00:00
475.8999938964844,478.20001220703125,474.5700988769531,476.44500732421875,134548,2026-06-24 14:30:00+00:00
476.6499938964844,478.55999755859375,476.09228515625,478.3399963378906,78861,2026-06-24 15:30:00+00:00
478.2225036621094,480.8550109863281,477.2850036621094,477.2850036621094,102404,2026-06-24 16:30:00+00:00
477.25,478.0,476.5050048828125,477.57501220703125,104040,2026-06-24 17:30:00+00:00
477.6700134277344,480.0799865722656,477.5567932128906,477.7650146484375,120026,2026-06-24 18:30:00+00:00
477.6300048828125,478.2099914550781,474.4750061035156,475.19000244140625,184107,2026-06-24 19:30:00+00:00
475.75,486.3900146484375,473.5000915527344,483.9599914550781,166235,2026-06-25 13:30:00+00:00
483.94000244140625,486.4849853515625,482.8900146484375,484.1600036621094,165792,2026-06-25 14:30:00+00:00
483.9100036621094,484.3399963378906,481.6300048828125,482.5,115297,2026-06-25 15:30:00+00:00
482.5,484.1549987792969,482.2300109863281,483.2699890136719,154566,2026-06-25 16:30:00+00:00
483.489990234375,484.7099914550781,482.20001220703125,484.45001220703125,120461,2026-06-25 17:30:00+00:00
484.3800048828125,484.8599853515625,482.55999755859375,482.760009765625,117016,2026-06-25 18:30:00+00:00
482.625,482.625,479.55999755859375,479.95001220703125,174009,2026-06-25 19:30:00+00:00
482.5,498.6449890136719,482.20001220703125,498.3599853515625,353482,2026-06-26 13:30:00+00:00
498.3399963378906,502.7200012207031,496.70001220703125,502.6600036621094,353291,2026-06-26 14:30:00+00:00
502.6600036621094,503.8900146484375,497.1099853515625,497.2250061035156,312396,2026-06-26 15:30:00+00:00
497.2250061035156,497.70001220703125,492.4549865722656,494.8500061035156,365988,2026-06-26 16:30:00+00:00
494.8500061035156,495.7300109863281,492.0,493.3399963378906,452617,2026-06-26 17:30:00+00:00
493.2900085449219,493.8800048828125,486.82000732421875,487.0899963378906,400880,2026-06-26 18:30:00+00:00
487.0849914550781,498.0,486.7049865722656,490.8399963378906,719366,2026-06-26 19:30:00+00:00
492.0,499.1050109863281,487.6199951171875,497.19500732421875,234743,2026-06-29 13:30:00+00:00
496.739990234375,496.7699890136719,492.17010498046875,493.44000244140625,158077,2026-06-29 14:30:00+00:00
493.44500732421875,494.593994140625,491.6400146484375,492.2550048828125,186974,2026-06-29 15:30:00+00:00
492.2550048828125,494.2200012207031,491.70001220703125,492.93499755859375,172225,2026-06-29 16:30:00+00:00
492.989990234375,495.3299865722656,492.7099914550781,495.277099609375,143040,2026-06-29 17:30:00+00:00
495.17999267578125,497.409912109375,493.9750061035156,497.0899963378906,163389,2026-06-29 18:30:00+00:00
497.17999267578125,499.8599853515625,497.1600036621094,499.6499938964844,362516,2026-06-29 19:30:00+00:00
500.489990234375,500.989990234375,491.1600036621094,491.7699890136719,231553,2026-06-30 13:30:00+00:00
491.30999755859375,498.9700012207031,489.6199951171875,497.6549987792969,166513,2026-06-30 14:30:00+00:00
497.25,498.06500244140625,495.2799987792969,495.7200012207031,76618,2026-06-30 15:30:00+00:00
495.70001220703125,496.6300048828125,495.2200012207031,495.5899963378906,76546,2026-06-30 16:30:00+00:00
495.510009765625,499.80999755859375,494.3450012207031,498.79998779296875,130031,2026-06-30 17:30:00+00:00
498.79998779296875,499.6400146484375,495.6600036621094,495.7200012207031,200893,2026-06-30 18:30:00+00:00
495.7099914550781,497.7250061035156,494.989990234375,496.57000732421875,290915,2026-06-30 19:30:00+00:00
502.7099914550781,502.7099914550781,495.0,498.9049987792969,165567,2026-07-01 13:30:00+00:00
498.9100036621094,501.0,498.07000732421875,499.3399963378906,124091,2026-07-01 14:30:00+00:00
498.9100036621094,501.82000732421875,498.6499938964844,500.82000732421875,120000,2026-07-01 15:30:00+00:00
501.0299987792969,501.67498779296875,499.1499938964844,499.1499938964844,104638,2026-07-01 16:30:00+00:00
499.1650085449219,499.2900085449219,497.0199890136719,497.57000732421875,105437,2026-07-01 17:30:00+00:00
497.55999755859375,498.760009765625,496.760009765625,497.5950012207031,108360,2026-07-01 18:30:00+00:00
497.4599914550781,498.9999084472656,496.92498779296875,498.0,209707,2026-07-01 19:30:00+00:00
503.760009765625,519.2775268554688,501.5299987792969,518.4199829101562,276304,2026-07-02 13:30:00+00:00
518.219970703125,522.760009765625,518.02001953125,519.3200073242188,216800,2026-07-02 14:30:00+00:00
519.1199951171875,520.3499755859375,517.969970703125,519.9199829101562,129697,2026-07-02 15:30:00+00:00
519.6900024414062,520.0549926757812,518.0700073242188,518.6699829101562,101404,2026-07-02 16:30:00+00:00
518.69287109375,521.405029296875,518.4299926757812,520.6300048828125,118853,2026-07-02 17:30:00+00:00
520.780029296875,525.8499755859375,520.6199951171875,525.280029296875,235079,2026-07-02 18:30:00+00:00
525.3499755859375,529.1400146484375,523.719970703125,527.9349975585938,354694,2026-07-02 19:30:00+00:00
528.5999755859375,529.9899291992188,512.3400268554688,517.7949829101562,217219,2026-07-06 13:30:00+00:00
517.7449951171875,524.7000122070312,517.530029296875,524.3200073242188,131750,2026-07-06 14:30:00+00:00
524.2899780273438,526.9400024414062,523.5100708007812,526.6824951171875,125908,2026-07-06 15:30:00+00:00
526.6849975585938,527.89990234375,525.2249755859375,526.719970703125,114325,2026-07-06 16:30:00+00:00
526.9000244140625,529.6099853515625,526.8250122070312,529.4400024414062,102833,2026-07-06 17:30:00+00:00
529.5399780273438,529.9000244140625,525.010009765625,525.125,106769,2026-07-06 18:30:00+00:00
525.2899780273438,529.9500122070312,525.2899780273438,529.469970703125,286573,2026-07-06 19:30:00+00:00
530.0,531.8599853515625,512.77001953125,516.780029296875,588396,2026-07-07 13:30:00+00:00
516.77001953125,521.9724731445312,516.2000122070312,520.72998046875,194262,2026-07-07 14:30:00+00:00
520.5399780273438,527.8499755859375,519.0399780273438,526.97998046875,262239,2026-07-07 15:30:00+00:00
526.97998046875,529.6900024414062,522.6400146484375,525.2999877929688,274236,2026-07-07 16:30:00+00:00
525.030029296875,525.8900146484375,523.5,523.5800170898438,143783,2026-07-07 17:30:00+00:00
523.9025268554688,525.169921875,520.5599975585938,521.2650146484375,164260,2026-07-07 18:30:00+00:00
521.1749877929688,524.6400146484375,520.6849975585938,522.1099853515625,337860,2026-07-07 19:30:00+00:00
523.0399780273438,525.8099975585938,513.75,514.1500244140625,240539,2026-07-08 13:30:00+00:00
514.1425170898438,516.1898803710938,510.8599853515625,511.32000732421875,184047,2026-07-08 14:30:00+00:00
511.19500732421875,512.3099975585938,509.7099914550781,510.6499938964844,184775,2026-07-08 15:30:00+00:00
510.57000732421875,511.260009765625,507.68499755859375,508.42498779296875,154036,2026-07-08 16:30:00+00:00
508.2300109863281,508.3599853515625,505.05499267578125,506.5799865722656,226164,2026-07-08 17:30:00+00:00
506.5400085449219,507.1300048828125,498.8861083984375,500.1600036621094,320750,2026-07-08 18:30:00+00:00
499.9700012207031,502.0450134277344,498.20001220703125,498.4700012207031,453444,2026-07-08 19:30:00+00:00
495.5799865722656,500.70001220703125,493.4599914550781,494.5400085449219,199983,2026-07-09 13:30:00+00:00
494.7799987792969,495.17999267578125,484.30999755859375,484.6700134277344,285518,2026-07-09 14:30:00+00:00
484.510009765625,489.67999267578125,482.1099853515625,486.989990234375,242188,2026-07-09 15:30:00+00:00
486.8399963378906,488.5,486.0899963378906,486.45001220703125,113247,2026-07-09 16:30:00+00:00
486.6449890136719,490.2099914550781,486.30999755859375,487.8399963378906,134264,2026-07-09 17:30:00+00:00
487.8450012207031,493.1000061035156,485.1400146484375,491.0299987792969,215330,2026-07-09 18:30:00+00:00
491.4849853515625,496.6300048828125,491.4849853515625,496.5,712820,2026-07-09 19:30:00+00:00
498.1499938964844,498.9100036621094,486.04998779296875,487.8299865722656,122860,2026-07-10 13:30:00+00:00
487.5299987792969,488.3900146484375,484.3299865722656,485.875,99745,2026-07-10 14:30:00+00:00
485.9849853515625,487.5350036621094,485.3599853515625,486.5050048828125,70584,2026-07-10 15:30:00+00:00
486.69000244140625,486.864990234375,485.1199951171875,485.81500244140625,53649,2026-07-10 16:30:00+00:00
485.70001220703125,487.05999755859375,485.32000732421875,485.8999938964844,50708,2026-07-10 17:30:00+00:00
486.1499938964844,487.1606140136719,485.3900146484375,486.625,68412,2026-07-10 18:30:00+00:00
486.6499938964844,486.82000732421875,484.5,485.3500061035156,169196,2026-07-10 19:30:00+00:00
482.6000061035156,484.32000732421875,475.20001220703125,475.3800048828125,150424,2026-07-13 13:30:00+00:00
475.5299987792969,479.3900146484375,474.7099914550781,477.2449951171875,114923,2026-07-13 14:30:00+00:00
477.0199890136719,478.42999267578125,476.7099914550781,477.1300048828125,71278,2026-07-13 15:30:00+00:00
477.3800048828125,481.2099914550781,477.2099914550781,480.82000732421875,105080,2026-07-13 16:30:00+00:00
481.0799865722656,483.05999755859375,480.6499938964844,482.1000061035156,54032,2026-07-13 17:30:00+00:00
482.1000061035156,482.8399963378906,481.0000915527344,481.54998779296875,105803,2026-07-13 18:30:00+00:00
481.510009765625,481.70001220703125,479.610107421875,480.239990234375,172785,2026-07-13 19:30:00+00:00
481.2850036621094,481.2850036621094,473.17999267578125,477.6099853515625,151200,2026-07-14 13:30:00+00:00
477.19000244140625,478.82000732421875,476.5299987792969,477.9649963378906,60509,2026-07-14 14:30:00+00:00
478.5199890136719,478.75,475.6600036621094,476.5350036621094,68680,2026-07-14 15:30:00+00:00
476.5899963378906,477.3299865722656,475.6000061035156,476.67999267578125,98198,2026-07-14 16:30:00+00:00
476.5199890136719,476.8799133300781,475.45001220703125,475.6700134277344,78473,2026-07-14 17:30:00+00:00
475.79998779296875,477.0899963378906,474.7099914550781,475.7099914550781,174322,2026-07-14 18:30:00+00:00
475.4599914550781,477.2900085449219,474.0899963378906,476.29998779296875,171686,2026-07-14 19:30:00+00:00
472.25,475.4800109863281,469.6000061035156,472.8399963378906,139405,2026-07-15 13:30:00+00:00
472.6449890136719,479.2200012207031,472.6449890136719,477.67999267578125,92629,2026-07-15 14:30:00+00:00
478.04998779296875,480.9599914550781,477.5574951171875,479.4700012207031,119873,2026-07-15 15:30:00+00:00
479.67999267578125,480.3999938964844,477.8399963378906,478.6199951171875,113069,2026-07-15 16:30:00+00:00
478.8599853515625,479.260009765625,477.1300048828125,477.6549987792969,102479,2026-07-15 17:30:00+00:00
477.6600036621094,478.5899963378906,476.9750061035156,477.1000061035156,111961,2026-07-15 18:30:00+00:00
476.989990234375,477.4599914550781,475.4700012207031,477.0799865722656,151606,2026-07-15 19:30:00+00:00
480.0,483.7699890136719,476.25,481.8949890136719,152403,2026-07-16 13:30:00+00:00
481.6000061035156,482.80499267578125,479.4700012207031,481.25,116019,2026-07-16 14:30:00+00:00
481.0,482.2099914550781,477.0799865722656,479.7799987792969,79195,2026-07-16 15:30:00+00:00
480.09930419921875,483.6700134277344,479.7699890136719,483.6700134277344,185976,2026-07-16 16:30:00+00:00
483.739990234375,486.7900085449219,483.5350036621094,484.489990234375,89841,2026-07-16 17:30:00+00:00
484.68218994140625,485.17999267578125,482.385009765625,482.4549865722656,100474,2026-07-16 18:30:00+00:00
482.6199951171875,487.29998779296875,481.9800109863281,486.19000244140625,204510,2026-07-16 19:30:00+00:00
483.510009765625,496.69000244140625,481.9750061035156,490.75,248474,2026-07-17 13:30:00+00:00
490.69000244140625,491.30999755859375,487.1499938964844,488.45001220703125,67895,2026-07-17 14:30:00+00:00
488.2200012207031,488.6000061035156,484.1199951171875,484.3800048828125,55315,2026-07-17 15:30:00+00:00
484.6199951171875,485.875,483.885009765625,484.2749938964844,53591,2026-07-17 16:30:00+00:00
484.1700134277344,484.989990234375,482.8800048828125,483.8999938964844,63595,2026-07-17 17:30:00+00:00
483.6700134277344,487.6400146484375,483.43939208984375,486.1400146484375,110961,2026-07-17 18:30:00+00:00
485.9200134277344,486.5,483.4200134277344,485.6400146484375,176290,2026-07-17 19:30:00+00:00
485.6499938964844,491.2300109863281,484.5299987792969,487.6300048828125,139544,2026-07-20 13:30:00+00:00
487.30999755859375,487.6549987792969,484.55010986328125,485.1531066894531,174838,2026-07-20 14:30:00+00:00
485.3349914550781,488.32000732421875,484.4800109863281,486.3999938964844,134920,2026-07-20 15:30:00+00:00
486.75,486.75,483.1499938964844,485.6099853515625,100264,2026-07-20 16:30:00+00:00
485.625,485.625,481.55999755859375,481.99749755859375,65592,2026-07-20 17:30:00+00:00
481.94000244140625,481.9700012207031,478.4800109863281,481.04998779296875,110400,2026-07-20 18:30:00+00:00
480.7300109863281,483.1600036621094,480.4200134277344,480.4200134277344,133417,2026-07-20 19:30:00+00:00
478.55499267578125,484.989990234375,473.55999755859375,482.5400085449219,145385,2026-07-21 13:30:00+00:00
482.5400085449219,483.0299987792969,479.1099853515625,481.44000244140625,111746,2026-07-21 14:30:00+00:00
481.5249938964844,481.9898986816406,479.1600036621094,480.7900085449219,72335,2026-07-21 15:30:00+00:00
480.40008544921875,480.8299865722656,479.0899963378906,479.9100036621094,101455,2026-07-21 16:30:00+00:00
480.010009765625,480.3699951171875,479.5000915527344,480.1499938964844,73327,2026-07-21 17:30:00+00:00
480.04998779296875,482.7200012207031,479.92999267578125,482.2300109863281,151175,2026-07-21 18:30:00+00:00
482.2449951171875,482.8900146484375,481.3599853515625,481.9100036621094,167272,2026-07-21 19:30:00+00:00
482.32000732421875,483.6600036621094,474.739990234375,476.2300109863281,130495,2026-07-22 13:30:00+00:00
476.2200012207031,477.61248779296875,474.4700012207031,475.57000732421875,123472,2026-07-22 14:30:00+00:00
475.4200134277344,475.75,472.32000732421875,473.17999267578125,91948,2026-07-22 15:30:00+00:00
472.8599853515625,473.2900085449219,471.5799865722656,473.010009765625,74557,2026-07-22 16:30:00+00:00
473.0,475.8500061035156,472.8900146484375,475.7900085449219,70497,2026-07-22 17:30:00+00:00
475.6650085449219,475.760009765625,472.30499267578125,473.1650085449219,108724,2026-07-22 18:30:00+00:00
473.239990234375,474.30999755859375,472.1600036621094,472.55999755859375,183229,2026-07-22 19:30:00+00:00
467.0899963378906,473.010009765625,465.0,471.3299865722656,144784,2026-07-23 13:30:00+00:00
471.3599853515625,477.67999267578125,471.05999755859375,475.20001220703125,101134,2026-07-23 14:30:00+00:00
475.07000732421875,476.760009765625,474.010009765625,475.4599914550781,98496,2026-07-23 15:30:00+00:00
475.4800109863281,476.0849914550781,474.57000732421875,474.6099853515625,80108,2026-07-23 16:30:00+00:00
474.6300048828125,474.82000732421875,473.0400085449219,474.2300109863281,76191,2026-07-23 17:30:00+00:00
474.42999267578125,474.6300048828125,473.0050048828125,473.1400146484375,99496,2026-07-23 18:30:00+00:00
473.1400146484375,473.9800109863281,471.1600036621094,473.0899963378906,294400,2026-07-23 19:30:00+00:00
